$MeshFormat
4.1 0 8
$EndMeshFormat
$PhysicalNames
7
2 1 "z_minus"
2 2 "z_plus"
2 3 "y_minus"
2 4 "x_plus"
2 5 "y_plus"
2 6 "x_minus"
3 7 "body"
$EndPhysicalNames
$Entities
8 12 6 1
1 0 0 0 0 
2 10 0 0 0 
3 10 2 0 0 
4 0 2 0 0 
5 0 0 1 0 
6 10 0 1 0 
7 10 2 1 0 
8 0 2 1 0 
1 0 0 0 10 0 0 0 2 1 -2 
2 10 0 0 10 2 0 0 2 2 -3 
3 0 2 0 10 2 0 0 2 3 -4 
4 0 0 0 0 2 0 0 2 4 -1 
5 0 0 1 10 0 1 0 2 5 -6 
6 10 0 1 10 2 1 0 2 6 -7 
7 0 2 1 10 2 1 0 2 7 -8 
8 0 0 1 0 2 1 0 2 8 -5 
9 0 0 0 0 0 1 0 2 1 -5 
10 10 0 0 10 0 1 0 2 2 -6 
11 10 2 0 10 2 1 0 2 3 -7 
12 0 2 0 0 2 1 0 2 4 -8 
1 0 0 0 10 2 0 1 1 4 1 2 3 4 
2 0 0 1 10 2 1 1 2 4 5 6 7 8 
3 0 0 0 10 0 1 1 3 4 1 10 -5 -9 
4 10 0 0 10 2 1 1 4 4 2 11 -6 -10 
5 0 2 0 10 2 1 1 5 4 3 12 -7 -11 
6 0 0 0 0 2 1 1 6 4 4 9 -8 -12 
1 0 0 0 10 2 1 1 7 6 1 2 3 4 5 6 
$EndEntities
$Nodes
27 1192 1 1192
0 1 0 1
1
0 0 0
0 2 0 1
2
10 0 0
0 3 0 1
3
10 2 0
0 4 0 1
4
0 2 0
0 5 0 1
5
0 0 1
0 6 0 1
6
10 0 1
0 7 0 1
7
10 2 1
0 8 0 1
8
0 2 1
1 1 0 33
9
10
11
12
13
14
15
16
17
18
19
20
21
22
23
24
25
26
27
28
29
30
31
32
33
34
35
36
37
38
39
40
41
0.2941176470586055 0 0
0.5882352941171235 0 0
0.8823529411757416 0 0
1.176470588234357 0 0
1.470588235292488 0 0
1.764705882350453 0 0
2.058823529408419 0 0
2.352941176466384 0 0
2.647058823524349 0 0
2.941176470582313 0 0
3.235294117640277 0 0
3.529411764698242 0 0
3.823529411756206 0 0
4.117647058814589 0 0
4.41176470587386 0 0
4.70588235293313 0 0
4.999999999992401 0 0
5.294117647051672 0 0
5.588235294110941 0 0
5.882352941170211 0 0
6.176470588229482 0 0
6.470588235288753 0 0
6.764705882348023 0 0
7.058823529407294 0 0
7.352941176466564 0 0
7.647058823525834 0 0
7.941176470585106 0 0
8.235294117644376 0 0
8.529411764703648 0 0
8.823529411762916 0 0
9.117647058822186 0 0
9.411764705881458 0 0
9.70588235294073 0 0
1 2 0 6
42
43
44
45
46
47
10 0.2857142857137332 0
10 0.5714285714271847 0
10 0.8571428571406363 0
10 1.142857142854881 0
10 1.42857142856992 0
10 1.71428571428496 0
1 3 0 33
48
49
50
51
52
53
54
55
56
57
58
59
60
61
62
63
64
65
66
67
68
69
70
71
72
73
74
75
76
77
78
79
80
9.705882352941176 2 0
9.411764705882351 2 0
9.117647058823529 2 0
8.823529411764705 2 0
8.52941176470588 2 0
8.235294117647056 2 0
7.941176470588231 2 0
7.647058823529408 2 0
7.352941176470583 2 0
7.05882352941176 2 0
6.764705882352937 2 0
6.470588235294113 2 0
6.17647058823529 2 0
5.882352941176467 2 0
5.588235294117644 2 0
5.294117647058821 2 0
4.999999999999996 2 0
4.705882352941174 2 0
4.411764705882351 2 0
4.117647058823527 2 0
3.823529411764703 2 0
3.52941176470588 2 0
3.235294117647057 2 0
2.941176470588234 2 0
2.64705882352941 2 0
2.352941176470588 2 0
2.058823529411763 2 0
1.76470588235294 2 0
1.470588235294116 2 0
1.176470588235293 2 0
0.8823529411764692 2 0
0.5882352941176467 2 0
0.2941176470588225 2 0
1 4 0 6
81
82
83
84
85
86
0 1.714285714284922 0
0 1.42857142857262 0
0 1.142857142860318 0
0 0.8571428571464292 0
0 0.571428571430953 0
0 0.2857142857154766 0
1 5 0 33
87
88
89
90
91
92
93
94
95
96
97
98
99
100
101
102
103
104
105
106
107
108
109
110
111
112
113
114
115
116
117
118
119
0.2941176470586055 0 1
0.5882352941171235 0 1
0.8823529411757416 0 1
1.176470588234357 0 1
1.470588235292488 0 1
1.764705882350453 0 1
2.058823529408419 0 1
2.352941176466384 0 1
2.647058823524349 0 1
2.941176470582313 0 1
3.235294117640277 0 1
3.529411764698242 0 1
3.823529411756206 0 1
4.117647058814589 0 1
4.41176470587386 0 1
4.70588235293313 0 1
4.999999999992401 0 1
5.294117647051672 0 1
5.588235294110941 0 1
5.882352941170211 0 1
6.176470588229482 0 1
6.470588235288753 0 1
6.764705882348023 0 1
7.058823529407294 0 1
7.352941176466564 0 1
7.647058823525834 0 1
7.941176470585106 0 1
8.235294117644376 0 1
8.529411764703648 0 1
8.823529411762916 0 1
9.117647058822186 0 1
9.411764705881458 0 1
9.70588235294073 0 1
1 6 0 6
120
121
122
123
124
125
10 0.2857142857137332 1
10 0.5714285714271847 1
10 0.8571428571406363 1
10 1.142857142854881 1
10 1.42857142856992 1
10 1.71428571428496 1
1 7 0 33
126
127
128
129
130
131
132
133
134
135
136
137
138
139
140
141
142
143
144
145
146
147
148
149
150
151
152
153
154
155
156
157
158
9.705882352941176 2 1
9.411764705882351 2 1
9.117647058823529 2 1
8.823529411764705 2 1
8.52941176470588 2 1
8.235294117647056 2 1
7.941176470588231 2 1
7.647058823529408 2 1
7.352941176470583 2 1
7.05882352941176 2 1
6.764705882352937 2 1
6.470588235294113 2 1
6.17647058823529 2 1
5.882352941176467 2 1
5.588235294117644 2 1
5.294117647058821 2 1
4.999999999999996 2 1
4.705882352941174 2 1
4.411764705882351 2 1
4.117647058823527 2 1
3.823529411764703 2 1
3.52941176470588 2 1
3.235294117647057 2 1
2.941176470588234 2 1
2.64705882352941 2 1
2.352941176470588 2 1
2.058823529411763 2 1
1.76470588235294 2 1
1.470588235294116 2 1
1.176470588235293 2 1
0.8823529411764692 2 1
0.5882352941176467 2 1
0.2941176470588225 2 1
1 8 0 6
159
160
161
162
163
164
0 1.714285714284922 1
0 1.42857142857262 1
0 1.142857142860318 1
0 0.8571428571464292 1
0 0.571428571430953 1
0 0.2857142857154766 1
1 9 0 3
165
166
167
0 0 0.2499999999994109
0 0 0.4999999999986919
0 0 0.7499999999993401
1 10 0 3
168
169
170
10 0 0.2499999999994109
10 0 0.4999999999986919
10 0 0.7499999999993401
1 11 0 3
171
172
173
10 2 0.2499999999994109
10 2 0.4999999999986919
10 2 0.7499999999993401
1 12 0 3
174
175
176
0 2 0.2499999999994109
0 2 0.4999999999986919
0 2 0.7499999999993401
2 1 0 236
177
178
179
180
181
182
183
184
185
186
187
188
189
190
191
192
193
194
195
196
197
198
199
200
201
202
203
204
205
206
207
208
209
210
211
212
213
214
215
216
217
218
219
220
221
222
223
224
225
226
227
228
229
230
231
232
233
234
235
236
237
238
239
240
241
242
243
244
245
246
247
248
249
250
251
252
253
254
255
256
257
258
259
260
261
262
263
264
265
266
267
268
269
270
271
272
273
274
275
276
277
278
279
280
281
282
283
284
285
286
287
288
289
290
291
292
293
294
295
296
297
298
299
300
301
302
303
304
305
306
307
308
309
310
311
312
313
314
315
316
317
318
319
320
321
322
323
324
325
326
327
328
329
330
331
332
333
334
335
336
337
338
339
340
341
342
343
344
345
346
347
348
349
350
351
352
353
354
355
356
357
358
359
360
361
362
363
364
365
366
367
368
369
370
371
372
373
374
375
376
377
378
379
380
381
382
383
384
385
386
387
388
389
390
391
392
393
394
395
396
397
398
399
400
401
402
403
404
405
406
407
408
409
410
411
412
0.2629899351376926 0.9999807868474617 0
9.724967002289533 0.9792053633164594 0
1.619712996623071 0.2534496733514187 0
2.502343020464507 0.2533603251469652 0
3.38492675096418 0.2532274354261888 0
4.263899794310556 0.2528769602620164 0
8.673273042240538 1.736749671448389 0
7.791646281899396 1.734055652976174 0
6.910646885281434 1.737720442378139 0
6.02815282744122 1.738690844182856 0
5.145311314127495 1.743759735736641 0
3.676050002331133 1.745529909170139 0
2.793673691255739 1.744753778325518 0
1.911280448549712 1.74514284309515 0
5.738472678022628 0.2528782078879313 0
6.621048590090252 0.2527494791833541 0
7.499867313095486 0.2378557972433387 0
8.384624207817806 0.2417445284049484 0
1.028540097954787 1.74537258092786 0
4.855894629130836 0.2530081730712944 0
1.026220715776109 0.2529921907455577 0
4.263393808289131 1.741855697055214 0
8.970588235292551 0.2547133540546326 0
9.259489956952603 1.731202687301634 0
0.4532420782935787 1.752443858661447 0
9.55753230977701 0.2358190629180225 0
0.4533228562455537 0.247505548687182 0
9.788906251009717 1.564036147659888 0
0.7371392680598519 1.746971480868532 0
0.8814945241712434 1.492021688139055 0
1.174177305138533 1.490907306171867 0
1.026721937729598 1.238241816948708 0
1.319487235916236 1.2368197076835 0
1.172018230488633 0.9866128868139046 0
1.465054454085397 0.9862273673255593 0
0.8784453989891602 0.991714542677989 0
1.612644830078541 1.236355439261761 0
1.76142701050527 0.9868568621441733 0
1.906752230833964 1.235830939923553 0
2.055682677856183 0.9826774270386252 0
2.200726654437101 1.234321017075118 0
2.346690298132812 0.9829381145012982 0
2.494212208340348 1.233408203360767 0
2.643414344842503 0.9838919752109352 0
2.788600635416057 1.232644667868682 0
2.937952879391399 0.979352352591133 0
3.08279565377689 1.230978827014143 0
3.228839520174006 0.9797097654320944 0
3.376100653099821 1.229059173354591 0
3.52582597315242 0.9806827484311675 0
3.672143155938679 1.231934678860345 0
3.820716484415386 0.9764397687078372 0
3.965830657205629 1.229678529210596 0
4.111327408639941 0.9725241018194805 0
4.258838637541634 1.227497703527787 0
4.404671963370317 0.9707111890181968 0
4.552639394875379 1.226037145201843 0
4.698623603021918 0.9739585874169326 0
4.846679445193141 1.22687789968142 0
4.996655915641874 0.9761074493512527 0
5.141434469285071 1.226580674946266 0
5.291511612115617 0.9710309660863101 0
5.435768636553176 1.222234380801595 0
5.581848805613264 0.9712895974257625 0
5.729289068270803 1.220400988086267 0
5.879427881421535 0.9726294241382896 0
6.023882369885745 1.219523044001133 0
6.17418018201429 0.9670222270247826 0
6.318184845430952 1.21800294547774 0
6.464261021139603 0.9678281863138334 0
6.611657489081176 1.216752963448069 0
6.76202249822477 0.9694897725896571 0
6.90627330682455 1.21602584512903 0
7.05680779713168 0.9636621303834727 0
7.200584992985563 1.214472907518619 0
7.346643424175269 0.9591039493925138 0
7.493670802924203 1.212363563433059 0
7.639875576610931 0.9571979760192417 0
7.787816760446825 1.211193369247476 0
7.933847016425329 0.9558987228088354 0
8.081901242755066 1.209976384233692 0
8.227972446959175 0.9547471500370162 0
8.37451142092416 1.207938891690112 0
8.52173132724673 0.9535417923596436 0
8.665118815905908 1.209374473465802 0
8.815027881954769 0.9531484781613796 0
8.959336573625087 1.209178228610657 0
9.108037267188962 0.9528338455886246 0
9.254681789243985 1.205360139730076 0
2.205558751967941 0.7403089546556567 0
3.088229448509821 0.7380187474421011 0
3.963409034439602 0.7202998508761046 0
1.319034635324457 0.74509497017476 0
5.442505335528375 0.732064984500455 0
6.325379940540257 0.7296350520171055 0
7.198935265213038 0.7078691090575545 0
8.080012835452198 0.7064303033317439 0
4.55374849427694 0.7267665422220759 0
8.667938549106641 0.6988492441203381 0
8.229701961489411 1.467250199473351 0
7.348107247548425 1.468589127465651 0
6.466935536963513 1.474049045991414 0
5.584571961596674 1.477088454871003 0
4.70157784226507 1.482556682891541 0
3.23248409849788 1.487235216310062 0
2.347979574116336 1.487738511978189 0
9.405562929917616 0.9566869320413744 0
9.255195637122092 0.7034515958296135 0
9.549820471149363 0.7031974739049229 0
9.107846402732076 1.466447069444299 0
9.387235631832185 1.46174308730774 0
4.11379977030656 1.485447538735505 0
8.963631724919077 1.735456698729493 0
8.814090019665658 1.469172861601528 0
1.761138701466177 1.490028442801044 0
1.322055714561187 1.744665342128488 0
0.5910608683894149 1.493955388857632 0
0.2727328176751981 1.526373610760543 0
0.4423166284645316 1.254972271336805 0
9.2625610398406 0.2407051667616285 0
0.7356728754694719 0.2544946781229771 0
0.5888204892791769 0.5051656248179079 0
0.272379600916286 0.4734754092189914 0
0.440059551505562 0.74370320605885 0
0.8761869382828007 0.502302639145624 0
8.963906303856383 0.7044954926055336 0
0.7347548734514879 1.245140783370064 0
9.528835083695824 1.216256339346074 0
8.676569126457082 0.2511063748381033 0
1.322988164477653 0.2537313087837516 0
8.374964956796454 0.7056122306361605 0
7.936844536377789 1.472373030627163 0
7.642308290567908 1.470976941769297 0
7.497564675987967 1.732615331763333 0
2.937963896565422 1.48737703982414 0
5.290509050468775 1.484683251143768 0
7.790469734295129 0.7054294894204364 0
7.942885556752051 0.4706535528606789 0
7.497542621107127 0.712554057652337 0
6.172957888003594 1.477842184243501 0
7.054724494229934 1.471154313043636 0
3.969750155118572 0.2528468451736085 0
3.675222896439172 0.250768386106659 0
3.531466272121233 0.4947492376526058 0
4.560586449091192 0.2488413356932851 0
5.14601567814912 0.250549434764648 0
5.002921164717745 0.4926989091622174 0
5.443175551399467 0.2479986506802818 0
3.969237657975793 1.744143900681705 0
4.407594952877265 1.485456664294692 0
4.557192473120929 1.742994187372539 0
2.205439232133721 1.745066233797724 0
2.499071981618565 1.744647083455148 0
3.382352941176511 1.745286645945778 0
3.526689457897288 1.488512647128381 0
3.08746546685872 1.743509029403419 0
6.325964875730084 0.2482462249857028 0
6.028814446578846 0.2491536993068634 0
5.885847027571515 0.4912583005245653 0
7.204300105779071 0.2486723024351608 0
6.910537731611702 0.2489068604529123 0
6.768589655106486 0.4900094190624065 0
8.087181258783671 1.738411035512394 0
8.380318762297129 1.725443937280394 0
5.44078516494679 1.743590027639502 0
5.734031715257995 1.735222244288415 0
4.99561667122647 1.489208852403641 0
6.323017729559465 1.741801513412452 0
6.616387560411365 1.733171295158543 0
3.089709739167477 0.2498898709013009 0
2.793225741862532 0.2505936148648189 0
2.648706865765671 0.4959260157261292 0
2.207144182806408 0.250340894566858 0
1.910847639706257 0.2509790720085608 0
1.76607729810875 0.4971733288973137 0
4.25704907722784 0.7244532403626626 0
2.642805056442472 1.487552401505867 0
2.054445358720672 1.488788136929267 0
1.615652912319199 1.744960281631578 0
1.467526116579979 1.490622753279706 0
7.203801334821684 1.735013202441793 0
6.761104212131994 1.474812317524805 0
5.878814305076006 1.478127959945529 0
4.850930108946855 1.743086576400727 0
3.820733911055997 1.488823788773471 0
8.519161166657589 1.463693601677229 0
0.5826298762942952 0.9986226223121164 0
0.7275429290972933 0.7505454788863608 0
1.478872405650666 0.5014485917660829 0
9.565082615107793 1.708306084005883 0
1.024425191596853 0.7472526278237349 0
2.350947446049495 0.4964257008781628 0
1.174621341851423 0.5004703880732517 0
3.233411430825452 0.4951609994641316 0
9.747489401730611 0.4429464946416197 0
1.618752364153254 0.7421851828817101 0
4.703384176927894 0.4917503857185417 0
1.909579406876871 0.740311987538512 0
2.058359120919286 0.495923323090844 0
5.586989572161125 0.4916303277864058 0
2.500171624868229 0.7388247384858311 0
2.791747122881637 0.7378167123433774 0
6.469606642354941 0.4904431734469182 0
2.940838391502098 0.4945676601236431 0
3.382874829059182 0.7365008409667808 0
3.677778900569347 0.7323122339601027 0
8.085731727507472 0.2365148686697335 0
3.819085907948741 0.4896902530447851 0
4.111395998502174 0.488175438044735 0
4.408343998389432 0.488810650383886 0
5.143863258762622 0.7332118066447888 0
4.849866102224832 0.7324156134193014 0
6.026523196398014 0.7307249126159762 0
5.294245093453076 0.4913590189231327 0
5.733856969782304 0.7315995911652423 0
6.907563626177094 0.7252118185066855 0
6.17702268819561 0.4899102271495218 0
6.616237230590525 0.7287695703227676 0
7.643067131840922 0.4725443395441064 0
7.049642398698436 0.4825926738549838 0
7.347393985158979 0.4784606617004291 0
9.415174314365093 0.4665737207893342 0
9.118447026570887 0.4733225306801985 0
8.822312110352172 0.4753808014702048 0
8.2329385081716 0.4724989454275202 0
7.793297837217811 0.2362614263863096 0
8.526557909783625 0.4741986874828792 0
9.785016143495277 1.286819247856698 0
9.804455375033902 0.7107841520861646 0
0.198192863248447 1.270190441103317 0
0.1977837400878035 0.7295597093867843 0
0.2166747397866036 1.785479413936726 0
0.2166747397863177 0.2145205860631372 0
9.80120276932352 1.79487996402119 0
9.791209219787392 0.2064047453248476 0
9.61101514502816 1.447432181235256 0
2 2 0 236
413
414
415
416
417
418
419
420
421
422
423
424
425
426
427
428
429
430
431
432
433
434
435
436
437
438
439
440
441
442
443
444
445
446
447
448
449
450
451
452
453
454
455
456
457
458
459
460
461
462
463
464
465
466
467
468
469
470
471
472
473
474
475
476
477
478
479
480
481
482
483
484
485
486
487
488
489
490
491
492
493
494
495
496
497
498
499
500
501
502
503
504
505
506
507
508
509
510
511
512
513
514
515
516
517
518
519
520
521
522
523
524
525
526
527
528
529
530
531
532
533
534
535
536
537
538
539
540
541
542
543
544
545
546
547
548
549
550
551
552
553
554
555
556
557
558
559
560
561
562
563
564
565
566
567
568
569
570
571
572
573
574
575
576
577
578
579
580
581
582
583
584
585
586
587
588
589
590
591
592
593
594
595
596
597
598
599
600
601
602
603
604
605
606
607
608
609
610
611
612
613
614
615
616
617
618
619
620
621
622
623
624
625
626
627
628
629
630
631
632
633
634
635
636
637
638
639
640
641
642
643
644
645
646
647
648
0.2629899351376926 0.9999807868474617 1
9.724967002289533 0.9792053633164594 1
1.619712996623071 0.2534496733514187 1
2.502343020464507 0.2533603251469652 1
3.38492675096418 0.2532274354261888 1
4.263899794310556 0.2528769602620164 1
8.673273042240538 1.736749671448389 1
7.791646281899396 1.734055652976174 1
6.910646885281434 1.737720442378139 1
6.02815282744122 1.738690844182856 1
5.145311314127495 1.743759735736641 1
3.676050002331133 1.745529909170139 1
2.793673691255739 1.744753778325518 1
1.911280448549712 1.74514284309515 1
5.738472678022628 0.2528782078879313 1
6.621048590090252 0.2527494791833541 1
7.499867313095486 0.2378557972433387 1
8.384624207817806 0.2417445284049484 1
1.028540097954787 1.74537258092786 1
4.855894629130836 0.2530081730712944 1
1.026220715776109 0.2529921907455577 1
4.263393808289131 1.741855697055214 1
8.970588235292551 0.2547133540546326 1
9.259489956952603 1.731202687301634 1
0.4532420782935787 1.752443858661447 1
9.55753230977701 0.2358190629180225 1
0.4533228562455537 0.247505548687182 1
9.788906251009717 1.564036147659888 1
0.7371392680598519 1.746971480868532 1
0.8814945241712434 1.492021688139055 1
1.174177305138533 1.490907306171867 1
1.026721937729598 1.238241816948708 1
1.319487235916236 1.2368197076835 1
1.172018230488633 0.9866128868139046 1
1.465054454085397 0.9862273673255593 1
0.8784453989891602 0.991714542677989 1
1.612644830078541 1.236355439261761 1
1.76142701050527 0.9868568621441733 1
1.906752230833964 1.235830939923553 1
2.055682677856183 0.9826774270386252 1
2.200726654437101 1.234321017075118 1
2.346690298132812 0.9829381145012982 1
2.494212208340348 1.233408203360767 1
2.643414344842503 0.9838919752109352 1
2.788600635416057 1.232644667868682 1
2.937952879391399 0.979352352591133 1
3.08279565377689 1.230978827014143 1
3.228839520174006 0.9797097654320944 1
3.376100653099821 1.229059173354591 1
3.52582597315242 0.9806827484311675 1
3.672143155938679 1.231934678860345 1
3.820716484415386 0.9764397687078372 1
3.965830657205629 1.229678529210596 1
4.111327408639941 0.9725241018194805 1
4.258838637541634 1.227497703527787 1
4.404671963370317 0.9707111890181968 1
4.552639394875379 1.226037145201843 1
4.698623603021918 0.9739585874169326 1
4.846679445193141 1.22687789968142 1
4.996655915641874 0.9761074493512527 1
5.141434469285071 1.226580674946266 1
5.291511612115617 0.9710309660863101 1
5.435768636553176 1.222234380801595 1
5.581848805613264 0.9712895974257625 1
5.729289068270803 1.220400988086267 1
5.879427881421535 0.9726294241382896 1
6.023882369885745 1.219523044001133 1
6.17418018201429 0.9670222270247826 1
6.318184845430952 1.21800294547774 1
6.464261021139603 0.9678281863138334 1
6.611657489081176 1.216752963448069 1
6.76202249822477 0.9694897725896571 1
6.90627330682455 1.21602584512903 1
7.05680779713168 0.9636621303834727 1
7.200584992985563 1.214472907518619 1
7.346643424175269 0.9591039493925138 1
7.493670802924203 1.212363563433059 1
7.639875576610931 0.9571979760192417 1
7.787816760446825 1.211193369247476 1
7.933847016425329 0.9558987228088354 1
8.081901242755066 1.209976384233692 1
8.227972446959175 0.9547471500370162 1
8.37451142092416 1.207938891690112 1
8.52173132724673 0.9535417923596436 1
8.665118815905908 1.209374473465802 1
8.815027881954769 0.9531484781613796 1
8.959336573625087 1.209178228610657 1
9.108037267188962 0.9528338455886246 1
9.254681789243985 1.205360139730076 1
2.205558751967941 0.7403089546556567 1
3.088229448509821 0.7380187474421011 1
3.963409034439602 0.7202998508761046 1
1.319034635324457 0.74509497017476 1
5.442505335528375 0.732064984500455 1
6.325379940540257 0.7296350520171055 1
7.198935265213038 0.7078691090575545 1
8.080012835452198 0.7064303033317439 1
4.55374849427694 0.7267665422220759 1
8.667938549106641 0.6988492441203381 1
8.229701961489411 1.467250199473351 1
7.348107247548425 1.468589127465651 1
6.466935536963513 1.474049045991414 1
5.584571961596674 1.477088454871003 1
4.70157784226507 1.482556682891541 1
3.23248409849788 1.487235216310062 1
2.347979574116336 1.487738511978189 1
9.405562929917616 0.9566869320413744 1
9.255195637122092 0.7034515958296135 1
9.549820471149363 0.7031974739049229 1
9.107846402732076 1.466447069444299 1
9.387235631832185 1.46174308730774 1
4.11379977030656 1.485447538735505 1
8.963631724919077 1.735456698729493 1
8.814090019665658 1.469172861601528 1
1.761138701466177 1.490028442801044 1
1.322055714561187 1.744665342128488 1
0.5910608683894149 1.493955388857632 1
0.2727328176751981 1.526373610760543 1
0.4423166284645316 1.254972271336805 1
9.2625610398406 0.2407051667616285 1
0.7356728754694719 0.2544946781229771 1
0.5888204892791769 0.5051656248179079 1
0.272379600916286 0.4734754092189914 1
0.440059551505562 0.74370320605885 1
0.8761869382828007 0.502302639145624 1
8.963906303856383 0.7044954926055336 1
0.7347548734514879 1.245140783370064 1
9.528835083695824 1.216256339346074 1
8.676569126457082 0.2511063748381033 1
1.322988164477653 0.2537313087837516 1
8.374964956796454 0.7056122306361605 1
7.936844536377789 1.472373030627163 1
7.642308290567908 1.470976941769297 1
7.497564675987967 1.732615331763333 1
2.937963896565422 1.48737703982414 1
5.290509050468775 1.484683251143768 1
7.790469734295129 0.7054294894204364 1
7.942885556752051 0.4706535528606789 1
7.497542621107127 0.712554057652337 1
6.172957888003594 1.477842184243501 1
7.054724494229934 1.471154313043636 1
3.969750155118572 0.2528468451736085 1
3.675222896439172 0.250768386106659 1
3.531466272121233 0.4947492376526058 1
4.560586449091192 0.2488413356932851 1
5.14601567814912 0.250549434764648 1
5.002921164717745 0.4926989091622174 1
5.443175551399467 0.2479986506802818 1
3.969237657975793 1.744143900681705 1
4.407594952877265 1.485456664294692 1
4.557192473120929 1.742994187372539 1
2.205439232133721 1.745066233797724 1
2.499071981618565 1.744647083455148 1
3.382352941176511 1.745286645945778 1
3.526689457897288 1.488512647128381 1
3.08746546685872 1.743509029403419 1
6.325964875730084 0.2482462249857028 1
6.028814446578846 0.2491536993068634 1
5.885847027571515 0.4912583005245653 1
7.204300105779071 0.2486723024351608 1
6.910537731611702 0.2489068604529123 1
6.768589655106486 0.4900094190624065 1
8.087181258783671 1.738411035512394 1
8.380318762297129 1.725443937280394 1
5.44078516494679 1.743590027639502 1
5.734031715257995 1.735222244288415 1
4.99561667122647 1.489208852403641 1
6.323017729559465 1.741801513412452 1
6.616387560411365 1.733171295158543 1
3.089709739167477 0.2498898709013009 1
2.793225741862532 0.2505936148648189 1
2.648706865765671 0.4959260157261292 1
2.207144182806408 0.250340894566858 1
1.910847639706257 0.2509790720085608 1
1.76607729810875 0.4971733288973137 1
4.25704907722784 0.7244532403626626 1
2.642805056442472 1.487552401505867 1
2.054445358720672 1.488788136929267 1
1.615652912319199 1.744960281631578 1
1.467526116579979 1.490622753279706 1
7.203801334821684 1.735013202441793 1
6.761104212131994 1.474812317524805 1
5.878814305076006 1.478127959945529 1
4.850930108946855 1.743086576400727 1
3.820733911055997 1.488823788773471 1
8.519161166657589 1.463693601677229 1
0.5826298762942952 0.9986226223121164 1
0.7275429290972933 0.7505454788863608 1
1.478872405650666 0.5014485917660829 1
9.565082615107793 1.708306084005883 1
1.024425191596853 0.7472526278237349 1
2.350947446049495 0.4964257008781628 1
1.174621341851423 0.5004703880732517 1
3.233411430825452 0.4951609994641316 1
9.747489401730611 0.4429464946416197 1
1.618752364153254 0.7421851828817101 1
4.703384176927894 0.4917503857185417 1
1.909579406876871 0.740311987538512 1
2.058359120919286 0.495923323090844 1
5.586989572161125 0.4916303277864058 1
2.500171624868229 0.7388247384858311 1
2.791747122881637 0.7378167123433774 1
6.469606642354941 0.4904431734469182 1
2.940838391502098 0.4945676601236431 1
3.382874829059182 0.7365008409667808 1
3.677778900569347 0.7323122339601027 1
8.085731727507472 0.2365148686697335 1
3.819085907948741 0.4896902530447851 1
4.111395998502174 0.488175438044735 1
4.408343998389432 0.488810650383886 1
5.143863258762622 0.7332118066447888 1
4.849866102224832 0.7324156134193014 1
6.026523196398014 0.7307249126159762 1
5.294245093453076 0.4913590189231327 1
5.733856969782304 0.7315995911652423 1
6.907563626177094 0.7252118185066855 1
6.17702268819561 0.4899102271495218 1
6.616237230590525 0.7287695703227676 1
7.643067131840922 0.4725443395441064 1
7.049642398698436 0.4825926738549838 1
7.347393985158979 0.4784606617004291 1
9.415174314365093 0.4665737207893342 1
9.118447026570887 0.4733225306801985 1
8.822312110352172 0.4753808014702048 1
8.2329385081716 0.4724989454275202 1
7.793297837217811 0.2362614263863096 1
8.526557909783625 0.4741986874828792 1
9.785016143495277 1.286819247856698 1
9.804455375033902 0.7107841520861646 1
0.198192863248447 1.270190441103317 1
0.1977837400878035 0.7295597093867843 1
0.2166747397866036 1.785479413936726 1
0.2166747397863177 0.2145205860631372 1
9.80120276932352 1.79487996402119 1
9.791209219787392 0.2064047453248476 1
9.61101514502816 1.447432181235256 1
2 3 0 105
649
650
651
652
653
654
655
656
657
658
659
660
661
662
663
664
665
666
667
668
669
670
671
672
673
674
675
676
677
678
679
680
681
682
683
684
685
686
687
688
689
690
691
692
693
694
695
696
697
698
699
700
701
702
703
704
705
706
707
708
709
710
711
712
713
714
715
716
717
718
719
720
721
722
723
724
725
726
727
728
729
730
731
732
733
734
735
736
737
738
739
740
741
742
743
744
745
746
747
748
749
750
751
752
753
3.38235294116926 0 0.2547133540535023
2.794117647053331 0 0.7452866459464975
2.204547377309793 0 0.7460573944844571
1.617647058821471 0 0.2547133540535035
3.970588235285398 0 0.7452866459463161
1.029834773997233 0 0.2522297144000405
8.676470588233281 0 0.7452866459453682
5.441176470581305 0 0.2547133540546326
7.499999999996199 0 0.7452866459453673
6.911764705877654 0 0.7452866459453666
4.558823529403493 0 0.2547133540546334
8.088235294114735 0 0.7452866459453666
6.323529411759119 0 0.7452866459453662
9.261668973597398 0 0.7501822374083342
0.4274526245152738 0 0.7419855048628534
2.499046445975646 0 0.2507747825151246
1.323529411763422 0 0.7452866459464248
8.382352941174016 0 0.2547133540546326
5.735294117640577 0 0.745286645945367
7.205882352936933 0 0.254713354054633
8.970588235292553 0 0.2547133540546326
5.147058823522037 0 0.7452866459453666
6.029411764699844 0 0.2547133540546338
7.794117647055469 0 0.254713354054633
9.57256413459009 0 0.2576155913779608
6.617647058818391 0 0.2547133540546334
0.2083132697686171 0 0.3831086580344015
9.792370486172263 0 0.6178686892513694
3.38235294116926 0 0.7452866459464977
3.970588235285397 0 0.2547133540536838
4.558823529403494 0 0.7452866459453666
0.7346255938979463 0 0.7458852838444109
0.6049767034621749 0 0.4982664186609019
1.027751091066019 0 0.7462454363184632
9.265934251101463 0 0.2533223467986236
4.264705882343662 0 0.2547133540537985
4.264705882344226 0 0.7452866459458756
1.323427299263894 0 0.2529817644561086
1.617647058821471 0 0.7452866459464965
3.676470588227329 0 0.2547133540536844
3.676470588227328 0 0.7452866459463156
8.088235294114753 0 0.25471335405465
6.32352941175912 0 0.2547133540546338
7.20588235293692 0 0.7452866459453558
8.382352941173997 0 0.7452866459453464
8.970588235292555 0 0.7452866459453638
4.852941176462763 0 0.2547133540546356
3.088235294111294 0 0.2547133540535023
6.911764705877665 0 0.2547133540546405
4.852941176462765 0 0.7452866459453664
5.147058823522033 0 0.2547133540546379
3.088235294111297 0 0.745286645946495
1.911542209941501 0 0.7469864986743437
2.055893999558944 0 0.497269530841966
6.029411764699846 0 0.7452866459453684
5.441176470581305 0 0.7452866459453715
2.498442528429823 0 0.747756970591953
5.735294117640573 0 0.2547133540546357
8.676470588233283 0 0.2547133540546325
2.794036562527844 0 0.2527752598568708
7.79411764705547 0 0.7452866459453688
7.499999999996196 0 0.2547133540546238
6.617647058818392 0 0.7452866459453735
0.7418869280985423 0 0.2500856286526297
0.8847035286448615 0 0.4992542101726969
0.4296156443180151 0 0.2578736521821263
1.174846735948833 0 0.5009735622002157
0.2165063509458817 0 0.6249999999990161
2.351811921289326 0 0.4978572774429791
1.911276450904523 0 0.2495449218069946
9.396176914189461 0 0.5028209685826731
9.11696802762026 0 0.5002290450749469
2.64643859597638 0 0.4990751560589044
2.941176470582313 0 0.5000000000000011
3.235294117640281 0 0.5000000000000001
3.529411764698256 0 0.5000000000000002
1.470483402640411 0 0.4999540593005876
3.823529411756359 0 0.5000000000000004
4.117647058814546 0 0.4999999999999439
4.411764705873328 0 0.4999999999998047
7.647058823525835 0 0.4999999999999989
8.823529411762914 0 0.4999999999999953
5.588235294110939 0 0.5000000000000011
6.176470588229482 0 0.4999999999999988
5.294117647051672 0 0.500000000000002
7.352941176466562 0 0.4999999999999986
6.470588235288757 0 0.4999999999999983
7.94117647058511 0 0.5000000000000002
5.882352941170208 0 0.5000000000000007
4.705882352933039 0 0.4999999999999681
6.764705882348022 0 0.5000000000000038
4.999999999992384 0 0.4999999999999961
8.529411764703651 0 0.4999999999999999
7.058823529407288 0 0.5000000000000027
8.235294117644377 0 0.4999999999999993
2.204965587267207 0 0.2492410854345107
1.764705882350453 0 0.5000016597221238
9.783493649054513 0 0.3749999999990514
9.571156410605546 0 0.7424595764731118
0.3773729186019925 0 0.5012468467478598
0.1876153245039522 0 0.8233971009722419
0.1864093122290476 0 0.1781964620431878
9.812388027317066 0 0.1765231182752846
9.813881849943709 0 0.8220656531447643
9.623152318922374 0 0.4991529651368333
2 4 0 24
754
755
756
757
758
759
760
761
762
763
764
765
766
767
768
769
770
771
772
773
774
775
776
777
10 0.7176273907439336 0.2485699587579867
10 1.283139573155281 0.7472709285735603
10 0.4161410812394735 0.7454227334425152
10 1.583317712601065 0.255208219940128
10 1.79659216125329 0.6185399175617272
10 0.2034166477755486 0.3814601340604045
10 1.28875144157961 0.2476404297918484
10 1.413997158430311 0.5007643833405837
10 1.140594104357754 0.4959984401263567
10 0.9984830117173735 0.7457181742236197
10 0.7104703644794932 0.7547669635846583
10 0.5866013443550611 0.4965801534345997
10 1.000685376252017 0.2474799418769953
10 0.859076931984272 0.4981856053340361
10 1.58251308334994 0.7414215289893941
10 0.4176907923478613 0.2576050117918651
10 0.1964146973365931 0.6170367540012777
10 1.803505378837767 0.3830684651221086
10 1.818678191777638 0.8219922893100924
10 0.1813643451674286 0.1778130291703361
10 0.17965401285796 0.8224918974886267
10 1.820221761144759 0.1776553370123295
10 0.3640529126109075 0.4996209573461324
10 1.635985098894475 0.4998005029907884
2 5 0 105
778
779
780
781
782
783
784
785
786
787
788
789
790
791
792
793
794
795
796
797
798
799
800
801
802
803
804
805
806
807
808
809
810
811
812
813
814
815
816
817
818
819
820
821
822
823
824
825
826
827
828
829
830
831
832
833
834
835
836
837
838
839
840
841
842
843
844
845
846
847
848
849
850
851
852
853
854
855
856
857
858
859
860
861
862
863
864
865
866
867
868
869
870
871
872
873
874
875
876
877
878
879
880
881
882
2.206835906961043 2 0.7492252174847549
1.617647058823528 2 0.2547133540542457
1.028536124621506 2 0.2516874721736784
9.260323610633206 2 0.2474410486601913
5.735294117647054 2 0.2547133540542457
4.852941176470584 2 0.2547133540542457
3.676470588235292 2 0.7452866459457543
2.794117647058821 2 0.25314195941581
7.499999999999996 2 0.7452866459457534
6.617647058823527 2 0.7452866459457534
4.264705882352938 2 0.2547133540542465
8.088235294117643 2 0.7452866459457531
8.676479196772515 2 0.7468642821374096
0.4268549790983499 2 0.7425034948548772
5.147058823529409 2 0.7452866459457539
6.02941176470588 2 0.7452866459457539
1.323529411764705 2 0.7452866459457543
3.382352941176469 2 0.2547133540542461
4.558823529411764 2 0.7452866459457539
7.205882352941174 2 0.2547133540542465
3.088235294117645 2 0.7452866459457534
6.323529411764699 2 0.2547133540542465
7.794117647058815 2 0.2547133540542465
8.382352941176464 2 0.2547133540542473
9.572548810990131 2 0.7423759694306054
0.208338816133117 2 0.3834307495901974
9.792370309399146 2 0.3821313107469642
2.20721732856899 2 0.2523714874980832
0.7311580882352254 2 0.7476745836400513
0.6028879889948815 2 0.4994056160410649
1.025355543543226 2 0.746712157351159
9.265392366760928 2 0.7466165068014018
8.969377615044809 2 0.7465482713546369
8.820668821704928 2 0.4973376530709277
6.617647058823528 2 0.2547133540542465
1.911845790407851 2 0.7472247401426915
7.205882352941178 2 0.7452866459457534
5.735294117647055 2 0.7452866459457543
5.147058823529409 2 0.2547133540542461
1.911878224218051 2 0.2529110340905432
3.382352941176467 2 0.745286645945752
4.264705882352938 2 0.7452866459457534
5.44117647058823 2 0.2547133540542461
2.501557471565782 2 0.2532903953170654
2.649988353379336 2 0.5026431771402277
6.911764705882355 2 0.7452866459457479
1.617650576651409 2 0.7461886794046388
1.323300993650889 2 0.252945173846317
5.441176470588234 2 0.7452866459457523
8.382353314655273 2 0.7461731204919196
8.088235294117631 2 0.2547133540542543
6.323529411764705 2 0.7452866459457502
3.970588235294115 2 0.2547133540542459
3.676470588235292 2 0.2547133540542458
3.970588235294115 2 0.7452866459457541
4.852941176470588 2 0.7452866459457517
3.088235294117646 2 0.2538271577394496
7.794117647058824 2 0.7452866459457447
6.029411764705873 2 0.254713354054253
4.558823529411762 2 0.254713354054246
6.911764705882353 2 0.2547133540542518
7.499999999999996 2 0.2547133540542439
0.7399654451581343 2 0.2520163618582539
0.8810399064378484 2 0.500491044497851
0.4290433365936763 2 0.2583582267737732
1.175391702552048 2 0.4995204156357933
0.2165063509458817 2 0.6249999999990161
8.675996608505184 2 0.2495588242171929
9.116355344499912 2 0.4972072644623882
2.354070431647819 2 0.5020408818694168
2.794605902033809 2 0.7504405295233711
9.395627299115567 2 0.496295632318522
8.96908680932191 2 0.2485907984017833
8.529411764705882 2 0.500001831290823
5.588235294117645 2 0.5
1.470370937632587 2 0.4997757114811247
2.059425594026115 2 0.500628893514248
3.823529411764704 2 0.5
4.117647058823526 2 0.5000000000000001
1.764803030293256 2 0.500240402114582
3.52941176470588 2 0.4999999999999994
4.41176470588235 2 0.5000000000000001
5.29411764705882 2 0.4999999999999998
4.705882352941175 2 0.5000000000000002
7.352941176470584 2 0.4999999999999993
3.235294117647059 2 0.4999999999999982
4.999999999999997 2 0.4999999999999992
7.647058823529406 2 0.4999999999999962
6.470588235294116 2 0.5000000000000011
6.764705882352942 2 0.5
6.17647058823529 2 0.5000000000000041
7.058823529411766 2 0.4999999999999998
5.882352941176467 2 0.5000000000000058
8.235294117647033 2 0.4999999999999976
7.94117647058822 2 0.4999999999999898
2.500916765670334 2 0.7507249676696284
2.941176470588233 2 0.4999983402778763
9.783493649054117 2 0.624999999999016
9.570885522684305 2 0.2570746930932261
0.3767262943531813 2 0.5017396174517857
0.1874957954206108 2 0.8235006989706467
0.1862999599571231 2 0.1783577952726763
9.812384962597084 2 0.8234751938857923
9.813827637004927 2 0.1778412007679203
9.622985118248653 2 0.5005755211176667
2 6 0 24
883
884
885
886
887
888
889
890
891
892
893
894
895
896
897
898
899
900
901
902
903
904
905
906
0 1.282372609256628 0.2485699587582008
0 0.7168604268457612 0.7472709285735604
0 1.583858918760133 0.7454227334428519
0 0.416682287399585 0.255208219940178
0 0.2034078387469848 0.6185399175617077
0 1.796583352224305 0.3814601340602196
0 0.7112485584214198 0.2476404297919098
0 0.5860028415705756 0.5007643833405698
0 0.8594058956433229 0.4959984401263804
0 1.001516988283647 0.7457181742237491
0 1.289529635520745 0.754766963585572
0 1.413398655645261 0.4965801534347152
0 0.999314623749061 0.2474799418770483
0 1.140923068016444 0.4981856053342776
0 1.58230920765195 0.2576050117917797
0 0.4174869166506699 0.7414215289894226
0 1.803585302663222 0.6170367540012752
0 0.1964946211625156 0.3830684651221211
0 1.818635654832236 0.1778130291702821
0 0.1813218082226262 0.8219922893100942
0 1.820345987141656 0.8224918974886934
0 0.1797782388555155 0.177655337012342
0 1.635947087388975 0.4996209573461683
0 0.3640149011060662 0.4998005029907999
3 1 0 286
907
908
909
910
911
912
913
914
915
916
917
918
919
920
921
922
923
924
925
926
927
928
929
930
931
932
933
934
935
936
937
938
939
940
941
942
943
944
945
946
947
948
949
950
951
952
953
954
955
956
957
958
959
960
961
962
963
964
965
966
967
968
969
970
971
972
973
974
975
976
977
978
979
980
981
982
983
984
985
986
987
988
989
990
991
992
993
994
995
996
997
998
999
1000
1001
1002
1003
1004
1005
1006
1007
1008
1009
1010
1011
1012
1013
1014
1015
1016
1017
1018
1019
1020
1021
1022
1023
1024
1025
1026
1027
1028
1029
1030
1031
1032
1033
1034
1035
1036
1037
1038
1039
1040
1041
1042
1043
1044
1045
1046
1047
1048
1049
1050
1051
1052
1053
1054
1055
1056
1057
1058
1059
1060
1061
1062
1063
1064
1065
1066
1067
1068
1069
1070
1071
1072
1073
1074
1075
1076
1077
1078
1079
1080
1081
1082
1083
1084
1085
1086
1087
1088
1089
1090
1091
1092
1093
1094
1095
1096
1097
1098
1099
1100
1101
1102
1103
1104
1105
1106
1107
1108
1109
1110
1111
1112
1113
1114
1115
1116
1117
1118
1119
1120
1121
1122
1123
1124
1125
1126
1127
1128
1129
1130
1131
1132
1133
1134
1135
1136
1137
1138
1139
1140
1141
1142
1143
1144
1145
1146
1147
1148
1149
1150
1151
1152
1153
1154
1155
1156
1157
1158
1159
1160
1161
1162
1163
1164
1165
1166
1167
1168
1169
1170
1171
1172
1173
1174
1175
1176
1177
1178
1179
1180
1181
1182
1183
1184
1185
1186
1187
1188
1189
1190
1191
1192
9.528417129738754 1.524867923696998 0.4719075348808636
0.8826894867085882 1.324261846443064 0.5
6.762846810001032 0.8044851233821145 0.5
7.786496353534225 0.8739756733803294 0.5
1.912552185870182 0.5746401377679889 0.5
1.466200222783583 1.321320355285997 0.4999999999999999
2.053311033704795 1.151666903253837 0.5
8.374520085813238 0.8732808593641115 0.5
3.817434883090177 0.651189415030029 0.5
2.940040432532499 0.6613933262750032 0.5
2.641196094057968 1.151932528637125 0.5
5.730972169577293 0.8978158551472466 0.5
4.258530568514002 1.05751890502132 0.5
9.109844178829489 0.7857905053479161 0.5
7.222335775623867 1.057459697483489 0.4999999999999999
1.172279883244839 0.8212674044478283 0.5
5.148935700665974 0.5686863909079665 0.5000000000000001
6.304084501756188 1.059290287943543 0.5
3.673802975775849 1.402393363469401 0.5
6.31494924226969 0.5384612440400485 0.5
4.555144399758375 0.5625104375578667 0.5
3.217666779647295 1.141292594730164 0.5
4.847049726814692 1.056866454406576 0.5
7.210090067332041 0.5359197167648885 0.5
8.812286605065701 1.297596915769816 0.4999999999999999
5.435280681575041 1.393387711543433 0.5
4.554730540312724 1.49861900855533 0.5
6.022809224660805 1.469631637651422 0.5306338453955191
2.424734874306191 0.6365100696186988 0.5
6.775018951270529 1.326158727153995 0.5
7.789915703588507 1.40009412918953 0.5
0.6571367034134967 0.859543146472707 0.4999999999999999
9.527813295582208 0.4757263593911441 0.5273192143699261
8.701716982156034 0.489441049311334 0.5103500667562861
0.4611049195143676 1.536009272560762 0.4539134419812778
8.340050487062561 1.49786442942322 0.5
8.088235294114744 0.4711841184237637 0.4727000221042653
0.4492006773254934 0.4518297032565683 0.437129230305651
3.376450327563714 0.4596127816608258 0.4594451828968598
7.207714963148875 1.539804645661619 0.5419112263604533
9.524019480317481 1.041133692520052 0.5344218860900848
2.936407926889849 1.524598179820924 0.5253581204880875
2.347084912812693 1.525060141840279 0.4743318981937627
0.8959694744194123 0.4569981523912049 0.5434043152369117
5.735294117640574 0.4368744920873929 0.5625068203384257
1.463937475782255 0.4623938340686136 0.5378939354275356
1.852232880599605 1.556524810314564 0.4416224322013005
4.103760598621529 1.546688086634192 0.5481666650987415
5.006892455869839 1.545469614632667 0.4533529604841796
1.609882646568479 0.9004604318516486 0.577362012268662
7.646955751717299 0.4460197520561542 0.5517850452579178
5.301724174023664 0.9776982807254845 0.4404862940978476
4.163330779492742 0.4158579750834074 0.5829021791502166
6.441449049364337 1.581146279517978 0.4141681528390953
9.120268821424268 1.581643976134664 0.5878888657021455
6.698893673190451 0.4020926253160541 0.4034228336898784
3.601752749833895 0.9992838477667716 0.4115776403945633
3.324494026954845 1.605765915965353 0.3908617831397251
1.175835298836737 1.598616867961433 0.6003989536433874
9.150136800651778 0.3931985780406591 0.3983278271922595
0.3963607505059564 1.159228965979433 0.603463035211445
8.080817216159572 1.135133162105948 0.3992253210818781
9.197295871775436 1.234257381779419 0.3981158378967227
2.695672685590201 0.3738329297962761 0.6247059324950067
8.75303468410134 0.9207473694529231 0.3906333822715827
3.898974434837344 1.099792365605035 0.640272511231298
3.27716303954244 0.7866190439918037 0.6343536841824222
2.197943277440432 0.3630207170879107 0.3634494552937013
8.683176719962312 1.65005878969562 0.4114912872133827
4.854116150690554 0.3659902996652256 0.6347638514624546
5.695639308079318 1.650328992043654 0.39766581015341
0.8823792161013126 1.662251558368092 0.3359650338594461
1.468938909097624 1.660602159512548 0.3364783515732013
5.767210199597565 1.255438539317094 0.3765415368552424
5.979274192246189 0.6471448247745796 0.3652717604526446
4.160696491309399 0.7211408101687747 0.3634269363521442
1.172710376177288 1.156375818712715 0.334283168807721
5.428745045804734 0.3612756550354667 0.3582725637747497
1.176424045878243 0.3320794819182447 0.3334127777232591
7.447674922932066 0.7912550017224215 0.6370379545639726
7.528187509493748 1.638892160759152 0.3658043567506283
7.560615266230382 1.138514059594124 0.361067512997556
2.940617464832914 0.330879071011021 0.3324460028847067
4.552476908309924 0.8972832139990876 0.6651580419072156
2.142222747263647 0.8242963334226668 0.3540114535155007
6.775520124165452 1.663165954185507 0.6602434910336216
0.7432079237421544 1.613064148050733 0.6651061265427215
2.347334721675851 0.9721803802127235 0.6314508030872373
3.823529411756363 0.3274159108665113 0.3285137184225067
2.656285377819891 1.667669115014191 0.3332217416240308
8.38896430947095 0.3552979556162096 0.6501046764168508
8.489285216700662 1.192857473597297 0.351899774263717
8.027626076487692 1.659180080781576 0.3851028327214302
1.731462149654523 1.138579870607276 0.3300803573309686
5.4704333379552 0.6793509836378456 0.6379513563398713
5.984213839518615 1.141590529909517 0.6700764123728091
3.666041215429336 0.3594765834630005 0.6538853567299773
0.3293500327594895 0.7846954426482695 0.3721963243210821
3.088229133204179 0.3728573080928034 0.659910258008265
2.673391775876525 0.8352466738403633 0.3283324205651696
5.126317885219883 1.251079834639468 0.6351191785789601
5.294117647058821 1.680269029986758 0.6667270469246437
3.823529411764703 1.678180316300498 0.3228943615074582
4.850418350842024 0.7215178203707298 0.362350987105681
6.948025633131449 0.3461544861488002 0.6561738330401879
8.402693648736673 0.5611053064328626 0.3265961939963185
3.52941176470588 1.678850475380945 0.6786715630635635
0.5920547580251632 1.237357138663712 0.3215970656835014
1.776938733240267 1.295958300265702 0.6732651879035324
6.121363579777251 0.7949507992088747 0.6598573621948255
2.926530925256453 0.989463097877774 0.6424204063801764
1.584195046460741 1.611630998485765 0.6705632470988785
7.473915266035706 1.325179761359075 0.6576493367112364
6.314207239882843 1.371631621561959 0.675958012947575
1.17270258178691 1.154771211331951 0.6883781780206819
6.064246708465261 0.343041362595625 0.6590296479804983
2.349484964030368 0.3178802554564517 0.6815832771497148
0.2995040999744257 0.3072937287397241 0.6854748753570087
1.719396627139231 0.3305623716062291 0.3309998313781609
9.652676149086483 0.7616445474743525 0.3426863042007978
6.921625949829664 1.610502889185635 0.3360403688093513
7.064418729485435 0.8005090439168282 0.6857154240854642
7.064418729485435 0.8005090439168283 0.3142845759145359
2.093972277522252 1.673713003292156 0.671870457843286
2.649728350073768 1.656340140056921 0.6878817296298536
4.014744415104992 1.266654704167359 0.3494096778521434
1.764947851260617 0.3140438059456259 0.68506732415163
9.701162045793922 0.3066364347812044 0.3127555181128098
6.461347492020406 0.8020430246301042 0.3171777130356657
8.6093112414496 1.06902672460529 0.6775636804234875
8.080508984041064 0.8742751533400737 0.6917286232519431
6.609641850459935 1.069038641828458 0.6783632598602644
9.039351383261828 1.084291888520476 0.6779266577194487
2.347212663455167 1.151309234438724 0.3080291890023933
0.2953396742340464 1.693166126478981 0.6802782036435524
4.551609802485657 0.9757728686388543 0.3209615026851876
2.93112829280507 1.238548068313869 0.321213948326207
1.182716231853093 0.3135258644501739 0.6822854502662947
4.999999999992397 0.3123228441370052 0.3136195229333342
9.400010220001834 0.7556040126720973 0.6885835822074473
1.942783295125124 0.8729472265439729 0.6787935656400511
5.294117647051672 0.3128742768142611 0.6899094704414016
5.735394074855738 1.42945638218266 0.6815692870902268
8.080409278150714 0.7898936808805408 0.3364882961606866
5.29411764705882 1.690018432925358 0.3179824460390795
4.091352943260134 0.8147523233260603 0.6909184369171084
4.37499650820486 0.3232531209070675 0.3224020425768672
9.701285026665106 1.69350217680665 0.6868614678942513
6.008654097015237 1.010049919199858 0.3216040297120943
5.074336064051558 0.859986434656951 0.6790974742394216
8.814774471006681 0.7618464477236624 0.6924187078128632
6.511584435399896 0.3211739558498283 0.680785145382742
5.517223132755658 1.101660192866374 0.6839318049855114
1.453471203375902 0.7307260593584614 0.3189866372601445
3.159878523673465 0.8544692655990354 0.3169127915115371
7.419055698357853 0.3277429618615478 0.3223939767924964
7.060423504771189 1.294601127447687 0.3063858668506659
7.647058823529409 1.691105046561843 0.6875487831159625
2.537701212586027 0.3673589626828277 0.3209578208390236
8.97881423039083 0.4084571810892739 0.6942780164523732
7.019287844114202 0.3188534019712408 0.3168041677632836
6.117462891225437 0.3235594496501359 0.321788877658373
5.588064444529017 0.658769137241659 0.3010062157814618
2.640836395595978 0.8113889187964474 0.6977696585945479
9.368416983126275 1.308546876003439 0.6897387114179498
8.083726131193618 1.343515800578287 0.6783104312975285
0.3300926194363385 0.647821015869713 0.6907489910205133
7.053761956048346 1.278322571627719 0.6984362419607822
9.71283682689589 0.2923952971955472 0.7049891275187607
7.352941176466562 0.3021924359460108 0.6999236914061937
3.353923929621908 1.385755925208745 0.6967173482379743
9.715747281099945 1.710645440883601 0.2894599139392684
6.489264137657358 0.7550404859447303 0.6895200765586106
7.556919368349349 0.6887540871351983 0.3329205914280559
4.816865289524573 1.387747970904982 0.6912728736301389
0.9052130363151284 0.7126111000175366 0.3177193198057637
4.324286762712404 1.674717588725982 0.3258995670844022
0.6307744263948364 0.306313369916738 0.6732366926331363
6.66987890350285 1.067633138628765 0.3097673472211425
4.326175005092043 1.332095086569517 0.6855069496605128
1.778793553160083 0.8083001921508899 0.3007610573398517
3.183938524736369 1.684704041111099 0.6845778545290737
6.245427011108188 1.329327406487802 0.3086739085262866
3.918830574521055 0.947735943856022 0.3184592375924479
9.343768704489689 0.6466980603820791 0.3130012399032248
0.2802404450880808 1.718851141057821 0.2904745374007452
4.783752686411896 1.332575043852603 0.314890078361414
4.343163845644229 1.320687031907697 0.3106252629612416
7.909539955578214 0.3068259147896966 0.6979903792412282
9.669522169283244 1.257721536495646 0.3176353298182278
3.602442152813062 0.8180739289789239 0.6889583788270285
2.170072214504228 0.5937479139220558 0.7053677935923779
2.347654086264565 1.293234378293222 0.7098815712255575
3.554442749169485 0.6904824331061244 0.3037472652920742
7.840161535368233 0.3210028787761026 0.3153828765792512
4.45781396629349 0.3106106200508006 0.6914508963718878
0.7644738839438121 1.094542435858859 0.7068171455215544
0.908328147431169 0.7545365640569295 0.6894080554927332
4.746089089505904 1.69124787365802 0.3100450835606041
4.705882352941176 1.707364545003478 0.7058933456015376
4.364855042682596 1.690337570495279 0.6901397878562805
9.688514373835583 1.357650370976982 0.6985304597843038
8.529521917333803 1.704870968777701 0.7015540865036081
6.225045715770842 1.689627290428601 0.6886922448256766
8.966937318790894 1.514732878814683 0.298877980379438
0.8625436947462184 1.046943923500487 0.32400793461511
2.118988135467908 1.691068647171385 0.3101079465301708
3.855214831795104 1.697964009816274 0.6971460964482034
8.823152981742876 0.2876102804708509 0.2871756165240475
8.501161884404016 0.6552430301226277 0.7048840807673151
3.571075899909039 1.142441588961443 0.703059824135327
9.291157011607339 0.3174959862919302 0.6850352052522594
4.798124746612463 0.6836495692306905 0.6818707580641611
7.871438595295057 0.6278081464089829 0.6968472595359607
8.924022149342923 0.6055249957451218 0.3056395755648109
0.7155276252786492 0.3148478221202087 0.3165284893716827
6.168236749583316 1.708279564538493 0.2919040719428604
3.425823497482159 1.306627638223419 0.3121756677911227
5.882352941176467 1.717297032083967 0.6906564445056579
5.179582509870592 1.303285196750449 0.3161611615192954
7.738896830944631 1.137355371714518 0.6862106293368113
0.2849650085181514 1.140638553618762 0.3012761319044417
0.2688063159918663 0.2727802799417241 0.2854658017663895
7.971044801427379 1.649391451936961 0.7072814444118105
9.71347005288205 0.8116993474225467 0.653251481012884
1.133592170980569 1.470247468284656 0.3136815144818713
4.687821630539193 0.2917420740093801 0.3734391123283886
1.679259973353958 0.6196739596244576 0.7122168690634583
2.12427498238194 1.375258656821609 0.2872640350811744
9.28342284039601 1.682362001146211 0.3226957504104165
8.815759269190162 1.557598059619881 0.6901041261076515
8.29512889972349 1.107815835319723 0.69833556058545
2.746916962843058 1.357756396741389 0.7138501064826146
8.235294117644386 0.2769963443211498 0.2742101984421423
2.573005154781327 1.368691583732712 0.2826345718917536
6.427476125777321 0.2926924257691067 0.2926282960204372
1.259515467869537 0.6154817849488003 0.720384340661534
2.95928350740068 1.718106876691355 0.2825636142658597
7.36433256216249 1.377622320728222 0.3012333993063482
6.738081444739564 0.570046758038801 0.7017620560688358
5.832833541923355 0.6923490277869049 0.7087446122365622
4.342275308890176 0.6328346496171637 0.7153987320847389
4.567700227657761 1.187357972331561 0.5502189132272419
5.810468057893987 0.2967898395719469 0.2973983388944284
9.384927061126502 1.708254286247273 0.7092426953287947
0.6040835279983915 0.6604797263176787 0.2690868211599806
9.307830235427932 0.9532511150325196 0.331567464094926
8.527315505497858 0.2786423300376735 0.3702016390366446
3.52751357189525 0.2699248338369233 0.2712855658166591
0.4402879504953458 1.429830304018502 0.7408164099848158
3.048584619077946 1.299526742710917 0.7022423890315506
8.555393053759964 1.379349713047787 0.6980084821627598
9.400467720085732 0.2736650646701568 0.270523756966465
5.288096068480267 0.7208359577137065 0.2715588336135722
0.5957977752288994 1.733812651358638 0.2678431171861608
8.203062126611554 0.5977557915972118 0.7243798662077747
3.899345575080448 1.395719312889021 0.719053267806718
1.499840115601696 1.134309334211892 0.7370335467720578
3.144396252356583 0.5520853288701367 0.285481348356486
1.448585928745845 1.031854350799692 0.3564064449962878
5.522466201543537 1.104712292075706 0.2696563674628089
1.625305870306279 1.413122165264364 0.2593770458434584
0.635383679381142 0.6134526476394675 0.6827932759925608
6.920572281120761 1.06178374317224 0.5325686269457164
2.057071842421916 0.2775650498221891 0.6167900854889332
8.992002387926158 1.056825601321346 0.2610362027341852
7.063888966502463 1.731260210844465 0.7297500683507225
0.2488754438394067 1.429271585530167 0.2852936333226282
3.227860165611997 0.2642350855169416 0.278364095043706
5.002315409095538 1.656560673888039 0.7468591635164643
6.581190308424354 1.354765266186791 0.268412232058605
5.583778171085133 1.733848555023795 0.7339973913204586
2.060828691563361 1.379793274590454 0.720787600397893
7.842505339103909 0.6178222831026762 0.2809139262654181
6.608241899590743 1.420773571566956 0.7360392105437985
3.956497082555953 0.5553015500003713 0.7446538952149226
1.016569553566272 1.400875707682587 0.752759297283592
7.828750180547805 1.050771611188121 0.2629959796617344
5.039298365202072 0.9464019608583678 0.2964611487455686
3.381126833572641 0.2942728023858212 0.7059877026617659
4.097537001627487 0.4386649526404858 0.2933430189164517
1.332884721079451 1.399080957413697 0.7526884715348168
6.760998711449957 0.6531536316406957 0.246230979337551
2.791985341933251 0.574437601034206 0.2485212908929878
7.244823512156221 1.70576380861729 0.295296446902375
7.34520565525781 0.8909263466957019 0.2881801115569236
$EndNodes
$Elements
7 6077 1 6077
2 1 2 552
1 1 9 409 
2 86 1 409 
3 41 2 411 
4 2 42 411 
5 47 3 410 
6 3 48 410 
7 80 4 408 
8 4 81 408 
9 9 10 203 
10 9 203 409 
11 10 11 297 
12 203 10 297 
13 11 12 197 
14 11 197 297 
15 12 13 306 
16 197 12 306 
17 13 14 179 
18 13 179 306 
19 14 15 350 
20 179 14 350 
21 15 16 349 
22 15 349 350 
23 16 17 180 
24 16 180 349 
25 17 18 347 
26 180 17 347 
27 18 19 346 
28 18 346 347 
29 19 20 181 
30 19 181 346 
31 20 21 319 
32 181 20 319 
33 21 22 318 
34 21 318 319 
35 22 23 182 
36 22 182 318 
37 23 24 321 
38 182 23 321 
39 24 25 196 
40 24 196 321 
41 25 26 322 
42 196 25 322 
43 26 27 324 
44 322 26 324 
45 27 28 191 
46 27 191 324 
47 28 29 334 
48 191 28 334 
49 29 30 333 
50 29 333 334 
51 30 31 192 
52 30 192 333 
53 31 32 337 
54 192 31 337 
55 32 33 336 
56 32 336 337 
57 33 34 193 
58 33 193 336 
59 34 35 402 
60 193 34 402 
61 35 36 383 
62 35 383 402 
63 36 37 194 
64 36 194 383 
65 37 38 305 
66 194 37 305 
67 38 39 199 
68 38 199 305 
69 39 40 296 
70 199 39 296 
71 40 41 202 
72 40 202 296 
73 202 41 411 
74 42 43 371 
75 42 371 411 
76 43 44 405 
77 371 43 405 
78 44 45 178 
79 44 178 405 
80 45 46 404 
81 178 45 404 
82 46 47 204 
83 46 204 404 
84 204 47 410 
85 48 49 366 
86 48 366 410 
87 49 50 200 
88 49 200 366 
89 50 51 289 
90 200 50 289 
91 51 52 183 
92 51 183 289 
93 52 53 340 
94 183 52 340 
95 53 54 339 
96 53 339 340 
97 54 55 184 
98 54 184 339 
99 55 56 310 
100 184 55 310 
101 56 57 357 
102 310 56 357 
103 57 58 185 
104 57 185 357 
105 58 59 345 
106 185 58 345 
107 59 60 344 
108 59 344 345 
109 60 61 186 
110 60 186 344 
111 61 62 342 
112 186 61 342 
113 62 63 341 
114 62 341 342 
115 63 64 187 
116 63 187 341 
117 64 65 360 
118 187 64 360 
119 65 66 327 
120 65 327 360 
121 66 67 198 
122 66 198 327 
123 67 68 325 
124 198 67 325 
125 68 69 188 
126 68 188 325 
127 69 70 330 
128 188 69 330 
129 70 71 332 
130 330 70 332 
131 71 72 189 
132 71 189 332 
133 72 73 329 
134 189 72 329 
135 73 74 328 
136 73 328 329 
137 74 75 190 
138 74 190 328 
139 75 76 355 
140 190 75 355 
141 76 77 292 
142 76 292 355 
143 77 78 195 
144 77 195 292 
145 78 79 205 
146 195 78 205 
147 79 80 201 
148 79 201 205 
149 201 80 408 
150 81 82 294 
151 81 294 408 
152 82 83 406 
153 294 82 406 
154 83 84 177 
155 83 177 406 
156 84 85 407 
157 177 84 407 
158 85 86 299 
159 85 299 407 
160 299 86 409 
161 295 177 363 
162 177 295 406 
163 177 300 363 
164 300 177 407 
165 178 283 285 
166 283 178 304 
167 178 285 405 
168 304 178 404 
169 306 179 365 
170 179 350 351 
171 179 351 365 
172 180 347 348 
173 180 348 368 
174 349 180 368 
175 181 319 320 
176 181 320 370 
177 346 181 370 
178 318 182 385 
179 182 321 386 
180 385 182 386 
181 289 183 290 
182 290 183 362 
183 183 340 362 
184 308 184 309 
185 184 308 339 
186 309 184 310 
187 185 317 357 
188 317 185 358 
189 185 345 358 
190 186 316 344 
191 316 186 359 
192 186 342 359 
193 187 312 341 
194 312 187 343 
195 343 187 360 
196 325 188 361 
197 188 330 331 
198 188 331 361 
199 189 311 332 
200 311 189 353 
201 189 329 353 
202 190 291 354 
203 291 190 355 
204 328 190 354 
205 324 191 376 
206 191 334 335 
207 191 335 376 
208 333 192 379 
209 192 337 338 
210 192 338 379 
211 336 193 397 
212 193 395 397 
213 395 193 402 
214 194 305 403 
215 383 194 401 
216 401 194 403 
217 195 205 206 
218 195 206 207 
219 195 207 292 
220 321 196 373 
221 196 322 323 
222 196 323 373 
223 297 197 301 
224 301 197 369 
225 197 306 369 
226 288 198 325 
227 198 288 326 
228 198 326 327 
229 199 296 399 
230 305 199 400 
231 199 399 400 
232 200 286 287 
233 286 200 289 
234 200 287 366 
235 205 201 293 
236 293 201 294 
237 294 201 408 
238 296 202 398 
239 202 371 398 
240 371 202 411 
241 203 297 298 
242 203 298 299 
243 203 299 409 
244 366 204 410 
245 204 366 412 
246 404 204 412 
247 206 205 293 
248 207 206 208 
249 208 206 303 
250 206 293 303 
251 207 208 209 
252 207 209 356 
253 292 207 356 
254 209 208 210 
255 210 208 212 
256 212 208 303 
257 209 210 211 
258 209 211 213 
259 209 213 356 
260 211 210 269 
261 210 212 367 
262 269 210 367 
263 213 211 214 
264 214 211 372 
265 211 269 372 
266 212 303 363 
267 212 363 364 
268 212 364 367 
269 213 214 215 
270 213 215 291 
271 213 291 356 
272 215 214 216 
273 216 214 374 
274 214 372 374 
275 215 216 217 
276 215 217 354 
277 291 215 354 
278 217 216 218 
279 218 216 266 
280 266 216 374 
281 217 218 219 
282 217 219 282 
283 217 282 354 
284 219 218 220 
285 220 218 377 
286 218 266 377 
287 219 220 221 
288 219 221 353 
289 282 219 353 
290 221 220 222 
291 222 220 378 
292 220 377 378 
293 221 222 223 
294 221 223 311 
295 221 311 353 
296 223 222 224 
297 224 222 267 
298 267 222 378 
299 223 224 225 
300 223 225 281 
301 223 281 311 
302 225 224 226 
303 226 224 381 
304 224 267 381 
305 225 226 227 
306 225 227 331 
307 281 225 331 
308 227 226 228 
309 228 226 382 
310 226 381 382 
311 227 228 229 
312 227 229 361 
313 331 227 361 
314 229 228 230 
315 230 228 268 
316 268 228 382 
317 229 230 231 
318 229 231 288 
319 229 288 361 
320 231 230 232 
321 232 230 352 
322 230 268 352 
323 231 232 233 
324 231 233 326 
325 288 231 326 
326 233 232 234 
327 234 232 274 
328 274 232 352 
329 233 234 235 
330 233 235 280 
331 233 280 326 
332 235 234 236 
333 236 234 388 
334 234 274 388 
335 235 236 237 
336 235 237 343 
337 280 235 343 
338 237 236 238 
339 238 236 387 
340 387 236 388 
341 237 238 239 
342 237 239 312 
343 237 312 343 
344 239 238 240 
345 240 238 270 
346 270 238 387 
347 239 240 241 
348 239 241 279 
349 239 279 312 
350 241 240 242 
351 242 240 391 
352 240 270 391 
353 241 242 243 
354 241 243 359 
355 279 241 359 
356 243 242 244 
357 244 242 389 
358 389 242 391 
359 243 244 245 
360 243 245 316 
361 243 316 359 
362 245 244 246 
363 246 244 271 
364 271 244 389 
365 245 246 247 
366 245 247 278 
367 245 278 316 
368 247 246 248 
369 248 246 394 
370 246 271 394 
371 247 248 249 
372 247 249 358 
373 278 247 358 
374 249 248 250 
375 250 248 392 
376 392 248 394 
377 249 250 251 
378 249 251 317 
379 249 317 358 
380 251 250 252 
381 252 250 272 
382 272 250 392 
383 251 252 253 
384 251 253 277 
385 251 277 317 
386 253 252 254 
387 254 252 315 
388 252 272 315 
389 253 254 255 
390 253 255 309 
391 277 253 309 
392 255 254 256 
393 256 254 313 
394 313 254 315 
395 255 256 257 
396 255 257 308 
397 255 308 309 
398 257 256 258 
399 258 256 273 
400 273 256 313 
401 257 258 259 
402 257 259 276 
403 257 276 308 
404 259 258 260 
405 260 258 307 
406 258 273 307 
407 259 260 261 
408 259 261 362 
409 276 259 362 
410 261 260 262 
411 262 260 275 
412 275 260 307 
413 261 262 263 
414 261 263 290 
415 261 290 362 
416 263 262 264 
417 264 262 302 
418 262 275 302 
419 263 264 265 
420 263 265 286 
421 263 286 290 
422 265 264 283 
423 283 264 284 
424 284 264 302 
425 265 283 304 
426 286 265 287 
427 287 265 304 
428 368 266 375 
429 266 368 377 
430 266 374 375 
431 370 267 380 
432 267 370 381 
433 267 378 380 
434 352 268 385 
435 268 382 384 
436 268 384 385 
437 365 269 369 
438 269 365 372 
439 269 367 369 
440 376 270 390 
441 270 376 391 
442 270 387 390 
443 379 271 393 
444 271 379 394 
445 271 389 393 
446 315 272 397 
447 272 392 396 
448 272 396 397 
449 307 273 401 
450 273 313 314 
451 273 314 401 
452 274 352 386 
453 373 274 386 
454 274 373 388 
455 302 275 400 
456 275 307 403 
457 400 275 403 
458 308 276 339 
459 339 276 340 
460 340 276 362 
461 277 309 310 
462 277 310 357 
463 317 277 357 
464 316 278 344 
465 344 278 345 
466 345 278 358 
467 312 279 341 
468 341 279 342 
469 342 279 359 
470 326 280 327 
471 327 280 360 
472 280 343 360 
473 311 281 332 
474 330 281 331 
475 281 330 332 
476 328 282 329 
477 282 328 354 
478 329 282 353 
479 283 284 285 
480 285 284 398 
481 284 302 399 
482 398 284 399 
483 371 285 398 
484 285 371 405 
485 286 289 290 
486 287 304 412 
487 366 287 412 
488 288 325 361 
489 291 355 356 
490 355 292 356 
491 293 294 295 
492 293 295 303 
493 295 294 406 
494 303 295 363 
495 296 398 399 
496 298 297 301 
497 299 298 300 
498 300 298 364 
499 298 301 364 
500 299 300 407 
501 363 300 364 
502 364 301 367 
503 367 301 369 
504 399 302 400 
505 304 404 412 
506 305 400 403 
507 306 365 369 
508 307 401 403 
509 314 313 395 
510 313 315 395 
511 314 383 401 
512 383 314 402 
513 314 395 402 
514 395 315 397 
515 319 318 384 
516 384 318 385 
517 320 319 384 
518 370 320 381 
519 381 320 382 
520 382 320 384 
521 321 373 386 
522 323 322 390 
523 322 324 390 
524 373 323 388 
525 323 387 388 
526 387 323 390 
527 324 376 390 
528 334 333 393 
529 333 379 393 
530 335 334 393 
531 376 335 391 
532 335 389 391 
533 389 335 393 
534 337 336 396 
535 396 336 397 
536 338 337 396 
537 379 338 394 
538 338 392 394 
539 392 338 396 
540 347 346 380 
541 346 370 380 
542 348 347 380 
543 368 348 377 
544 377 348 378 
545 378 348 380 
546 350 349 375 
547 349 368 375 
548 351 350 375 
549 365 351 372 
550 372 351 374 
551 374 351 375 
552 352 385 386 
2 2 2 552
553 5 87 645 
554 164 5 645 
555 119 6 647 
556 6 120 647 
557 125 7 646 
558 7 126 646 
559 158 8 644 
560 8 159 644 
561 87 88 439 
562 87 439 645 
563 88 89 533 
564 439 88 533 
565 89 90 433 
566 89 433 533 
567 90 91 542 
568 433 90 542 
569 91 92 415 
570 91 415 542 
571 92 93 586 
572 415 92 586 
573 93 94 585 
574 93 585 586 
575 94 95 416 
576 94 416 585 
577 95 96 583 
578 416 95 583 
579 96 97 582 
580 96 582 583 
581 97 98 417 
582 97 417 582 
583 98 99 555 
584 417 98 555 
585 99 100 554 
586 99 554 555 
587 100 101 418 
588 100 418 554 
589 101 102 557 
590 418 101 557 
591 102 103 432 
592 102 432 557 
593 103 104 558 
594 432 103 558 
595 104 105 560 
596 558 104 560 
597 105 106 427 
598 105 427 560 
599 106 107 570 
600 427 106 570 
601 107 108 569 
602 107 569 570 
603 108 109 428 
604 108 428 569 
605 109 110 573 
606 428 109 573 
607 110 111 572 
608 110 572 573 
609 111 112 429 
610 111 429 572 
611 112 113 638 
612 429 112 638 
613 113 114 619 
614 113 619 638 
615 114 115 430 
616 114 430 619 
617 115 116 541 
618 430 115 541 
619 116 117 435 
620 116 435 541 
621 117 118 532 
622 435 117 532 
623 118 119 438 
624 118 438 532 
625 438 119 647 
626 120 121 607 
627 120 607 647 
628 121 122 641 
629 607 121 641 
630 122 123 414 
631 122 414 641 
632 123 124 640 
633 414 123 640 
634 124 125 440 
635 124 440 640 
636 440 125 646 
637 126 127 602 
638 126 602 646 
639 127 128 436 
640 127 436 602 
641 128 129 525 
642 436 128 525 
643 129 130 419 
644 129 419 525 
645 130 131 576 
646 419 130 576 
647 131 132 575 
648 131 575 576 
649 132 133 420 
650 132 420 575 
651 133 134 546 
652 420 133 546 
653 134 135 593 
654 546 134 593 
655 135 136 421 
656 135 421 593 
657 136 137 581 
658 421 136 581 
659 137 138 580 
660 137 580 581 
661 138 139 422 
662 138 422 580 
663 139 140 578 
664 422 139 578 
665 140 141 577 
666 140 577 578 
667 141 142 423 
668 141 423 577 
669 142 143 596 
670 423 142 596 
671 143 144 563 
672 143 563 596 
673 144 145 434 
674 144 434 563 
675 145 146 561 
676 434 145 561 
677 146 147 424 
678 146 424 561 
679 147 148 566 
680 424 147 566 
681 148 149 568 
682 566 148 568 
683 149 150 425 
684 149 425 568 
685 150 151 565 
686 425 150 565 
687 151 152 564 
688 151 564 565 
689 152 153 426 
690 152 426 564 
691 153 154 591 
692 426 153 591 
693 154 155 528 
694 154 528 591 
695 155 156 431 
696 155 431 528 
697 156 157 441 
698 431 156 441 
699 157 158 437 
700 157 437 441 
701 437 158 644 
702 159 160 530 
703 159 530 644 
704 160 161 642 
705 530 160 642 
706 161 162 413 
707 161 413 642 
708 162 163 643 
709 413 162 643 
710 163 164 535 
711 163 535 643 
712 535 164 645 
713 531 413 599 
714 413 531 642 
715 413 536 599 
716 536 413 643 
717 414 519 521 
718 519 414 540 
719 414 521 641 
720 540 414 640 
721 542 415 601 
722 415 586 587 
723 415 587 601 
724 416 583 584 
725 416 584 604 
726 585 416 604 
727 417 555 556 
728 417 556 606 
729 582 417 606 
730 554 418 621 
731 418 557 622 
732 621 418 622 
733 525 419 526 
734 526 419 598 
735 419 576 598 
736 544 420 545 
737 420 544 575 
738 545 420 546 
739 421 553 593 
740 553 421 594 
741 421 581 594 
742 422 552 580 
743 552 422 595 
744 422 578 595 
745 423 548 577 
746 548 423 579 
747 579 423 596 
748 561 424 597 
749 424 566 567 
750 424 567 597 
751 425 547 568 
752 547 425 589 
753 425 565 589 
754 426 527 590 
755 527 426 591 
756 564 426 590 
757 560 427 612 
758 427 570 571 
759 427 571 612 
760 569 428 615 
761 428 573 574 
762 428 574 615 
763 572 429 633 
764 429 631 633 
765 631 429 638 
766 430 541 639 
767 619 430 637 
768 637 430 639 
769 431 441 442 
770 431 442 443 
771 431 443 528 
772 557 432 609 
773 432 558 559 
774 432 559 609 
775 533 433 537 
776 537 433 605 
777 433 542 605 
778 524 434 561 
779 434 524 562 
780 434 562 563 
781 435 532 635 
782 541 435 636 
783 435 635 636 
784 436 522 523 
785 522 436 525 
786 436 523 602 
787 441 437 529 
788 529 437 530 
789 530 437 644 
790 532 438 634 
791 438 607 634 
792 607 438 647 
793 439 533 534 
794 439 534 535 
795 439 535 645 
796 602 440 646 
797 440 602 648 
798 640 440 648 
799 442 441 529 
800 443 442 444 
801 444 442 539 
802 442 529 539 
803 443 444 445 
804 443 445 592 
805 528 443 592 
806 445 444 446 
807 446 444 448 
808 448 444 539 
809 445 446 447 
810 445 447 449 
811 445 449 592 
812 447 446 505 
813 446 448 603 
814 505 446 603 
815 449 447 450 
816 450 447 608 
817 447 505 608 
818 448 539 599 
819 448 599 600 
820 448 600 603 
821 449 450 451 
822 449 451 527 
823 449 527 592 
824 451 450 452 
825 452 450 610 
826 450 608 610 
827 451 452 453 
828 451 453 590 
829 527 451 590 
830 453 452 454 
831 454 452 502 
832 502 452 610 
833 453 454 455 
834 453 455 518 
835 453 518 590 
836 455 454 456 
837 456 454 613 
838 454 502 613 
839 455 456 457 
840 455 457 589 
841 518 455 589 
842 457 456 458 
843 458 456 614 
844 456 613 614 
845 457 458 459 
846 457 459 547 
847 457 547 589 
848 459 458 460 
849 460 458 503 
850 503 458 614 
851 459 460 461 
852 459 461 517 
853 459 517 547 
854 461 460 462 
855 462 460 617 
856 460 503 617 
857 461 462 463 
858 461 463 567 
859 517 461 567 
860 463 462 464 
861 464 462 618 
862 462 617 618 
863 463 464 465 
864 463 465 597 
865 567 463 597 
866 465 464 466 
867 466 464 504 
868 504 464 618 
869 465 466 467 
870 465 467 524 
871 465 524 597 
872 467 466 468 
873 468 466 588 
874 466 504 588 
875 467 468 469 
876 467 469 562 
877 524 467 562 
878 469 468 470 
879 470 468 510 
880 510 468 588 
881 469 470 471 
882 469 471 516 
883 469 516 562 
884 471 470 472 
885 472 470 624 
886 470 510 624 
887 471 472 473 
888 471 473 579 
889 516 471 579 
890 473 472 474 
891 474 472 623 
892 623 472 624 
893 473 474 475 
894 473 475 548 
895 473 548 579 
896 475 474 476 
897 476 474 506 
898 506 474 623 
899 475 476 477 
900 475 477 515 
901 475 515 548 
902 477 476 478 
903 478 476 627 
904 476 506 627 
905 477 478 479 
906 477 479 595 
907 515 477 595 
908 479 478 480 
909 480 478 625 
910 625 478 627 
911 479 480 481 
912 479 481 552 
913 479 552 595 
914 481 480 482 
915 482 480 507 
916 507 480 625 
917 481 482 483 
918 481 483 514 
919 481 514 552 
920 483 482 484 
921 484 482 630 
922 482 507 630 
923 483 484 485 
924 483 485 594 
925 514 483 594 
926 485 484 486 
927 486 484 628 
928 628 484 630 
929 485 486 487 
930 485 487 553 
931 485 553 594 
932 487 486 488 
933 488 486 508 
934 508 486 628 
935 487 488 489 
936 487 489 513 
937 487 513 553 
938 489 488 490 
939 490 488 551 
940 488 508 551 
941 489 490 491 
942 489 491 545 
943 513 489 545 
944 491 490 492 
945 492 490 549 
946 549 490 551 
947 491 492 493 
948 491 493 544 
949 491 544 545 
950 493 492 494 
951 494 492 509 
952 509 492 549 
953 493 494 495 
954 493 495 512 
955 493 512 544 
956 495 494 496 
957 496 494 543 
958 494 509 543 
959 495 496 497 
960 495 497 598 
961 512 495 598 
962 497 496 498 
963 498 496 511 
964 511 496 543 
965 497 498 499 
966 497 499 526 
967 497 526 598 
968 499 498 500 
969 500 498 538 
970 498 511 538 
971 499 500 501 
972 499 501 522 
973 499 522 526 
974 501 500 519 
975 519 500 520 
976 520 500 538 
977 501 519 540 
978 522 501 523 
979 523 501 540 
980 604 502 611 
981 502 604 613 
982 502 610 611 
983 606 503 616 
984 503 606 617 
985 503 614 616 
986 588 504 621 
987 504 618 620 
988 504 620 621 
989 601 505 605 
990 505 601 608 
991 505 603 605 
992 612 506 626 
993 506 612 627 
994 506 623 626 
995 615 507 629 
996 507 615 630 
997 507 625 629 
998 551 508 633 
999 508 628 632 
1000 508 632 633 
1001 543 509 637 
1002 509 549 550 
1003 509 550 637 
1004 510 588 622 
1005 609 510 622 
1006 510 609 624 
1007 538 511 636 
1008 511 543 639 
1009 636 511 639 
1010 544 512 575 
1011 575 512 576 
1012 576 512 598 
1013 513 545 546 
1014 513 546 593 
1015 553 513 593 
1016 552 514 580 
1017 580 514 581 
1018 581 514 594 
1019 548 515 577 
1020 577 515 578 
1021 578 515 595 
1022 562 516 563 
1023 563 516 596 
1024 516 579 596 
1025 547 517 568 
1026 566 517 567 
1027 517 566 568 
1028 564 518 565 
1029 518 564 590 
1030 565 518 589 
1031 519 520 521 
1032 521 520 634 
1033 520 538 635 
1034 634 520 635 
1035 607 521 634 
1036 521 607 641 
1037 522 525 526 
1038 523 540 648 
1039 602 523 648 
1040 524 561 597 
1041 527 591 592 
1042 591 528 592 
1043 529 530 531 
1044 529 531 539 
1045 531 530 642 
1046 539 531 599 
1047 532 634 635 
1048 534 533 537 
1049 535 534 536 
1050 536 534 600 
1051 534 537 600 
1052 535 536 643 
1053 599 536 600 
1054 600 537 603 
1055 603 537 605 
1056 635 538 636 
1057 540 640 648 
1058 541 636 639 
1059 542 601 605 
1060 543 637 639 
1061 550 549 631 
1062 549 551 631 
1063 550 619 637 
1064 619 550 638 
1065 550 631 638 
1066 631 551 633 
1067 555 554 620 
1068 620 554 621 
1069 556 555 620 
1070 606 556 617 
1071 617 556 618 
1072 618 556 620 
1073 557 609 622 
1074 559 558 626 
1075 558 560 626 
1076 609 559 624 
1077 559 623 624 
1078 623 559 626 
1079 560 612 626 
1080 570 569 629 
1081 569 615 629 
1082 571 570 629 
1083 612 571 627 
1084 571 625 627 
1085 625 571 629 
1086 573 572 632 
1087 632 572 633 
1088 574 573 632 
1089 615 574 630 
1090 574 628 630 
1091 628 574 632 
1092 583 582 616 
1093 582 606 616 
1094 584 583 616 
1095 604 584 613 
1096 613 584 614 
1097 614 584 616 
1098 586 585 611 
1099 585 604 611 
1100 587 586 611 
1101 601 587 608 
1102 608 587 610 
1103 610 587 611 
1104 588 621 622 
2 3 2 284
1105 1 9 750 
1106 165 1 750 
1107 41 2 751 
1108 2 168 751 
1109 87 5 749 
1110 5 167 749 
1111 6 119 752 
1112 170 6 752 
1113 9 10 714 
1114 9 714 750 
1115 10 11 712 
1116 10 712 714 
1117 11 12 654 
1118 11 654 712 
1119 12 13 686 
1120 654 12 686 
1121 13 14 652 
1122 13 652 686 
1123 14 15 718 
1124 652 14 718 
1125 15 16 744 
1126 718 15 744 
1127 16 17 664 
1128 16 664 744 
1129 17 18 708 
1130 664 17 708 
1131 18 19 696 
1132 18 696 708 
1133 19 20 649 
1134 19 649 696 
1135 20 21 688 
1136 649 20 688 
1137 21 22 678 
1138 21 678 688 
1139 22 23 684 
1140 678 22 684 
1141 23 24 659 
1142 23 659 684 
1143 24 25 695 
1144 659 24 695 
1145 25 26 699 
1146 695 25 699 
1147 26 27 656 
1148 26 656 699 
1149 27 28 706 
1150 656 27 706 
1151 28 29 671 
1152 28 671 706 
1153 29 30 691 
1154 671 29 691 
1155 30 31 674 
1156 30 674 691 
1157 31 32 697 
1158 674 31 697 
1159 32 33 668 
1160 32 668 697 
1161 33 34 710 
1162 668 33 710 
1163 34 35 672 
1164 34 672 710 
1165 35 36 690 
1166 672 35 690 
1167 36 37 666 
1168 36 666 690 
1169 37 38 707 
1170 666 37 707 
1171 38 39 669 
1172 38 669 707 
1173 39 40 683 
1174 669 39 683 
1175 40 41 673 
1176 40 673 683 
1177 673 41 751 
1178 88 87 663 
1179 663 87 749 
1180 89 88 680 
1181 88 663 680 
1182 90 89 682 
1183 89 680 682 
1184 91 90 665 
1185 665 90 682 
1186 92 91 687 
1187 91 665 687 
1188 93 92 701 
1189 92 687 701 
1190 94 93 651 
1191 651 93 701 
1192 95 94 705 
1193 94 651 705 
1194 96 95 650 
1195 650 95 705 
1196 97 96 700 
1197 96 650 700 
1198 98 97 677 
1199 677 97 700 
1200 99 98 689 
1201 98 677 689 
1202 100 99 653 
1203 653 99 689 
1204 101 100 685 
1205 100 653 685 
1206 102 101 679 
1207 679 101 685 
1208 103 102 698 
1209 102 679 698 
1210 104 103 670 
1211 670 103 698 
1212 105 104 704 
1213 104 670 704 
1214 106 105 667 
1215 667 105 704 
1216 107 106 703 
1217 106 667 703 
1218 108 107 661 
1219 661 107 703 
1220 109 108 711 
1221 108 661 711 
1222 110 109 658 
1223 658 109 711 
1224 111 110 692 
1225 110 658 692 
1226 112 111 657 
1227 657 111 692 
1228 113 112 709 
1229 112 657 709 
1230 114 113 660 
1231 660 113 709 
1232 115 114 693 
1233 114 660 693 
1234 116 115 655 
1235 655 115 693 
1236 117 116 694 
1237 116 655 694 
1238 118 117 662 
1239 662 117 694 
1240 119 118 747 
1241 118 662 747 
1242 119 747 752 
1243 166 165 675 
1244 675 165 750 
1245 167 166 716 
1246 166 675 716 
1247 167 716 749 
1248 168 169 746 
1249 168 746 751 
1250 169 170 676 
1251 169 676 746 
1252 676 170 752 
1253 649 688 724 
1254 696 649 723 
1255 723 649 724 
1256 700 650 722 
1257 650 705 721 
1258 650 721 722 
1259 651 701 702 
1260 651 702 717 
1261 705 651 717 
1262 686 652 725 
1263 652 718 745 
1264 725 652 745 
1265 685 653 727 
1266 653 689 726 
1267 653 726 727 
1268 654 686 715 
1269 712 654 713 
1270 713 654 715 
1271 655 693 741 
1272 694 655 730 
1273 730 655 741 
1274 699 656 733 
1275 656 706 731 
1276 656 731 733 
1277 657 692 734 
1278 709 657 729 
1279 729 657 734 
1280 692 658 742 
1281 658 711 739 
1282 658 739 742 
1283 684 659 728 
1284 659 695 738 
1285 728 659 738 
1286 693 660 743 
1287 660 709 736 
1288 660 736 743 
1289 661 703 732 
1290 711 661 735 
1291 661 732 735 
1292 662 694 720 
1293 719 662 720 
1294 662 719 747 
1295 680 663 681 
1296 681 663 748 
1297 663 716 748 
1298 716 663 749 
1299 664 708 721 
1300 717 664 721 
1301 664 717 744 
1302 665 682 715 
1303 687 665 725 
1304 665 715 725 
1305 690 666 743 
1306 666 707 741 
1307 666 741 743 
1308 703 667 737 
1309 667 704 731 
1310 667 731 737 
1311 697 668 742 
1312 668 710 734 
1313 668 734 742 
1314 669 683 720 
1315 707 669 730 
1316 669 720 730 
1317 670 698 740 
1318 704 670 733 
1319 733 670 740 
1320 671 691 732 
1321 706 671 737 
1322 671 732 737 
1323 672 690 736 
1324 710 672 729 
1325 729 672 736 
1326 683 673 719 
1327 719 673 753 
1328 746 673 751 
1329 673 746 753 
1330 691 674 735 
1331 674 697 739 
1332 735 674 739 
1333 675 714 748 
1334 714 675 750 
1335 716 675 748 
1336 746 676 753 
1337 747 676 752 
1338 676 747 753 
1339 689 677 724 
1340 677 700 723 
1341 677 723 724 
1342 678 684 727 
1343 688 678 726 
1344 726 678 727 
1345 679 685 728 
1346 698 679 738 
1347 679 728 738 
1348 680 681 713 
1349 682 680 713 
1350 681 712 713 
1351 712 681 714 
1352 714 681 748 
1353 682 713 715 
1354 683 719 720 
1355 727 684 728 
1356 685 727 728 
1357 715 686 725 
1358 701 687 745 
1359 687 725 745 
1360 724 688 726 
1361 689 724 726 
1362 736 690 743 
1363 732 691 735 
1364 734 692 742 
1365 741 693 743 
1366 720 694 730 
1367 695 699 740 
1368 738 695 740 
1369 708 696 722 
1370 722 696 723 
1371 739 697 742 
1372 698 738 740 
1373 699 733 740 
1374 700 722 723 
1375 702 701 745 
1376 717 702 744 
1377 702 718 744 
1378 718 702 745 
1379 732 703 737 
1380 731 704 733 
1381 705 717 721 
1382 731 706 737 
1383 707 730 741 
1384 721 708 722 
1385 709 729 736 
1386 710 729 734 
1387 711 735 739 
1388 747 719 753 
2 4 2 68
1389 2 42 773 
1390 168 2 773 
1391 47 3 775 
1392 3 171 775 
1393 120 6 774 
1394 6 170 774 
1395 7 125 772 
1396 173 7 772 
1397 42 43 769 
1398 42 769 773 
1399 43 44 754 
1400 43 754 769 
1401 44 45 766 
1402 754 44 766 
1403 45 46 760 
1404 45 760 766 
1405 46 47 757 
1406 46 757 760 
1407 757 47 775 
1408 121 120 756 
1409 756 120 774 
1410 122 121 764 
1411 121 756 764 
1412 123 122 763 
1413 763 122 764 
1414 124 123 755 
1415 755 123 763 
1416 125 124 768 
1417 124 755 768 
1418 125 768 772 
1419 169 168 759 
1420 759 168 773 
1421 170 169 770 
1422 169 759 770 
1423 170 770 774 
1424 171 172 771 
1425 171 771 775 
1426 172 173 758 
1427 172 758 771 
1428 758 173 772 
1429 765 754 767 
1430 754 765 769 
1431 754 766 767 
1432 761 755 762 
1433 755 761 768 
1434 762 755 763 
1435 764 756 765 
1436 765 756 776 
1437 770 756 774 
1438 756 770 776 
1439 760 757 761 
1440 761 757 777 
1441 771 757 775 
1442 757 771 777 
1443 768 758 772 
1444 758 768 777 
1445 771 758 777 
1446 769 759 773 
1447 759 769 776 
1448 770 759 776 
1449 760 761 762 
1450 760 762 766 
1451 768 761 777 
1452 762 763 767 
1453 766 762 767 
1454 763 764 767 
1455 764 765 767 
1456 769 765 776 
2 5 2 284
1457 3 48 881 
1458 171 3 881 
1459 80 4 879 
1460 4 174 879 
1461 126 7 880 
1462 7 173 880 
1463 8 158 878 
1464 176 8 878 
1465 48 49 876 
1466 48 876 881 
1467 49 50 781 
1468 49 781 876 
1469 50 51 850 
1470 781 50 850 
1471 51 52 845 
1472 51 845 850 
1473 52 53 801 
1474 52 801 845 
1475 53 54 828 
1476 801 53 828 
1477 54 55 800 
1478 54 800 828 
1479 55 56 839 
1480 800 55 839 
1481 56 57 797 
1482 56 797 839 
1483 57 58 838 
1484 797 57 838 
1485 58 59 812 
1486 58 812 838 
1487 59 60 799 
1488 59 799 812 
1489 60 61 836 
1490 799 60 836 
1491 61 62 782 
1492 61 782 836 
1493 62 63 820 
1494 782 62 820 
1495 63 64 816 
1496 63 816 820 
1497 64 65 783 
1498 64 783 816 
1499 65 66 837 
1500 783 65 837 
1501 66 67 788 
1502 66 788 837 
1503 67 68 830 
1504 788 67 830 
1505 68 69 831 
1506 830 68 831 
1507 69 70 795 
1508 69 795 831 
1509 70 71 834 
1510 795 70 834 
1511 71 72 785 
1512 71 785 834 
1513 72 73 821 
1514 785 72 821 
1515 73 74 805 
1516 73 805 821 
1517 74 75 817 
1518 805 74 817 
1519 75 76 779 
1520 75 779 817 
1521 76 77 825 
1522 779 76 825 
1523 77 78 780 
1524 77 780 825 
1525 78 79 840 
1526 780 78 840 
1527 79 80 842 
1528 840 79 842 
1529 842 80 879 
1530 127 126 802 
1531 802 126 880 
1532 128 127 809 
1533 127 802 809 
1534 129 128 810 
1535 128 809 810 
1536 130 129 790 
1537 790 129 810 
1538 131 130 827 
1539 130 790 827 
1540 132 131 789 
1541 789 131 827 
1542 133 132 835 
1543 132 789 835 
1544 134 133 786 
1545 786 133 835 
1546 135 134 814 
1547 134 786 814 
1548 136 135 823 
1549 135 814 823 
1550 137 136 787 
1551 787 136 823 
1552 138 137 829 
1553 137 787 829 
1554 139 138 793 
1555 793 138 829 
1556 140 139 815 
1557 139 793 815 
1558 141 140 826 
1559 140 815 826 
1560 142 141 792 
1561 792 141 826 
1562 143 142 833 
1563 142 792 833 
1564 144 143 796 
1565 796 143 833 
1566 145 144 819 
1567 144 796 819 
1568 146 145 832 
1569 145 819 832 
1570 147 146 784 
1571 784 146 832 
1572 148 147 818 
1573 147 784 818 
1574 149 148 798 
1575 798 148 818 
1576 150 149 848 
1577 149 798 848 
1578 151 150 873 
1579 150 848 873 
1580 152 151 778 
1581 778 151 873 
1582 153 152 813 
1583 152 778 813 
1584 154 153 824 
1585 153 813 824 
1586 155 154 794 
1587 794 154 824 
1588 156 155 808 
1589 155 794 808 
1590 157 156 806 
1591 806 156 808 
1592 158 157 791 
1593 791 157 806 
1594 158 791 878 
1595 172 171 804 
1596 804 171 881 
1597 173 172 875 
1598 172 804 875 
1599 173 875 880 
1600 174 175 803 
1601 174 803 879 
1602 175 176 844 
1603 803 175 844 
1604 844 176 878 
1605 813 778 854 
1606 778 847 854 
1607 847 778 873 
1608 817 779 857 
1609 779 825 853 
1610 779 853 857 
1611 825 780 843 
1612 780 840 841 
1613 780 841 843 
1614 781 846 849 
1615 846 781 850 
1616 781 849 876 
1617 782 820 852 
1618 836 782 870 
1619 782 852 870 
1620 816 783 864 
1621 783 837 861 
1622 783 861 864 
1623 818 784 858 
1624 784 832 855 
1625 784 855 858 
1626 785 821 822 
1627 785 822 874 
1628 834 785 874 
1629 814 786 862 
1630 786 835 865 
1631 862 786 865 
1632 787 823 867 
1633 829 787 866 
1634 866 787 867 
1635 788 830 856 
1636 837 788 859 
1637 788 856 859 
1638 789 827 871 
1639 835 789 872 
1640 789 871 872 
1641 790 810 811 
1642 790 811 851 
1643 827 790 851 
1644 791 806 807 
1645 791 807 877 
1646 844 791 877 
1647 791 844 878 
1648 792 826 860 
1649 833 792 864 
1650 792 860 864 
1651 815 793 870 
1652 793 829 868 
1653 793 868 870 
1654 808 794 843 
1655 794 824 853 
1656 843 794 853 
1657 831 795 858 
1658 795 834 863 
1659 858 795 863 
1660 819 796 859 
1661 796 833 861 
1662 859 796 861 
1663 797 838 869 
1664 839 797 862 
1665 862 797 869 
1666 798 818 863 
1667 848 798 874 
1668 798 863 874 
1669 812 799 866 
1670 799 836 868 
1671 866 799 868 
1672 828 800 872 
1673 800 839 865 
1674 800 865 872 
1675 801 828 871 
1676 845 801 851 
1677 851 801 871 
1678 809 802 849 
1679 849 802 882 
1680 875 802 880 
1681 802 875 882 
1682 842 803 877 
1683 803 842 879 
1684 803 844 877 
1685 875 804 882 
1686 876 804 881 
1687 804 876 882 
1688 805 817 854 
1689 821 805 847 
1690 847 805 854 
1691 807 806 841 
1692 806 808 841 
1693 840 807 841 
1694 807 840 842 
1695 807 842 877 
1696 841 808 843 
1697 810 809 846 
1698 846 809 849 
1699 811 810 846 
1700 845 811 850 
1701 811 845 851 
1702 811 846 850 
1703 838 812 867 
1704 812 866 867 
1705 824 813 857 
1706 813 854 857 
1707 823 814 869 
1708 814 862 869 
1709 826 815 852 
1710 852 815 870 
1711 820 816 860 
1712 860 816 864 
1713 854 817 857 
1714 818 858 863 
1715 832 819 856 
1716 856 819 859 
1717 852 820 860 
1718 822 821 847 
1719 822 847 873 
1720 848 822 873 
1721 822 848 874 
1722 867 823 869 
1723 853 824 857 
1724 825 843 853 
1725 826 852 860 
1726 827 851 871 
1727 871 828 872 
1728 829 866 868 
1729 830 831 855 
1730 830 855 856 
1731 855 831 858 
1732 855 832 856 
1733 861 833 864 
1734 863 834 874 
1735 865 835 872 
1736 868 836 870 
1737 837 859 861 
1738 838 867 869 
1739 839 862 865 
1740 876 849 882 
2 6 2 68
1741 86 1 904 
1742 1 165 904 
1743 4 81 901 
1744 174 4 901 
1745 5 164 902 
1746 167 5 902 
1747 159 8 903 
1748 8 176 903 
1749 81 82 897 
1750 81 897 901 
1751 82 83 883 
1752 82 883 897 
1753 83 84 895 
1754 883 83 895 
1755 84 85 889 
1756 84 889 895 
1757 85 86 886 
1758 85 886 889 
1759 886 86 904 
1760 160 159 885 
1761 885 159 903 
1762 161 160 893 
1763 160 885 893 
1764 162 161 892 
1765 892 161 893 
1766 163 162 884 
1767 884 162 892 
1768 164 163 898 
1769 163 884 898 
1770 164 898 902 
1771 165 166 900 
1772 165 900 904 
1773 166 167 887 
1774 166 887 900 
1775 887 167 902 
1776 175 174 888 
1777 888 174 901 
1778 176 175 899 
1779 175 888 899 
1780 176 899 903 
1781 894 883 896 
1782 883 894 897 
1783 883 895 896 
1784 890 884 891 
1785 884 890 898 
1786 891 884 892 
1787 893 885 894 
1788 894 885 905 
1789 899 885 903 
1790 885 899 905 
1791 889 886 890 
1792 890 886 906 
1793 900 886 904 
1794 886 900 906 
1795 898 887 902 
1796 887 898 906 
1797 900 887 906 
1798 897 888 901 
1799 888 897 905 
1800 899 888 905 
1801 889 890 891 
1802 889 891 895 
1803 898 890 906 
1804 891 892 896 
1805 895 891 896 
1806 892 893 896 
1807 893 894 896 
1808 897 894 905 
3 1 4 4269
1809 667 704 560 951 
1810 276 968 942 999 
1811 427 667 560 951 
1812 505 1143 1021 1164 
1813 1021 1143 922 1164 
1814 704 560 951 1048 
1815 825 843 780 1132 
1816 665 542 687 952 
1817 415 687 542 952 
1818 386 927 274 982 
1819 786 946 1064 1173 
1820 340 942 801 999 
1821 274 982 927 1042 
1822 369 985 1060 1082 
1823 276 308 968 999 
1824 825 979 843 1132 
1825 505 1021 446 1164 
1826 922 1060 985 1082 
1827 340 801 942 975 
1828 847 873 1030 1031 
1829 873 565 1030 1031 
1830 505 446 1021 1143 
1831 847 1030 949 1031 
1832 309 987 937 999 
1833 786 1064 546 1173 
1834 542 952 665 1044 
1835 871 1109 827 1130 
1836 292 825 780 1132 
1837 655 940 541 1066 
1838 195 292 780 1132 
1839 786 946 862 1064 
1840 281 1043 964 1144 
1841 965 843 979 1132 
1842 260 971 914 1012 
1843 843 978 780 1132 
1844 309 184 987 999 
1845 655 541 940 997 
1846 653 959 726 1003 
1847 546 1064 946 1173 
1848 831 964 188 1009 
1849 415 687 952 1033 
1850 556 973 1097 1186 
1851 306 985 686 1025 
1852 942 968 276 998 
1853 309 937 308 999 
1854 789 871 827 1130 
1855 942 1109 871 1130 
1856 308 937 968 999 
1857 779 355 190 953 
1858 779 190 817 953 
1859 831 795 188 964 
1860 447 505 446 1164 
1861 959 995 726 1003 
1862 488 986 921 1019 
1863 925 963 227 1032 
1864 930 962 909 1189 
1865 945 1097 973 1186 
1866 599 967 938 1073 
1867 565 518 1030 1031 
1868 309 308 184 999 
1869 986 1019 488 1127 
1870 920 1046 520 1066 
1871 949 1030 518 1031 
1872 795 330 188 964 
1873 786 546 814 1173 
1874 275 971 260 1012 
1875 614 916 616 970 
1876 812 867 960 1027 
1877 538 920 520 1066 
1878 866 992 787 1110 
1879 686 985 725 1025 
1880 922 1143 956 1164 
1881 362 290 975 998 
1882 965 978 843 1132 
1883 276 308 257 968 
1884 892 891 967 1073 
1885 369 1060 269 1082 
1886 489 488 1019 1127 
1887 556 1097 1003 1186 
1888 614 916 970 1070 
1889 964 1043 281 1124 
1890 725 985 952 1025 
1891 959 1003 653 1182 
1892 866 960 992 1110 
1893 1003 1097 945 1186 
1894 433 950 682 1084 
1895 224 1061 963 1124 
1896 292 979 825 1132 
1897 308 968 937 1184 
1898 355 953 779 979 
1899 604 935 584 1023 
1900 365 985 306 1025 
1901 935 970 584 1023 
1902 981 1035 271 1055 
1903 386 927 982 1053 
1904 787 992 581 1110 
1905 778 873 565 1030 
1906 386 274 352 982 
1907 801 851 942 975 
1908 801 942 871 999 
1909 952 985 365 1025 
1910 259 276 968 998 
1911 224 963 226 1124 
1912 867 992 960 1027 
1913 488 921 487 1019 
1914 851 871 801 942 
1915 218 991 377 1006 
1916 311 1043 281 1144 
1917 812 960 345 1027 
1918 657 957 429 1095 
1919 576 827 1109 1130 
1920 593 814 546 1173 
1921 964 1043 948 1144 
1922 891 1004 967 1073 
1923 919 972 466 1086 
1924 218 991 1006 1040 
1925 778 565 564 1030 
1926 584 970 935 1070 
1927 226 963 224 1061 
1928 269 1060 922 1082 
1929 682 950 433 1044 
1930 467 466 972 1086 
1931 368 974 935 991 
1932 831 858 964 1009 
1933 519 1039 947 1046 
1934 513 946 546 1064 
1935 512 1109 942 1130 
1936 554 653 1003 1182 
1937 331 964 925 1009 
1938 655 730 940 1066 
1939 962 930 1067 1189 
1940 848 425 1031 1088 
1941 816 187 955 1105 
1942 244 271 1035 1055 
1943 393 926 271 981 
1944 377 991 935 1006 
1945 850 846 811 1111 
1946 813 1018 953 1030 
1947 821 329 996 1113 
1948 813 857 953 1018 
1949 522 961 1039 1137 
1950 275 971 1012 1121 
1951 331 925 964 1124 
1952 846 961 811 1111 
1953 389 981 271 1055 
1954 306 686 652 1025 
1955 244 389 271 1055 
1956 227 1032 963 1090 
1957 766 762 947 1026 
1958 260 914 307 1012 
1959 633 986 957 1076 
1960 731 704 951 1048 
1961 631 957 633 986 
1962 227 361 925 1032 
1963 1029 1063 250 1085 
1964 519 947 1039 1071 
1965 232 919 230 982 
1966 303 208 206 908 
1967 331 188 964 1009 
1968 638 709 657 1095 
1969 657 429 638 1095 
1970 762 766 947 1096 
1971 652 179 306 1025 
1972 453 452 913 994 
1973 816 955 187 1051 
1974 490 986 488 1127 
1975 848 1031 948 1088 
1976 471 929 470 1149 
1977 288 1009 954 1083 
1978 930 909 1029 1189 
1979 195 780 978 1132 
1980 271 981 926 1035 
1981 667 731 704 951 
1982 258 968 914 998 
1983 778 847 873 1030 
1984 512 576 1109 1130 
1985 612 951 560 1048 
1986 522 1039 499 1137 
1987 272 930 397 1080 
1988 367 369 269 1082 
1989 813 426 1018 1030 
1990 930 1011 962 1067 
1991 272 930 1080 1192 
1992 631 633 551 986 
1993 413 892 967 1073 
1994 606 973 556 1186 
1995 288 954 1009 1032 
1996 554 959 653 1182 
1997 403 1012 940 1121 
1998 527 1018 1030 1179 
1999 375 974 911 1025 
2000 455 917 456 994 
2001 908 978 206 1014 
2002 581 1110 992 1181 
2003 488 486 487 921 
2004 308 937 255 1184 
2005 351 375 374 911 
2006 258 914 260 998 
2007 258 307 260 914 
2008 429 957 657 1076 
2009 821 996 949 1113 
2010 848 948 874 1088 
2011 340 942 362 975 
2012 227 963 925 1124 
2013 480 1016 924 1079 
2014 374 911 375 991 
2015 216 991 913 1000 
2016 427 560 612 951 
2017 403 940 1115 1121 
2018 480 924 482 1079 
2019 490 910 492 1120 
2020 276 942 340 999 
2021 1063 1085 1029 1170 
2022 934 980 359 1089 
2023 527 1015 1018 1179 
2024 536 1073 938 1169 
2025 766 767 762 1026 
2026 471 1081 929 1149 
2027 245 924 246 1085 
2028 606 617 556 973 
2029 490 986 910 1120 
2030 230 232 231 919 
2031 261 290 362 998 
2032 616 614 503 916 
2033 639 940 541 997 
2034 949 996 329 1113 
2035 287 907 969 1096 
2036 351 911 374 1087 
2037 961 975 811 1111 
2038 565 518 564 1030 
2039 492 910 490 1127 
2040 351 375 911 1025 
2041 403 275 1012 1121 
2042 460 973 928 1117 
2043 911 974 375 991 
2044 489 490 488 1127 
2045 384 268 382 915 
2046 453 994 913 1099 
2047 245 924 1085 1089 
2048 940 1012 971 1121 
2049 732 1022 1058 1142 
2050 800 865 987 999 
2051 352 982 274 1042 
2052 215 216 913 1000 
2053 964 1009 858 1013 
2054 766 1026 947 1096 
2055 486 487 921 1074 
2056 500 520 538 920 
2057 813 953 857 1030 
2058 626 923 623 1001 
2059 481 482 480 924 
2060 245 244 246 924 
2061 455 917 994 1099 
2062 303 908 206 1014 
2063 240 391 242 918 
2064 453 913 452 1179 
2065 767 947 762 1026 
2066 393 379 271 926 
2067 639 636 541 940 
2068 384 915 382 1100 
2069 871 999 942 1130 
2070 208 206 908 1132 
2071 599 938 536 1073 
2072 232 919 982 1042 
2073 948 1031 425 1088 
2074 481 924 480 1002 
2075 533 433 682 1084 
2076 948 964 928 1043 
2077 821 949 847 1113 
2078 538 1057 920 1066 
2079 987 999 865 1064 
2080 614 503 916 1017 
2081 655 997 940 1154 
2082 547 948 425 1088 
2083 607 1075 939 1131 
2084 616 916 503 1005 
2085 275 260 307 1012 
2086 916 973 503 1005 
2087 227 361 331 925 
2088 633 957 631 1076 
2089 208 908 303 1112 
2090 513 1019 946 1064 
2091 486 921 488 1028 
2092 730 655 940 1154 
2093 403 1115 400 1121 
2094 222 1043 1006 1061 
2095 920 1046 1066 1118 
2096 259 276 257 968 
2097 727 726 653 959 
2098 1016 1035 981 1055 
2099 831 858 795 964 
2100 460 928 461 1117 
2101 615 926 629 1079 
2102 732 1068 1022 1142 
2103 227 925 331 1124 
2104 918 981 391 1055 
2105 359 977 934 1123 
2106 928 1043 964 1124 
2107 268 915 384 1187 
2108 257 968 308 1184 
2109 556 973 617 1097 
2110 633 930 508 986 
2111 243 359 980 1089 
2112 1006 1043 1017 1061 
2113 549 490 492 1120 
2114 216 991 1000 1087 
2115 284 264 1121 1153 
2116 623 626 559 923 
2117 215 913 216 1135 
2118 922 983 210 1082 
2119 816 783 187 1105 
2120 994 1006 991 1040 
2121 426 527 1018 1030 
2122 472 470 471 929 
2123 249 250 1063 1085 
2124 725 665 687 952 
2125 255 937 309 988 
2126 240 391 918 1069 
2127 763 414 1108 1131 
2128 475 548 932 1007 
2129 522 1039 961 1071 
2130 307 914 258 1050 
2131 266 974 368 991 
2132 231 230 919 1032 
2133 913 453 1099 1179 
2134 224 223 928 1124 
2135 210 1082 983 1112 
2136 231 919 232 1094 
2137 282 949 329 1113 
2138 261 931 263 1111 
2139 386 373 274 927 
2140 466 919 468 1052 
2141 541 940 636 1066 
2142 682 680 533 1084 
2143 914 968 258 1050 
2144 782 186 836 977 
2145 472 929 471 1007 
2146 220 221 917 1043 
2147 939 1075 765 1131 
2148 186 836 977 1123 
2149 365 985 952 1060 
2150 244 246 924 1035 
2151 242 918 391 1055 
2152 725 652 686 1025 
2153 271 926 379 1035 
2154 929 990 470 1149 
2155 946 987 862 1064 
2156 184 800 987 999 
2157 924 1035 1016 1055 
2158 403 940 1012 1115 
2159 470 929 1056 1119 
2160 874 948 848 1031 
2161 223 281 1043 1124 
2162 726 959 727 995 
2163 490 549 986 1120 
2164 633 632 508 930 
2165 397 272 396 930 
2166 500 520 920 1046 
2167 991 994 935 1006 
2168 382 915 268 1090 
2169 374 911 991 1087 
2170 954 1032 288 1083 
2171 362 975 942 998 
2172 455 456 917 1139 
2173 497 499 931 1137 
2174 312 239 279 932 
2175 548 515 475 932 
2176 484 909 628 1146 
2177 941 993 807 1041 
2178 425 948 547 1031 
2179 628 909 484 1028 
2180 635 538 520 1066 
2181 847 949 821 996 
2182 561 832 1107 1114 
2183 983 1082 922 1112 
2184 481 924 1002 1020 
2185 274 927 373 1010 
2186 808 841 965 993 
2187 393 379 926 1142 
2188 220 917 221 1141 
2189 937 309 988 1145 
2190 220 917 1006 1043 
2191 926 1058 1022 1142 
2192 963 1061 928 1124 
2193 482 924 481 1038 
2194 616 970 916 1005 
2195 536 938 599 1169 
2196 431 808 965 993 
2197 470 929 472 1056 
2198 209 1132 912 1168 
2199 993 1103 539 1156 
2200 628 909 1028 1146 
2201 947 1108 414 1131 
2202 629 926 615 1058 
2203 382 915 1090 1100 
2204 239 932 312 1126 
2205 682 950 713 1084 
2206 331 925 361 1009 
2207 284 264 302 1121 
2208 461 928 460 1157 
2209 360 187 783 1105 
2210 850 811 975 1111 
2211 559 923 626 1048 
2212 538 500 920 1057 
2213 474 1001 1056 1059 
2214 415 542 601 952 
2215 949 1031 518 1099 
2216 466 972 919 1052 
2217 210 922 1060 1166 
2218 261 263 290 1111 
2219 240 918 242 1167 
2220 909 930 1028 1146 
2221 452 913 994 1047 
2222 209 983 912 1132 
2223 918 391 981 1069 
2224 309 255 308 937 
2225 921 487 1019 1074 
2226 456 994 917 1070 
2227 919 231 1032 1094 
2228 960 992 1110 1181 
2229 1020 1038 924 1177 
2230 497 931 499 1036 
2231 359 186 977 1123 
2232 584 614 616 970 
2233 224 928 223 1061 
2234 923 623 1001 1056 
2235 274 927 1010 1042 
2236 386 373 927 1053 
2237 978 1014 941 1161 
2238 957 986 631 1120 
2239 926 1022 1068 1142 
2240 434 561 832 1107 
2241 269 210 922 1060 
2242 244 924 245 1089 
2243 331 188 330 964 
2244 819 434 832 1107 
2245 632 930 633 1076 
2246 478 1002 918 1059 
2247 908 941 1014 1156 
2248 261 263 931 1172 
2249 397 930 396 1067 
2250 275 403 400 1121 
2251 470 990 929 1119 
2252 848 798 568 1088 
2253 782 342 186 977 
2254 877 941 807 1041 
2255 452 1047 451 1179 
2256 982 990 927 1042 
2257 653 418 685 959 
2258 499 1036 931 1039 
2259 418 653 554 959 
2260 629 1022 926 1058 
2261 928 1043 223 1061 
2262 914 971 260 998 
2263 568 425 848 1088 
2264 377 935 368 1065 
2265 937 987 309 1145 
2266 633 930 986 1076 
2267 178 1026 1096 1153 
2268 345 1027 960 1177 
2269 375 350 974 1025 
2270 922 1103 1021 1112 
2271 841 978 965 993 
2272 934 977 359 980 
2273 932 977 279 1051 
2274 931 497 1137 1158 
2275 396 930 272 1029 
2276 508 930 632 1028 
2277 456 1017 917 1139 
2278 287 969 304 1096 
2279 907 287 969 1136 
2280 871 942 851 1109 
2281 312 932 279 1051 
2282 539 1103 993 1183 
2283 743 997 943 1095 
2284 731 951 984 1048 
2285 288 325 1009 1083 
2286 917 1043 221 1141 
2287 279 977 932 980 
2288 452 913 1047 1179 
2289 545 937 544 1127 
2290 397 930 1062 1080 
2291 484 1028 909 1038 
2292 909 1038 1028 1170 
2293 920 966 1046 1118 
2294 753 939 719 1075 
2295 631 986 551 1120 
2296 865 999 872 1064 
2297 272 1029 930 1192 
2298 472 929 1007 1056 
2299 913 1040 216 1135 
2300 985 1082 301 1122 
2301 179 365 306 1025 
2302 756 765 1075 1131 
2303 866 812 867 960 
2304 559 1056 923 1119 
2305 484 1079 909 1146 
2306 623 923 559 1056 
2307 261 931 998 1172 
2308 226 963 1061 1100 
2309 461 1077 928 1157 
2310 928 1077 461 1117 
2311 584 614 970 1070 
2312 922 950 985 1143 
2313 497 526 499 1137 
2314 210 983 922 1166 
2315 894 941 1156 1174 
2316 830 1009 325 1083 
2317 351 1060 1025 1087 
2318 787 580 829 1110 
2319 451 1047 1015 1179 
2320 516 562 933 1086 
2321 667 951 427 1022 
2322 257 308 255 1184 
2323 361 1009 925 1032 
2324 779 817 857 953 
2325 239 279 932 1167 
2326 373 927 1053 1133 
2327 830 856 1009 1083 
2328 468 990 919 1086 
2329 484 1028 1038 1170 
2330 932 1049 475 1059 
2331 486 921 1028 1074 
2332 908 1014 967 1156 
2333 967 1156 941 1174 
2334 475 932 515 1049 
2335 266 375 974 991 
2336 861 859 1105 1106 
2337 846 1111 850 1136 
2338 944 1004 299 1129 
2339 311 996 1043 1144 
2340 503 973 916 1017 
2341 471 470 469 1149 
2342 279 980 932 1167 
2343 362 340 276 942 
2344 234 1093 929 1185 
2345 362 942 276 998 
2346 933 1105 859 1106 
2347 516 933 1081 1086 
2348 941 978 908 1014 
2349 492 910 1037 1120 
2350 742 734 1067 1076 
2351 779 953 857 979 
2352 986 988 921 1019 
2353 224 928 1061 1124 
2354 743 660 997 1095 
2355 612 1001 951 1048 
2356 611 1098 1033 1134 
2357 915 995 384 1187 
2358 932 475 1007 1059 
2359 311 1043 996 1141 
2360 1062 1067 734 1076 
2361 931 1039 961 1137 
2362 326 933 280 1105 
2363 928 973 460 1017 
2364 988 1019 986 1127 
2365 954 1009 856 1083 
2366 246 924 1035 1085 
2367 476 1001 1059 1147 
2368 291 190 355 953 
2369 350 718 974 1025 
2370 508 986 930 1028 
2371 908 967 1103 1156 
2372 615 629 507 1079 
2373 1015 1047 913 1179 
2374 268 982 915 1187 
2375 280 933 326 1094 
2376 812 799 344 960 
2377 224 225 223 1124 
2378 355 953 979 1168 
2379 800 872 865 999 
2380 947 1096 1026 1153 
2381 220 1040 917 1141 
2382 518 1030 949 1099 
2383 916 614 1017 1070 
2384 938 967 599 1103 
2385 886 299 1004 1129 
2386 359 316 934 1089 
2387 918 1055 242 1167 
2388 926 981 393 1068 
2389 500 1039 920 1057 
2390 401 943 273 1180 
2391 949 996 847 1031 
2392 244 1055 924 1089 
2393 919 990 468 1052 
2394 920 1066 966 1118 
2395 559 976 923 1048 
2396 403 1115 1012 1154 
2397 911 1025 952 1060 
2398 567 1117 925 1163 
2399 273 943 401 1050 
2400 398 1034 1026 1091 
2401 460 928 1017 1157 
2402 484 1038 909 1079 
2403 261 998 971 1172 
2404 516 933 562 1106 
2405 939 1046 966 1118 
2406 919 1032 230 1090 
2407 636 940 639 1116 
2408 613 994 1070 1098 
2409 1025 1060 911 1087 
2410 919 1042 232 1094 
2411 326 1083 933 1105 
2412 952 1025 365 1060 
2413 913 991 216 1040 
2414 607 939 521 1131 
2415 307 1012 914 1050 
2416 397 1062 930 1067 
2417 720 730 1066 1115 
2418 456 917 1017 1070 
2419 832 954 856 1107 
2420 811 975 961 1137 
2421 720 1066 966 1115 
2422 942 975 851 1109 
2423 488 487 489 1019 
2424 316 359 934 1123 
2425 552 934 595 1125 
2426 813 426 824 1018 
2427 235 1093 234 1185 
2428 910 986 490 1127 
2429 947 1039 920 1046 
2430 943 1050 273 1180 
2431 234 1042 929 1093 
2432 787 581 580 1110 
2433 866 960 867 992 
2434 853 794 965 1018 
2435 756 1075 607 1131 
2436 950 1082 985 1122 
2437 819 832 856 1107 
2438 918 1059 1001 1147 
2439 920 1039 500 1046 
2440 718 974 1025 1171 
2441 224 226 225 1124 
2442 962 1142 1035 1189 
2443 954 1107 832 1114 
2444 482 924 1038 1079 
2445 908 1103 993 1156 
2446 919 230 982 1090 
2447 966 1046 939 1091 
2448 913 215 1000 1135 
2449 355 291 953 1168 
2450 922 1104 1103 1112 
2451 379 1035 1142 1189 
2452 1012 1115 940 1154 
2453 255 937 988 1184 
2454 280 1093 933 1094 
2455 922 1021 1103 1104 
2456 537 1044 950 1143 
2457 323 1010 923 1160 
2458 591 824 426 1018 
2459 926 629 1016 1022 
2460 626 923 1001 1048 
2461 848 874 798 1088 
2462 942 1072 512 1130 
2463 928 964 948 1157 
2464 561 1107 954 1114 
2465 846 961 1111 1136 
2466 933 1083 859 1105 
2467 941 908 993 1156 
2468 492 1037 910 1127 
2469 922 985 950 1082 
2470 220 1006 917 1040 
2471 1029 1067 930 1189 
2472 914 971 940 1012 
2473 931 499 1039 1137 
2474 682 713 680 1084 
2475 606 1005 973 1186 
2476 674 697 337 962 
2477 559 923 976 1119 
2478 919 990 982 1042 
2479 1033 1098 911 1134 
2480 787 829 866 1110 
2481 337 192 674 962 
2482 921 986 488 1028 
2483 918 240 1069 1167 
2484 967 1014 908 1103 
2485 544 937 545 1130 
2486 748 944 714 1129 
2487 870 977 1123 1125 
2488 437 791 993 1041 
2489 730 741 655 1154 
2490 981 1016 926 1035 
2491 882 907 849 1078 
2492 801 183 845 975 
2493 639 940 997 1116 
2494 630 1079 484 1146 
2495 474 1056 1007 1059 
2496 812 344 345 960 
2497 244 1035 924 1055 
2498 927 373 1010 1133 
2499 568 547 425 1088 
2500 929 471 1007 1081 
2501 390 1045 984 1160 
2502 209 356 1132 1168 
2503 288 1083 1032 1094 
2504 676 770 759 1034 
2505 632 1011 930 1076 
2506 927 990 982 1148 
2507 947 920 1039 1153 
2508 655 741 997 1154 
2509 548 932 1007 1008 
2510 178 1096 283 1153 
2511 908 1014 303 1112 
2512 245 1089 1085 1177 
2513 821 805 329 1113 
2514 323 923 1010 1045 
2515 552 1110 934 1125 
2516 401 314 943 1180 
2517 853 965 979 1018 
2518 791 807 993 1041 
2519 971 998 931 1172 
2520 746 676 759 1034 
2521 928 1077 964 1157 
2522 930 1011 632 1028 
2523 363 938 1004 1152 
2524 587 611 1033 1134 
2525 384 995 915 1100 
2526 316 934 1089 1123 
2527 396 930 1029 1067 
2528 562 1106 933 1107 
2529 567 1077 925 1117 
2530 250 1063 1029 1192 
2531 515 1049 932 1178 
2532 543 496 1116 1138 
2533 687 725 952 1033 
2534 917 1099 455 1139 
2535 811 961 810 1137 
2536 859 933 1106 1107 
2537 608 505 447 956 
2538 935 1070 994 1098 
2539 924 1020 481 1038 
2540 528 965 794 1018 
2541 937 1064 545 1130 
2542 258 259 968 998 
2543 545 544 491 1127 
2544 934 1123 977 1125 
2545 908 993 1103 1183 
2546 732 1058 735 1142 
2547 304 1096 969 1153 
2548 543 494 496 1138 
2549 950 1104 537 1143 
2550 471 469 1081 1149 
2551 937 1072 544 1127 
2552 939 1034 753 1159 
2553 920 1046 966 1091 
2554 206 978 908 1132 
2555 604 935 1023 1098 
2556 894 1156 967 1174 
2557 469 990 468 1086 
2558 351 1025 911 1087 
2559 939 1046 521 1131 
2560 765 939 776 1075 
2561 908 983 208 1132 
2562 222 1006 378 1061 
2563 742 1067 1011 1076 
2564 925 1013 567 1163 
2565 263 1111 931 1172 
2566 467 466 465 972 
2567 665 952 725 1044 
2568 912 1166 209 1168 
2569 379 1035 926 1142 
2570 209 912 983 1166 
2571 874 996 948 1031 
2572 223 1043 928 1124 
2573 909 1035 962 1079 
2574 248 1029 250 1085 
2575 900 887 675 1024 
2576 915 982 268 1090 
2577 962 1035 926 1079 
2578 845 289 850 975 
2579 606 503 973 1005 
2580 401 273 314 1180 
2581 935 974 368 1065 
2582 958 1056 1001 1059 
2583 178 283 1026 1153 
2584 519 1039 501 1071 
2585 239 932 1126 1167 
2586 1037 1116 914 1138 
2587 894 941 1041 1156 
2588 516 1081 469 1086 
2589 393 926 1068 1142 
2590 365 1025 351 1060 
2591 940 971 914 1116 
2592 378 1061 1006 1190 
2593 719 939 753 1159 
2594 287 265 304 969 
2595 805 328 329 1113 
2596 660 619 997 1095 
2597 716 675 887 1024 
2598 456 457 1017 1139 
2599 226 1061 381 1100 
2600 480 1002 924 1016 
2601 220 1006 222 1043 
2602 920 947 1046 1153 
2603 776 939 765 1034 
2604 694 655 541 1066 
2605 469 990 1086 1149 
2606 615 1058 926 1079 
2607 373 1045 1010 1133 
2608 857 979 953 1018 
2609 541 435 694 1066 
2610 526 1137 497 1158 
2611 911 1060 952 1134 
2612 618 1003 1097 1182 
2613 208 983 908 1112 
2614 870 977 836 1123 
2615 266 375 368 974 
2616 890 944 906 1129 
2617 931 1036 497 1158 
2618 601 415 952 1033 
2619 302 1121 264 1172 
2620 1029 1063 921 1192 
2621 330 795 834 964 
2622 856 954 832 1114 
2623 911 1087 1060 1134 
2624 234 929 1042 1185 
2625 942 999 968 1072 
2626 948 1043 996 1144 
2627 894 941 905 1041 
2628 762 947 767 1131 
2629 242 391 981 1055 
2630 756 607 764 1131 
2631 984 1045 923 1160 
2632 740 1045 976 1048 
2633 340 183 801 975 
2634 464 1052 504 1097 
2635 250 251 1063 1192 
2636 834 332 330 964 
2637 713 950 985 1122 
2638 913 1000 991 1087 
2639 567 463 1117 1163 
2640 514 1110 581 1181 
2641 232 982 352 1042 
2642 486 484 485 1170 
2643 730 940 1066 1115 
2644 943 1012 401 1050 
2645 493 1072 1037 1127 
2646 916 970 935 1190 
2647 967 1004 938 1073 
2648 736 743 943 1095 
2649 217 216 1040 1135 
2650 251 1145 1063 1192 
2651 758 804 771 1054 
2652 485 1074 1038 1181 
2653 528 431 794 965 
2654 888 803 899 1041 
2655 810 436 525 961 
2656 342 359 186 977 
2657 605 1044 537 1143 
2658 714 748 681 944 
2659 618 620 1003 1182 
2660 804 758 875 1054 
2661 478 918 1002 1147 
2662 462 973 460 1117 
2663 956 1015 450 1047 
2664 601 952 542 1044 
2665 436 810 809 961 
2666 1011 1028 930 1146 
2667 909 1028 930 1029 
2668 713 985 950 1044 
2669 249 248 250 1085 
2670 711 428 1011 1058 
2671 732 1022 661 1058 
2672 1016 1022 629 1147 
2673 807 941 877 1161 
2674 767 947 1026 1131 
2675 634 939 607 1075 
2676 923 1045 323 1160 
2677 794 431 808 965 
2678 1026 1034 939 1091 
2679 905 941 894 1174 
2680 850 975 289 1111 
2681 852 1008 977 1178 
2682 516 1081 933 1106 
2683 446 603 1104 1143 
2684 948 996 874 1144 
2685 369 985 365 1060 
2686 811 846 810 961 
2687 925 1009 964 1013 
2688 567 1013 925 1077 
2689 349 974 664 1065 
2690 984 1045 733 1048 
2691 492 493 1037 1127 
2692 658 711 428 1011 
2693 545 1019 937 1127 
2694 562 933 1086 1107 
2695 761 907 777 1078 
2696 366 907 412 1078 
2697 349 744 664 974 
2698 822 847 996 1031 
2699 977 1008 852 1051 
2700 939 1026 765 1034 
2701 713 950 682 1044 
2702 859 1083 933 1107 
2703 573 658 428 1011 
2704 519 500 1039 1046 
2705 655 694 730 1066 
2706 935 970 916 1070 
2707 229 1032 227 1090 
2708 345 358 1027 1177 
2709 504 1097 1052 1182 
2710 1063 1145 921 1192 
2711 414 947 540 1108 
2712 431 993 965 1183 
2713 477 1002 478 1059 
2714 919 982 990 1148 
2715 926 1035 962 1142 
2716 486 1028 484 1170 
2717 641 764 607 1131 
2718 190 817 953 1113 
2719 450 1015 956 1164 
2720 812 185 838 1027 
2721 337 962 697 1067 
2722 886 299 889 1004 
2723 600 599 1103 1169 
2724 619 997 1095 1162 
2725 698 679 557 976 
2726 512 575 576 1130 
2727 610 1098 611 1134 
2728 813 824 857 1018 
2729 514 580 581 1110 
2730 312 932 1051 1126 
2731 372 1060 351 1087 
2732 613 502 994 1098 
2733 180 349 664 1065 
2734 432 670 698 976 
2735 561 954 524 1114 
2736 906 944 890 1024 
2737 669 296 199 966 
2738 558 670 976 1048 
2739 718 702 974 1171 
2740 390 323 1045 1160 
2741 788 830 198 1083 
2742 285 1026 398 1034 
2743 713 985 654 1122 
2744 719 1075 939 1118 
2745 286 969 287 1136 
2746 908 978 941 993 
2747 830 325 198 1083 
2748 952 985 725 1044 
2749 326 933 1083 1094 
2750 464 972 1052 1097 
2751 753 1034 939 1075 
2752 627 1001 476 1147 
2753 432 558 670 976 
2754 218 266 377 991 
2755 265 304 969 1153 
2756 698 557 432 976 
2757 821 847 805 1113 
2758 864 1105 955 1106 
2759 1031 1139 949 1141 
2760 967 1004 891 1128 
2761 287 412 907 1096 
2762 968 999 937 1072 
2763 933 1093 280 1105 
2764 939 1034 776 1075 
2765 1006 1017 916 1061 
2766 938 1103 599 1169 
2767 667 427 703 1022 
2768 288 1009 361 1032 
2769 556 618 1003 1097 
2770 1000 1135 215 1168 
2771 516 469 562 1086 
2772 339 276 340 999 
2773 636 1057 940 1116 
2774 650 970 583 1005 
2775 844 899 803 1041 
2776 914 1012 940 1116 
2777 197 985 301 1122 
2778 806 437 791 993 
2779 941 1092 877 1161 
2780 936 1038 1074 1181 
2781 916 935 1006 1190 
2782 945 1003 995 1100 
2783 892 643 884 1073 
2784 433 950 537 1044 
2785 737 951 667 1022 
2786 595 934 1049 1125 
2787 474 1001 506 1056 
2788 183 289 845 975 
2789 1002 1055 980 1089 
2790 934 1002 980 1089 
2791 1032 1083 954 1094 
2792 629 569 1022 1058 
2793 924 1038 1085 1177 
2794 625 1016 629 1147 
2795 736 943 743 1140 
2796 484 1038 485 1170 
2797 350 718 744 974 
2798 323 1010 373 1045 
2799 570 703 427 1022 
2800 807 993 941 1161 
2801 689 554 653 1003 
2802 679 557 976 1102 
2803 185 812 345 1027 
2804 253 1145 251 1192 
2805 995 1003 915 1100 
2806 446 448 1021 1104 
2807 930 1067 1062 1076 
2808 279 359 977 980 
2809 387 1010 323 1160 
2810 291 215 1135 1168 
2811 1000 1015 956 1047 
2812 282 329 328 1113 
2813 412 366 287 907 
2814 555 554 689 1003 
2815 386 1053 982 1187 
2816 431 441 808 993 
2817 332 964 834 1144 
2818 486 485 1074 1170 
2819 980 1055 243 1089 
2820 733 1045 740 1048 
2821 995 1003 959 1182 
2822 219 1040 220 1141 
2823 976 1102 609 1119 
2824 874 822 996 1031 
2825 896 967 891 1128 
2826 913 1015 1000 1047 
2827 744 349 350 974 
2828 941 1041 877 1092 
2829 892 413 643 1073 
2830 843 965 841 978 
2831 965 912 1021 1132 
2832 642 892 893 967 
2833 770 776 759 1034 
2834 965 1021 912 1188 
2835 1037 1116 543 1162 
2836 522 501 1039 1071 
2837 1036 1116 496 1138 
2838 937 999 987 1064 
2839 942 1109 512 1158 
2840 227 963 228 1090 
2841 727 995 959 1187 
2842 973 1005 945 1186 
2843 549 551 986 1120 
2844 761 777 907 1054 
2845 474 506 1001 1059 
2846 766 178 1026 1096 
2847 962 909 1079 1146 
2848 363 1014 938 1112 
2849 545 937 1019 1064 
2850 853 965 843 979 
2851 670 740 976 1048 
2852 683 296 669 966 
2853 490 549 551 986 
2854 291 1135 953 1168 
2855 770 1034 676 1075 
2856 864 1106 955 1176 
2857 314 401 943 1140 
2858 700 650 583 1005 
2859 916 1006 935 1070 
2860 857 953 854 1030 
2861 956 922 1164 1166 
2862 888 803 1041 1092 
2863 756 764 765 1131 
2864 725 1025 952 1033 
2865 442 539 993 1183 
2866 700 583 582 1005 
2867 398 1026 285 1091 
2868 917 949 1139 1141 
2869 470 1056 472 1119 
2870 1021 1164 922 1166 
2871 905 1041 941 1092 
2872 341 782 820 977 
2873 972 1086 1032 1163 
2874 849 907 882 1151 
2875 253 988 1145 1192 
2876 484 628 630 1146 
2877 611 1033 1098 1171 
2878 571 427 951 1022 
2879 893 967 894 1156 
2880 816 864 955 1051 
2881 828 801 871 999 
2882 681 944 748 1084 
2883 552 1020 934 1110 
2884 619 637 997 1162 
2885 856 1009 954 1114 
2886 1007 1056 958 1059 
2887 600 1103 1104 1169 
2888 448 1103 1021 1104 
2889 676 746 753 1034 
2890 326 327 1083 1105 
2891 900 906 887 1024 
2892 371 1026 285 1034 
2893 944 1024 748 1084 
2894 946 992 936 1074 
2895 713 715 985 1044 
2896 631 957 429 1076 
2897 656 324 984 1150 
2898 996 1139 1031 1141 
2899 197 654 985 1122 
2900 389 393 271 981 
2901 854 857 817 953 
2902 441 437 806 993 
2903 232 352 274 1042 
2904 905 1092 941 1174 
2905 232 230 352 982 
2906 544 1072 937 1130 
2907 301 985 369 1082 
2908 556 618 620 1003 
2909 469 1086 1081 1149 
2910 693 660 619 997 
2911 470 990 469 1149 
2912 675 900 1024 1129 
2913 769 765 1026 1034 
2914 917 949 1099 1139 
2915 367 1082 210 1112 
2916 629 1022 571 1147 
2917 907 1078 761 1096 
2918 950 1044 985 1143 
2919 1034 1091 398 1159 
2920 656 322 699 984 
2921 891 896 892 967 
2922 609 510 1119 1148 
2923 1011 1067 930 1076 
2924 656 706 324 1150 
2925 924 1089 1020 1177 
2926 868 870 1123 1125 
2927 854 953 817 1113 
2928 864 1008 955 1051 
2929 220 222 221 1043 
2930 259 362 276 998 
2931 931 969 961 1039 
2932 506 1001 623 1056 
2933 222 223 1043 1061 
2934 223 281 311 1043 
2935 378 267 1061 1190 
2936 925 972 963 1032 
2937 886 889 890 1004 
2938 855 858 1009 1013 
2939 808 441 806 993 
2940 1038 1074 485 1170 
2941 475 474 1007 1059 
2942 322 656 324 984 
2943 322 699 984 1045 
2944 553 594 992 1074 
2945 450 1015 451 1047 
2946 548 1008 1007 1176 
2947 872 1064 999 1130 
2948 286 1111 969 1136 
2949 587 610 611 1134 
2950 462 1097 973 1117 
2951 283 1096 304 1153 
2952 396 1067 1029 1189 
2953 948 1139 996 1141 
2954 311 996 353 1141 
2955 619 430 693 997 
2956 529 993 539 1156 
2957 769 1026 371 1034 
2958 320 945 1100 1165 
2959 204 1078 412 1096 
2960 190 291 354 953 
2961 341 342 782 977 
2962 251 252 253 1192 
2963 650 722 970 1005 
2964 436 961 809 1151 
2965 204 757 1078 1096 
2966 907 1054 882 1151 
2967 758 771 777 1054 
2968 882 849 876 1078 
2969 739 711 1011 1058 
2970 953 1135 1000 1168 
2971 885 894 1041 1156 
2972 808 841 843 965 
2973 363 1112 938 1152 
2974 299 1004 944 1152 
2975 996 1043 948 1141 
2976 886 890 906 1129 
2977 940 1115 730 1154 
2978 919 1032 972 1086 
2979 939 1091 1034 1159 
2980 657 957 729 1076 
2981 228 963 382 1090 
2982 927 1102 976 1119 
2983 979 1132 356 1168 
2984 675 716 748 1024 
2985 762 1096 947 1108 
2986 843 853 794 965 
2987 474 506 623 1056 
2988 502 452 994 1047 
2989 961 1039 969 1071 
2990 382 1090 963 1100 
2991 710 193 1062 1101 
2992 914 1116 1036 1138 
2993 461 460 459 1157 
2994 473 475 474 1007 
2995 372 365 351 1060 
2996 191 324 706 1150 
2997 736 1101 943 1140 
2998 343 187 955 1051 
2999 761 1078 757 1096 
3000 917 1017 1006 1043 
3001 992 1074 594 1181 
3002 279 977 341 1051 
3003 940 1057 636 1066 
3004 729 957 1062 1076 
3005 190 953 354 1113 
3006 597 567 1013 1163 
3007 632 1028 1011 1146 
3008 936 992 946 1027 
3009 503 460 973 1017 
3010 348 377 1065 1190 
3011 947 1039 969 1153 
3012 944 1122 714 1129 
3013 849 1078 907 1136 
3014 229 227 228 1090 
3015 868 1123 1110 1125 
3016 559 558 976 1048 
3017 395 1080 1062 1101 
3018 227 229 361 1032 
3019 983 1021 912 1132 
3020 182 678 684 1187 
3021 859 1083 837 1105 
3022 222 378 267 1061 
3023 269 210 1060 1166 
3024 217 215 216 1135 
3025 747 753 719 1075 
3026 182 318 678 1187 
3027 945 1100 995 1155 
3028 521 607 634 939 
3029 853 979 857 1018 
3030 672 402 710 1101 
3031 553 1074 992 1173 
3032 513 946 1019 1074 
3033 699 733 984 1045 
3034 610 1047 1098 1134 
3035 491 544 1072 1127 
3036 710 402 193 1101 
3037 804 771 1054 1078 
3038 468 1052 990 1148 
3039 502 1047 994 1098 
3040 351 350 375 1025 
3041 216 1000 214 1087 
3042 926 962 1079 1146 
3043 226 224 381 1061 
3044 973 1061 963 1100 
3045 715 725 985 1044 
3046 642 413 892 967 
3047 1021 1103 908 1112 
3048 260 971 261 998 
3049 233 1093 280 1094 
3050 1037 1072 968 1127 
3051 655 430 541 997 
3052 222 224 223 1061 
3053 248 1029 1085 1189 
3054 234 1042 1010 1185 
3055 218 1006 220 1040 
3056 804 875 882 1054 
3057 721 970 989 1065 
3058 734 1062 668 1067 
3059 724 1155 1175 1186 
3060 922 1021 983 1112 
3061 724 1175 723 1186 
3062 839 184 800 987 
3063 965 1132 1021 1183 
3064 969 1071 947 1096 
3065 293 303 206 1014 
3066 824 591 794 1018 
3067 389 242 391 981 
3068 892 884 891 1073 
3069 293 941 1014 1161 
3070 655 693 430 997 
3071 924 1085 1089 1177 
3072 528 794 591 1018 
3073 358 1063 1027 1177 
3074 870 782 836 977 
3075 235 1126 1093 1185 
3076 885 893 894 1156 
3077 634 521 939 1046 
3078 957 986 930 1076 
3079 864 861 1105 1106 
3080 739 1011 962 1058 
3081 625 629 571 1147 
3082 714 944 681 1122 
3083 975 998 931 1158 
3084 547 1031 948 1139 
3085 437 1041 993 1156 
3086 527 1030 590 1179 
3087 949 1030 847 1113 
3088 249 1085 1063 1177 
3089 862 987 946 1191 
3090 525 790 810 1137 
3091 525 810 961 1137 
3092 519 1046 947 1131 
3093 727 684 678 1187 
3094 855 1013 1009 1114 
3095 727 678 995 1187 
3096 257 258 259 968 
3097 553 946 513 1074 
3098 908 1021 1132 1183 
3099 856 855 1009 1114 
3100 721 1023 970 1065 
3101 943 997 743 1140 
3102 888 899 905 1041 
3103 624 470 472 1119 
3104 945 1175 1155 1186 
3105 850 1111 289 1136 
3106 354 953 291 1135 
3107 721 717 1023 1065 
3108 522 501 499 1039 
3109 907 1071 969 1096 
3110 721 989 708 1065 
3111 518 1031 589 1099 
3112 322 984 390 1045 
3113 812 838 867 1027 
3114 569 661 1022 1058 
3115 618 464 504 1097 
3116 996 1031 949 1141 
3117 942 998 975 1158 
3118 407 889 299 1004 
3119 969 1039 947 1071 
3120 765 1026 939 1131 
3121 862 1173 869 1191 
3122 844 803 877 1041 
3123 512 1072 942 1158 
3124 882 1054 907 1078 
3125 964 1088 863 1144 
3126 549 631 551 1120 
3127 938 1104 1103 1169 
3128 732 661 735 1058 
3129 358 249 1063 1177 
3130 650 705 416 970 
3131 820 341 977 1051 
3132 359 243 316 1089 
3133 228 226 382 963 
3134 592 1018 1015 1188 
3135 203 944 298 1129 
3136 868 960 866 1110 
3137 412 1078 907 1096 
3138 326 280 327 1105 
3139 449 592 1015 1188 
3140 913 1047 1000 1087 
3141 907 1054 777 1078 
3142 1032 1086 954 1163 
3143 862 946 1173 1191 
3144 974 991 911 1098 
3145 650 416 583 970 
3146 986 1029 921 1192 
3147 648 1108 523 1151 
3148 965 1018 528 1188 
3149 986 1028 921 1029 
3150 1092 1161 941 1174 
3151 540 414 519 947 
3152 928 973 963 1117 
3153 405 371 754 1026 
3154 414 519 947 1131 
3155 935 991 974 1098 
3156 499 498 1036 1039 
3157 963 973 928 1061 
3158 936 1085 1038 1177 
3159 233 280 326 1094 
3160 622 609 1102 1148 
3161 401 1012 943 1140 
3162 259 258 260 998 
3163 426 590 527 1030 
3164 1006 1061 916 1190 
3165 479 481 480 1002 
3166 913 1000 953 1135 
3167 640 755 763 1108 
3168 763 755 762 1108 
3169 495 1138 512 1158 
3170 477 1049 1002 1059 
3171 343 1051 955 1126 
3172 203 1122 944 1129 
3173 790 811 810 1137 
3174 1011 1058 428 1146 
3175 513 946 553 1173 
3176 930 1028 986 1029 
3177 640 763 414 1108 
3178 601 1033 952 1134 
3179 864 860 1008 1051 
3180 860 852 1008 1051 
3181 618 1097 504 1182 
3182 938 967 1014 1128 
3183 481 1002 479 1020 
3184 366 907 1078 1136 
3185 272 397 315 1080 
3186 304 283 178 1096 
3187 742 734 668 1067 
3188 866 960 868 1123 
3189 601 952 1044 1143 
3190 806 791 807 993 
3191 453 454 452 994 
3192 254 1080 313 1184 
3193 476 1001 506 1059 
3194 864 955 1008 1176 
3195 344 960 799 1123 
3196 512 1138 1072 1158 
3197 988 1080 254 1184 
3198 727 1053 684 1187 
3199 917 1006 994 1040 
3200 922 1060 956 1143 
3201 753 676 1034 1075 
3202 455 457 456 1139 
3203 915 1052 972 1097 
3204 960 992 936 1027 
3205 722 989 970 1005 
3206 1080 1101 395 1180 
3207 474 473 1007 1056 
3208 455 456 454 994 
3209 948 1031 996 1139 
3210 486 1074 1028 1170 
3211 791 877 807 1041 
3212 960 1110 868 1123 
3213 364 1112 363 1152 
3214 748 1024 944 1129 
3215 1080 1180 313 1184 
3216 340 362 183 975 
3217 667 737 731 951 
3218 770 776 1034 1075 
3219 685 728 727 959 
3220 720 730 694 1066 
3221 995 1003 945 1155 
3222 293 1014 941 1174 
3223 579 548 1007 1176 
3224 1020 1177 960 1181 
3225 930 1029 986 1192 
3226 314 943 1101 1140 
3227 967 1014 941 1156 
3228 769 754 371 1026 
3229 474 476 506 1059 
3230 729 1062 734 1076 
3231 287 907 366 1136 
3232 477 478 476 1059 
3233 874 863 1088 1144 
3234 213 209 1166 1168 
3235 476 478 627 1147 
3236 839 310 184 987 
3237 371 285 398 1034 
3238 499 526 522 1137 
3239 890 1024 944 1073 
3240 589 1099 1031 1139 
3241 911 1098 1033 1171 
3242 288 198 325 1083 
3243 956 1060 1087 1134 
3244 915 972 963 1097 
3245 685 728 959 1102 
3246 945 973 916 1005 
3247 519 540 947 1071 
3248 992 1074 946 1173 
3249 634 520 1046 1118 
3250 242 981 389 1055 
3251 261 260 262 971 
3252 990 919 1086 1149 
3253 616 503 606 1005 
3254 976 1045 923 1048 
3255 900 906 1024 1129 
3256 233 1042 1093 1094 
3257 918 980 1055 1167 
3258 480 507 1016 1079 
3259 915 1097 1003 1182 
3260 293 941 1161 1174 
3261 626 1001 612 1048 
3262 981 1069 335 1150 
3263 940 1057 971 1116 
3264 748 675 1024 1129 
3265 386 982 352 1187 
3266 861 859 837 1105 
3267 1031 1099 949 1139 
3268 583 970 616 1005 
3269 915 963 972 1090 
3270 641 607 521 1131 
3271 725 745 1025 1033 
3272 653 685 727 959 
3273 869 1173 1027 1191 
3274 912 1132 979 1168 
3275 909 962 1035 1189 
3276 623 1056 559 1119 
3277 226 382 963 1100 
3278 800 339 828 999 
3279 888 1041 905 1092 
3280 273 401 1012 1050 
3281 254 1080 988 1192 
3282 938 1004 967 1128 
3283 911 1098 1047 1134 
3284 972 963 1032 1090 
3285 788 856 830 1083 
3286 199 669 966 1115 
3287 944 1024 906 1129 
3288 919 1052 982 1148 
3289 934 1110 1123 1125 
3290 729 1062 957 1101 
3291 648 1054 1108 1151 
3292 729 710 1062 1101 
3293 917 1139 948 1141 
3294 204 760 757 1096 
3295 727 959 1053 1187 
3296 272 1080 315 1192 
3297 519 500 501 1039 
3298 628 1028 632 1146 
3299 227 226 963 1124 
3300 418 554 621 959 
3301 915 995 959 1182 
3302 1052 1097 915 1182 
3303 302 262 1121 1172 
3304 367 210 212 1112 
3305 971 1121 262 1172 
3306 917 948 1043 1141 
3307 574 1011 428 1146 
3308 913 991 1047 1087 
3309 525 419 790 1137 
3310 894 967 1128 1174 
3311 266 374 375 991 
3312 261 971 262 1172 
3313 727 959 728 1053 
3314 237 1126 235 1185 
3315 597 1013 1114 1163 
3316 799 812 866 960 
3317 626 623 506 1001 
3318 803 877 1041 1092 
3319 915 1003 995 1182 
3320 497 499 498 1036 
3321 624 472 1056 1119 
3322 874 1088 948 1144 
3323 298 944 203 1122 
3324 968 998 942 1138 
3325 956 1047 450 1134 
3326 480 482 507 1079 
3327 910 988 986 1127 
3328 694 435 532 1118 
3329 571 427 612 951 
3330 453 452 451 1179 
3331 934 1020 1002 1089 
3332 731 984 951 1150 
3333 813 857 854 1030 
3334 939 719 1118 1159 
3335 234 274 1010 1042 
3336 951 1001 984 1048 
3337 790 1109 811 1137 
3338 685 959 418 1102 
3339 736 660 743 1095 
3340 946 1027 1173 1191 
3341 923 1045 984 1048 
3342 971 1057 914 1116 
3343 1037 1072 493 1138 
3344 953 1000 913 1015 
3345 747 1075 719 1118 
3346 969 1096 947 1153 
3347 970 1065 935 1190 
3348 914 1057 1036 1116 
3349 908 1021 983 1132 
3350 238 1126 958 1167 
3351 914 943 1012 1162 
3352 694 1066 435 1118 
3353 1027 1063 936 1177 
3354 729 957 1095 1101 
3355 971 1036 914 1057 
3356 270 1160 1069 1167 
3357 958 1126 238 1185 
3358 621 622 418 959 
3359 255 309 253 988 
3360 418 959 622 1102 
3361 943 736 1095 1101 
3362 916 973 945 1165 
3363 945 1061 973 1100 
3364 867 869 992 1027 
3365 914 1012 943 1050 
3366 953 1135 1030 1179 
3367 286 265 287 969 
3368 629 615 569 1058 
3369 622 959 621 1148 
3370 959 982 927 1053 
3371 1063 1085 936 1177 
3372 939 1075 634 1118 
3373 800 184 339 999 
3374 679 976 738 1102 
3375 943 914 1050 1162 
3376 882 804 1054 1078 
3377 771 777 1054 1078 
3378 245 1085 247 1177 
3379 226 228 227 963 
3380 275 262 971 1121 
3381 220 221 219 1141 
3382 622 1102 959 1148 
3383 483 485 1038 1181 
3384 1002 1020 924 1089 
3385 348 377 368 1065 
3386 523 1071 961 1151 
3387 911 1025 974 1171 
3388 474 472 473 1056 
3389 343 312 1051 1126 
3390 233 1042 234 1093 
3391 960 1027 936 1177 
3392 503 458 460 1017 
3393 253 988 309 1145 
3394 547 948 1088 1157 
3395 721 970 722 989 
3396 256 258 968 1050 
3397 761 1054 907 1108 
3398 467 524 1086 1163 
3399 1030 1099 518 1179 
3400 893 642 967 1156 
3401 1000 1047 956 1087 
3402 475 473 548 1007 
3403 849 876 1078 1136 
3404 633 508 551 986 
3405 270 1069 240 1167 
3406 245 246 247 1085 
3407 614 458 503 1017 
3408 742 1011 692 1076 
3409 658 572 692 1011 
3410 467 465 524 1163 
3411 947 1071 540 1108 
3412 708 180 664 1065 
3413 311 221 1043 1141 
3414 527 1015 592 1018 
3415 914 1116 1037 1162 
3416 811 1109 975 1137 
3417 951 1001 612 1147 
3418 757 761 777 1078 
3419 572 658 573 1011 
3420 946 1019 987 1064 
3421 1010 1045 976 1133 
3422 854 1030 953 1113 
3423 658 739 711 1011 
3424 1062 1080 957 1101 
3425 943 314 1101 1180 
3426 949 1030 1135 1179 
3427 177 1004 363 1128 
3428 950 1152 944 1169 
3429 522 961 523 1071 
3430 442 539 529 993 
3431 608 956 450 1134 
3432 347 180 708 1065 
3433 921 1063 1029 1170 
3434 278 1089 960 1123 
3435 973 1097 945 1100 
3436 921 946 1019 1145 
3437 936 1074 1038 1170 
3438 917 949 1040 1099 
3439 347 708 989 1065 
3440 234 274 388 1010 
3441 916 945 1005 1165 
3442 472 1007 473 1056 
3443 661 703 570 1022 
3444 373 1053 321 1133 
3445 511 1057 636 1116 
3446 920 1066 1057 1121 
3447 913 1099 1040 1135 
3448 269 211 210 1166 
3449 627 506 476 1001 
3450 944 950 1122 1152 
3451 992 1027 869 1173 
3452 523 961 522 1151 
3453 909 1085 1029 1189 
3454 936 1074 992 1181 
3455 449 1015 1164 1188 
3456 449 592 527 1015 
3457 713 1084 950 1122 
3458 834 964 863 1144 
3459 949 1040 1099 1135 
3460 478 1002 1016 1147 
3461 858 863 964 1013 
3462 949 917 1040 1141 
3463 545 1019 513 1064 
3464 737 731 951 1150 
3465 397 336 1062 1067 
3466 570 569 661 1022 
3467 588 1052 468 1148 
3468 234 236 235 1185 
3469 769 765 754 1026 
3470 634 635 520 1118 
3471 981 1022 1016 1147 
3472 537 950 1084 1169 
3473 1024 534 1084 1169 
3474 728 1053 959 1102 
3475 921 1019 946 1074 
3476 983 1021 908 1112 
3477 664 974 717 1065 
3478 894 967 896 1128 
3479 332 281 964 1144 
3480 299 298 944 1129 
3481 513 1019 487 1074 
3482 933 1081 1086 1149 
3483 737 951 1022 1150 
3484 431 442 993 1183 
3485 1002 1049 980 1059 
3486 973 1097 963 1117 
3487 856 954 1083 1107 
3488 469 468 467 1086 
3489 454 502 452 994 
3490 703 737 667 1022 
3491 485 594 1074 1181 
3492 634 1046 939 1118 
3493 241 980 279 1167 
3494 597 463 567 1163 
3495 215 214 216 1000 
3496 924 1016 1035 1079 
3497 1017 1043 928 1061 
3498 932 1008 977 1051 
3499 662 694 532 1118 
3500 364 1082 1112 1152 
3501 600 536 599 1169 
3502 986 988 910 1080 
3503 316 1089 278 1123 
3504 557 609 976 1102 
3505 694 720 1066 1118 
3506 910 1037 968 1127 
3507 765 776 756 1075 
3508 263 969 286 1111 
3509 925 1009 954 1032 
3510 354 1113 953 1135 
3511 944 1004 890 1073 
3512 808 806 841 993 
3513 926 1035 1016 1079 
3514 523 1108 1071 1151 
3515 731 984 733 1048 
3516 943 1095 997 1162 
3517 571 951 612 1147 
3518 847 822 873 1031 
3519 994 1047 991 1098 
3520 1036 1057 496 1116 
3521 1024 1073 534 1169 
3522 964 1077 928 1124 
3523 386 321 373 1053 
3524 598 512 1109 1158 
3525 243 1055 244 1089 
3526 472 471 473 1007 
3527 214 211 1087 1166 
3528 907 969 961 1136 
3529 621 959 554 1182 
3530 949 1113 282 1135 
3531 275 302 262 1121 
3532 690 1101 736 1140 
3533 674 739 697 962 
3534 183 289 975 1111 
3535 452 450 451 1047 
3536 863 964 1013 1088 
3537 307 273 1012 1050 
3538 524 1086 954 1107 
3539 810 846 809 961 
3540 953 1113 1030 1135 
3541 354 291 215 1135 
3542 193 395 1062 1101 
3543 739 962 735 1058 
3544 874 848 822 1031 
3545 454 613 502 994 
3546 1017 1043 917 1157 
3547 966 1066 720 1118 
3548 852 820 977 1051 
3549 918 1069 958 1167 
3550 921 1145 988 1192 
3551 944 1084 681 1122 
3552 650 700 722 1005 
3553 1061 1100 945 1165 
3554 622 510 609 1148 
3555 872 999 871 1130 
3556 988 1080 986 1192 
3557 1043 1139 917 1157 
3558 335 981 391 1069 
3559 620 554 1003 1182 
3560 918 1001 958 1069 
3561 945 320 1100 1155 
3562 717 664 744 974 
3563 729 1095 736 1101 
3564 926 1016 981 1022 
3565 985 1044 952 1143 
3566 962 1011 739 1067 
3567 235 233 234 1093 
3568 990 1010 927 1042 
3569 801 845 851 975 
3570 214 1087 1000 1166 
3571 243 244 245 1089 
3572 405 754 766 1026 
3573 1030 1113 949 1135 
3574 337 338 192 962 
3575 574 573 428 1011 
3576 632 572 1011 1076 
3577 940 1057 1066 1121 
3578 838 357 797 1191 
3579 552 422 1110 1125 
3580 1010 1042 929 1185 
3581 789 872 871 1130 
3582 1017 917 1139 1157 
3583 572 692 1011 1076 
3584 263 969 1111 1172 
3585 296 966 683 1159 
3586 311 353 221 1141 
3587 209 356 207 1132 
3588 921 1063 946 1145 
3589 926 1058 962 1146 
3590 918 1002 980 1059 
3591 377 220 218 1006 
3592 505 603 446 1143 
3593 915 972 1052 1090 
3594 278 345 960 1177 
3595 738 1102 976 1133 
3596 679 698 738 976 
3597 689 653 726 1003 
3598 729 672 710 1101 
3599 910 986 957 1120 
3600 834 795 863 964 
3601 508 488 986 1028 
3602 450 608 447 956 
3603 850 289 200 1136 
3604 1020 1089 960 1177 
3605 353 996 329 1141 
3606 363 1004 300 1152 
3607 976 1010 923 1045 
3608 697 962 739 1067 
3609 1060 1087 211 1166 
3610 185 838 1027 1191 
3611 462 617 460 973 
3612 343 1093 955 1105 
3613 498 1036 1039 1057 
3614 203 714 1122 1129 
3615 204 404 760 1096 
3616 723 1175 1005 1186 
3617 974 1023 717 1065 
3618 479 1002 477 1049 
3619 698 670 740 976 
3620 735 739 674 962 
3621 924 1055 1002 1089 
3622 257 256 258 968 
3623 282 949 1135 1141 
3624 426 527 591 1018 
3625 197 712 654 1122 
3626 524 1114 954 1163 
3627 761 907 1096 1108 
3628 282 353 329 1141 
3629 893 896 894 967 
3630 552 595 422 1125 
3631 961 969 907 1071 
3632 946 1063 921 1074 
3633 216 991 218 1040 
3634 928 948 1043 1157 
3635 955 1007 932 1008 
3636 1093 1094 1042 1149 
3637 854 847 1030 1113 
3638 273 401 307 1012 
3639 571 1022 951 1147 
3640 968 942 1072 1138 
3641 724 1003 1155 1186 
3642 397 396 336 1067 
3643 399 1091 966 1159 
3644 207 356 979 1132 
3645 977 1008 932 1178 
3646 238 1160 270 1167 
3647 248 392 1029 1189 
3648 611 586 1033 1171 
3649 263 265 286 969 
3650 185 357 838 1191 
3651 496 1057 511 1116 
3652 299 300 1004 1152 
3653 238 239 1126 1167 
3654 267 1165 1061 1190 
3655 927 1010 976 1133 
3656 669 720 966 1115 
3657 233 232 1042 1094 
3658 388 274 373 1010 
3659 721 705 970 1023 
3660 292 207 979 1132 
3661 623 559 624 1119 
3662 284 399 1091 1121 
3663 337 338 962 1067 
3664 475 1049 477 1059 
3665 292 195 207 1132 
3666 919 990 1052 1148 
3667 918 981 951 1069 
3668 999 1064 937 1130 
3669 341 279 342 977 
3670 237 238 1126 1185 
3671 850 200 781 1136 
3672 234 1010 388 1185 
3673 866 799 960 1123 
3674 531 1103 967 1156 
3675 737 1022 1068 1150 
3676 256 1050 968 1184 
3677 298 299 944 1152 
3678 571 570 427 1022 
3679 853 824 794 1018 
3680 674 735 962 1142 
3681 416 970 705 1023 
3682 462 460 461 1117 
3683 279 241 359 980 
3684 553 946 1074 1173 
3685 936 1063 946 1074 
3686 584 970 416 1023 
3687 539 1103 531 1156 
3688 617 973 462 1097 
3689 387 388 323 1010 
3690 936 1027 946 1063 
3691 238 270 240 1167 
3692 930 986 957 1080 
3693 712 197 297 1122 
3694 927 982 959 1148 
3695 960 1110 1020 1181 
3696 450 956 447 1164 
3697 345 344 278 960 
3698 514 1020 1110 1181 
3699 948 917 1043 1139 
3700 921 1028 1074 1170 
3701 973 1061 945 1165 
3702 335 1069 376 1150 
3703 557 609 432 976 
3704 1010 1160 387 1185 
3705 407 895 889 1004 
3706 865 862 987 1064 
3707 1082 1152 950 1169 
3708 269 1060 211 1166 
3709 251 250 252 1192 
3710 866 867 787 992 
3711 745 1025 1033 1171 
3712 849 1136 907 1151 
3713 367 212 1082 1112 
3714 458 456 457 1017 
3715 971 1039 1036 1057 
3716 287 304 412 1096 
3717 241 243 980 1055 
3718 381 1100 1061 1165 
3719 278 960 344 1123 
3720 951 981 918 1147 
3721 260 275 262 971 
3722 686 13 306 652 
3723 182 684 1053 1187 
3724 963 1097 973 1100 
3725 281 330 332 964 
3726 373 323 388 1010 
3727 369 365 269 1060 
3728 368 974 349 1065 
3729 693 743 660 997 
3730 981 1022 951 1068 
3731 845 850 811 975 
3732 432 559 558 976 
3733 541 116 694 435 
3734 99 653 689 554 
3735 116 694 655 541 
3736 795 188 69 831 
3737 936 960 1177 1181 
3738 702 744 718 974 
3739 542 91 665 687 
3740 830 198 67 788 
3741 832 819 145 434 
3742 631 1095 957 1120 
3743 929 1093 1007 1126 
3744 555 99 689 554 
3745 376 1069 984 1150 
3746 1093 1126 929 1185 
3747 431 528 794 155 
3748 779 857 853 979 
3749 362 290 183 975 
3750 91 542 415 687 
3751 299 203 298 1129 
3752 13 179 306 652 
3753 211 1060 372 1087 
3754 910 1080 988 1184 
3755 817 75 190 779 
3756 922 1082 1104 1112 
3757 656 322 26 699 
3758 355 190 75 779 
3759 674 962 192 1142 
3760 924 1035 1038 1079 
3761 813 824 426 153 
3762 822 847 821 996 
3763 349 375 350 974 
3764 207 356 292 979 
3765 100 685 653 418 
3766 678 684 22 182 
3767 528 443 431 965 
3768 910 957 986 1080 
3769 426 824 591 153 
3770 77 195 292 780 
3771 1069 1160 958 1167 
3772 994 1006 917 1070 
3773 318 678 22 182 
3774 418 653 100 554 
3775 145 832 434 561 
3776 325 198 67 830 
3777 96 700 650 583 
3778 825 77 292 780 
3779 834 330 70 795 
3780 719 966 720 1118 
3781 816 783 64 187 
3782 651 701 586 1171 
3783 794 808 431 155 
3784 96 700 583 582 
3785 966 1066 920 1121 
3786 214 1000 211 1166 
3787 93 586 651 701 
3788 941 1014 967 1174 
3789 937 968 1127 1184 
3790 107 570 661 703 
3791 201 1092 294 1161 
3792 961 1136 846 1151 
3793 492 491 493 1127 
3794 955 1093 343 1126 
3795 511 636 639 1116 
3796 330 188 69 795 
3797 825 76 779 979 
3798 301 1122 1082 1152 
3799 322 656 26 324 
3800 31 337 674 697 
3801 966 1091 399 1121 
3802 909 1038 1035 1079 
3803 196 1045 373 1133 
3804 947 1096 1071 1108 
3805 103 698 432 670 
3806 478 1002 480 1016 
3807 477 475 515 1049 
3808 848 798 149 568 
3809 317 1063 1145 1191 
3810 853 857 824 1018 
3811 355 779 76 979 
3812 931 1036 971 1039 
3813 794 808 843 965 
3814 838 57 797 357 
3815 332 330 70 834 
3816 427 106 667 703 
3817 658 428 109 573 
3818 292 76 825 979 
3819 585 651 586 1171 
3820 682 533 89 433 
3821 941 993 978 1161 
3822 924 1038 1035 1085 
3823 337 192 31 674 
3824 1103 1104 938 1112 
3825 912 979 965 1018 
3826 825 853 843 979 
3827 428 658 109 711 
3828 399 1115 966 1121 
3829 735 1058 962 1142 
3830 281 223 225 1124 
3831 579 548 473 1007 
3832 586 585 93 651 
3833 836 782 61 186 
3834 650 705 95 416 
3835 990 1119 510 1148 
3836 966 1118 719 1159 
3837 1026 1091 1046 1153 
3838 623 624 1056 1119 
3839 591 824 794 154 
3840 237 238 239 1126 
3841 292 355 76 979 
3842 407 177 895 1004 
3843 180 368 349 1065 
3844 107 570 569 661 
3845 95 650 416 583 
3846 193 402 395 1101 
3847 573 572 110 658 
3848 720 966 719 1159 
3849 708 180 17 664 
3850 909 1029 1085 1170 
3851 843 841 780 978 
3852 546 134 786 814 
3853 794 528 591 154 
3854 658 572 110 692 
3855 611 1098 585 1171 
3856 742 739 1011 1067 
3857 923 1001 958 1056 
3858 558 103 432 670 
3859 805 329 73 821 
3860 718 15 350 744 
3861 935 1006 994 1070 
3862 454 994 453 1099 
3863 837 1083 327 1105 
3864 283 1091 1026 1153 
3865 950 922 1104 1143 
3866 106 427 570 703 
3867 279 359 342 977 
3868 778 873 151 565 
3869 747 438 1075 1118 
3870 966 1066 940 1115 
3871 1007 1008 955 1176 
3872 102 698 679 557 
3873 659 695 24 321 
3874 399 199 966 1115 
3875 180 708 17 347 
3876 446 603 448 1104 
3877 695 321 659 1133 
3878 405 766 178 1026 
3879 196 321 695 1133 
3880 563 1106 562 1107 
3881 838 812 58 185 
3882 231 229 230 1032 
3883 537 1104 950 1169 
3884 529 437 993 1156 
3885 918 951 1001 1069 
3886 981 951 1022 1147 
3887 954 1086 524 1163 
3888 149 848 568 425 
3889 783 360 64 187 
3890 1035 1038 909 1085 
3891 605 433 537 1044 
3892 392 396 1029 1189 
3893 199 296 399 966 
3894 102 698 557 432 
3895 196 24 695 321 
3896 620 554 555 1003 
3897 782 820 62 341 
3898 498 1039 500 1057 
3899 856 1083 859 1107 
3900 956 1015 1000 1164 
3901 838 869 1027 1191 
3902 987 937 1019 1145 
3903 915 959 995 1187 
3904 455 994 454 1099 
3905 800 839 55 184 
3906 935 994 991 1098 
3907 619 637 430 997 
3908 957 1101 1080 1180 
3909 787 580 137 829 
3910 799 59 812 344 
3911 788 66 837 1083 
3912 105 560 667 704 
3913 656 27 324 706 
3914 929 1010 990 1042 
3915 968 1072 1037 1138 
3916 15 349 350 744 
3917 436 522 525 961 
3918 397 1062 395 1080 
3919 608 1134 601 1143 
3920 444 1021 448 1103 
3921 235 343 1093 1126 
3922 328 329 73 805 
3923 938 1014 967 1103 
3924 907 1071 1096 1108 
3925 918 1001 951 1147 
3926 864 833 1106 1176 
3927 427 105 560 667 
3928 191 324 27 706 
3929 910 1180 1080 1184 
3930 517 547 1088 1157 
3931 545 513 546 1064 
3932 151 564 778 565 
3933 627 612 1001 1147 
3934 954 1009 925 1114 
3935 241 243 359 980 
3936 981 1068 951 1150 
3937 929 1081 1007 1093 
3938 585 1098 1023 1171 
3939 394 1085 1035 1189 
3940 458 1017 457 1157 
3941 363 177 300 1004 
3942 530 893 885 1156 
3943 1026 1046 947 1153 
3944 828 800 54 339 
3945 282 1135 1040 1141 
3946 327 837 66 1083 
3947 547 1139 948 1157 
3948 744 16 349 664 
3949 713 715 654 985 
3950 863 1013 818 1088 
3951 197 369 301 985 
3952 965 979 912 1132 
3953 864 1008 792 1176 
3954 938 1004 944 1169 
3955 952 1025 911 1033 
3956 566 1013 1077 1088 
3957 16 349 664 180 
3958 923 1001 984 1160 
3959 53 801 828 339 
3960 958 1001 918 1059 
3961 343 312 187 1051 
3962 966 1115 940 1121 
3963 57 838 185 357 
3964 438 634 1075 1118 
3965 726 727 678 995 
3966 699 733 656 984 
3967 241 242 243 1055 
3968 958 1007 929 1056 
3969 188 331 361 1009 
3970 491 1072 493 1127 
3971 1007 1081 955 1093 
3972 1007 1093 955 1126 
3973 686 715 725 985 
3974 789 131 575 827 
3975 441 431 808 156 
3976 866 868 799 1123 
3977 945 1155 1003 1186 
3978 693 660 114 619 
3979 342 61 782 186 
3980 592 528 1018 1188 
3981 533 682 89 680 
3982 849 846 1136 1151 
3983 893 530 642 1156 
3984 972 1097 464 1117 
3985 708 721 722 989 
3986 393 981 335 1068 
3987 233 231 232 1094 
3988 454 994 456 1070 
3989 982 1053 959 1187 
3990 940 1066 966 1121 
3991 369 306 365 985 
3992 136 787 823 992 
3993 945 1005 1175 1186 
3994 912 1000 1015 1164 
3995 394 248 1085 1189 
3996 117 532 694 435 
3997 1037 1050 943 1120 
3998 595 479 477 1049 
3999 944 1004 938 1152 
4000 918 1016 981 1055 
4001 545 489 1019 1127 
4002 652 718 14 1025 
4003 953 913 1135 1179 
4004 566 1077 517 1088 
4005 867 838 869 1027 
4006 134 546 593 814 
4007 709 657 112 638 
4008 672 34 710 402 
4009 350 14 718 1025 
4010 921 988 986 1192 
4011 199 669 39 296 
4012 1017 1139 457 1157 
4013 975 1111 961 1137 
4014 256 1180 1050 1184 
4015 795 858 863 964 
4016 379 394 1035 1189 
4017 361 288 325 1009 
4018 317 1027 1063 1191 
4019 525 961 522 1137 
4020 563 516 562 1106 
4021 1004 1073 944 1169 
4022 505 608 601 1143 
4023 205 206 978 1161 
4024 988 1019 937 1145 
4025 66 788 198 1083 
4026 760 761 757 1096 
4027 1001 1069 984 1160 
4028 183 975 290 1111 
4029 689 98 555 1186 
4030 688 726 995 1155 
4031 933 955 1105 1106 
4032 597 1013 424 1114 
4033 34 193 710 402 
4034 657 429 112 638 
4035 62 782 341 342 
4036 655 741 693 997 
4037 688 724 726 1155 
4038 713 682 715 1044 
4039 327 66 198 1083 
4040 930 957 1062 1080 
4041 952 1033 911 1134 
4042 654 686 12 985 
4043 430 115 655 541 
4044 898 906 890 1024 
4045 736 743 690 1140 
4046 496 1036 498 1057 
4047 1009 1013 925 1114 
4048 185 812 58 345 
4049 655 693 115 430 
4050 114 693 619 430 
4051 617 606 503 973 
4052 958 923 1056 1185 
4053 390 984 1069 1160 
4054 209 983 210 1166 
4055 993 1041 941 1156 
4056 855 784 1013 1114 
4057 769 776 765 1034 
4058 855 784 858 1013 
4059 858 818 863 1013 
4060 948 1088 964 1144 
4061 374 991 216 1087 
4062 407 299 300 1004 
4063 721 717 705 1023 
4064 731 733 704 1048 
4065 670 733 740 1048 
4066 835 1064 872 1130 
4067 830 856 855 1009 
4068 855 858 831 1009 
4069 926 1079 1058 1146 
4070 236 237 235 1185 
4071 579 1007 473 1081 
4072 652 14 179 1025 
4073 951 1069 981 1150 
4074 737 1022 732 1068 
4075 965 1183 1021 1188 
4076 892 896 893 967 
4077 599 967 531 1103 
4078 278 344 316 1123 
4079 969 920 1039 1172 
4080 350 179 14 1025 
4081 412 404 204 1096 
4082 137 581 580 787 
4083 344 59 812 345 
4084 971 1039 920 1172 
4085 439 1024 534 1084 
4086 762 767 763 1131 
4087 914 1012 1116 1162 
4088 1000 1015 953 1168 
4089 12 197 654 985 
4090 51 850 845 289 
4091 385 386 352 1187 
4092 312 279 341 1051 
4093 790 129 525 810 
4094 548 1008 577 1178 
4095 545 491 489 1127 
4096 513 553 593 1173 
4097 821 72 785 996 
4098 912 1015 953 1018 
4099 983 1021 922 1166 
4100 184 839 55 310 
4101 761 1096 762 1108 
4102 933 1081 955 1106 
4103 938 1152 1082 1169 
4104 12 686 306 985 
4105 336 668 33 1062 
4106 931 1039 971 1172 
4107 928 1117 963 1124 
4108 240 242 241 1167 
4109 322 324 390 984 
4110 562 1086 524 1107 
4111 929 1007 958 1185 
4112 690 383 672 1101 
4113 912 956 1000 1164 
4114 184 54 800 339 
4115 672 383 402 1101 
4116 604 584 416 1023 
4117 687 745 725 1033 
4118 276 339 308 999 
4119 209 210 211 1166 
4120 700 582 97 1186 
4121 938 944 1152 1169 
4122 984 1001 923 1048 
4123 421 553 992 1173 
4124 657 729 734 1076 
4125 734 742 692 1076 
4126 313 1180 256 1184 
4127 840 205 195 978 
4128 33 668 710 1062 
4129 689 677 98 1186 
4130 885 894 905 1041 
4131 918 1002 1016 1055 
4132 968 910 1127 1184 
4133 720 683 669 966 
4134 336 668 1062 1067 
4135 441 808 806 156 
4136 318 995 678 1187 
4137 311 189 996 1144 
4138 696 18 708 989 
4139 920 1039 971 1057 
4140 12 306 197 985 
4141 587 611 586 1033 
4142 390 984 376 1069 
4143 598 512 576 1109 
4144 403 305 1115 1154 
4145 421 136 823 992 
4146 329 72 821 996 
4147 699 740 733 1045 
4148 383 35 672 402 
4149 193 336 33 1062 
4150 722 721 650 970 
4151 1058 1079 615 1146 
4152 780 840 195 978 
4153 473 1007 471 1081 
4154 809 961 846 1151 
4155 954 925 1032 1163 
4156 213 1166 1000 1168 
4157 455 1099 589 1139 
4158 424 597 567 1013 
4159 431 965 443 1183 
4160 920 969 1153 1172 
4161 951 1068 1022 1150 
4162 293 295 1014 1174 
4163 672 690 35 383 
4164 189 785 72 996 
4165 1014 1128 967 1174 
4166 696 346 18 989 
4167 136 581 787 992 
4168 601 1044 542 1143 
4169 555 98 417 1186 
4170 230 1032 229 1090 
4171 515 548 577 1178 
4172 205 195 78 840 
4173 669 730 720 1115 
4174 761 768 777 1054 
4175 1015 1018 912 1188 
4176 859 1106 796 1107 
4177 37 707 305 1154 
4178 347 1065 989 1190 
4179 347 708 18 989 
4180 925 954 1114 1163 
4181 583 584 616 970 
4182 929 958 1056 1185 
4183 955 1008 932 1051 
4184 353 311 189 996 
4185 235 237 343 1126 
4186 436 522 961 1151 
4187 421 553 594 992 
4188 528 443 965 1188 
4189 1032 954 1086 1094 
4190 944 1122 298 1152 
4191 579 1007 1081 1176 
4192 33 710 193 1062 
4193 840 195 78 780 
4194 331 964 281 1124 
4195 874 996 785 1144 
4196 1037 1050 914 1162 
4197 969 1039 920 1153 
4198 662 532 438 1118 
4199 214 211 372 1087 
4200 914 998 968 1138 
4201 436 525 128 810 
4202 338 962 1067 1189 
4203 959 982 915 1182 
4204 566 1013 567 1077 
4205 785 874 822 996 
4206 998 942 1138 1158 
4207 366 1078 876 1136 
4208 950 1084 944 1122 
4209 579 473 471 1081 
4210 944 1084 950 1169 
4211 700 97 677 1186 
4212 347 18 346 989 
4213 52 845 801 183 
4214 128 436 810 809 
4215 227 225 226 1124 
4216 256 968 257 1184 
4217 990 1010 929 1119 
4218 329 189 72 996 
4219 248 392 250 1029 
4220 628 484 486 1028 
4221 724 649 723 1175 
4222 297 203 712 1122 
4223 724 1155 649 1175 
4224 958 1160 923 1185 
4225 929 1126 1007 1185 
4226 933 1086 954 1094 
4227 370 181 1155 1175 
4228 953 912 1018 1168 
4229 927 1010 990 1119 
4230 953 1015 913 1179 
4231 969 1111 961 1136 
4232 823 867 869 992 
4233 961 969 931 1111 
4234 364 212 363 1112 
4235 289 50 850 200 
4236 912 953 1015 1168 
4237 669 683 39 296 
4238 208 210 983 1112 
4239 37 305 194 1154 
4240 613 994 454 1070 
4241 236 234 388 1185 
4242 972 919 1052 1090 
4243 265 283 304 1153 
4244 928 1077 1117 1124 
4245 604 502 613 1098 
4246 358 317 1027 1063 
4247 399 398 1091 1159 
4248 933 954 1083 1094 
4249 713 681 1084 1122 
4250 583 616 582 1005 
4251 230 268 982 1090 
4252 801 53 340 339 
4253 956 912 1000 1166 
4254 314 1101 383 1140 
4255 707 37 666 1154 
4256 288 361 229 1032 
4257 976 1045 740 1133 
4258 281 331 330 964 
4259 532 694 662 117 
4260 958 1069 1001 1160 
4261 517 566 567 1077 
4262 932 1007 958 1059 
4263 335 1068 981 1150 
4264 534 1024 535 1073 
4265 576 575 131 827 
4266 912 1164 1021 1166 
4267 796 859 861 1106 
4268 861 864 833 1106 
4269 316 186 359 1123 
4270 419 1109 790 1137 
4271 265 969 263 1172 
4272 943 1050 1037 1162 
4273 957 1120 943 1180 
4274 320 370 181 1155 
4275 466 468 588 1052 
4276 971 1057 940 1121 
4277 946 1027 992 1173 
4278 925 1114 1013 1163 
4279 938 1014 1103 1112 
4280 426 813 152 1030 
4281 919 1032 1086 1094 
4282 1061 1165 916 1190 
4283 936 992 960 1181 
4284 468 469 470 990 
4285 280 1093 343 1105 
4286 991 994 913 1047 
4287 968 1072 937 1127 
4288 37 194 666 1154 
4289 743 1140 997 1154 
4290 781 850 50 200 
4291 333 29 691 1068 
4292 338 1067 396 1189 
4293 414 540 640 1108 
4294 823 992 869 1173 
4295 136 421 581 992 
4296 747 662 438 1118 
4297 923 1010 976 1119 
4298 326 1083 288 1094 
4299 943 1120 1050 1180 
4300 456 1017 458 1070 
4301 319 995 384 1155 
4302 865 839 800 987 
4303 511 496 498 1057 
4304 721 708 664 1065 
4305 283 285 1026 1091 
4306 21 688 678 995 
4307 738 976 740 1133 
4308 688 21 319 995 
4309 21 678 318 995 
4310 862 814 869 1173 
4311 601 1134 952 1143 
4312 778 152 813 1030 
4313 459 458 457 1157 
4314 246 1035 394 1085 
4315 865 786 862 1064 
4316 865 872 835 1064 
4317 420 545 1064 1130 
4318 238 958 1160 1167 
4319 555 1003 689 1186 
4320 873 848 150 1031 
4321 930 986 1080 1192 
4322 949 1099 1030 1179 
4323 910 1120 957 1180 
4324 864 860 792 1008 
4325 826 860 852 1008 
4326 712 203 714 1122 
4327 21 318 319 995 
4328 671 691 29 1068 
4329 464 972 466 1052 
4330 196 323 373 1045 
4331 602 1054 648 1151 
4332 944 1024 1084 1169 
4333 417 97 582 1186 
4334 738 728 1102 1133 
4335 431 442 441 993 
4336 239 241 279 1167 
4337 322 390 323 1045 
4338 920 1121 971 1172 
4339 852 977 870 1125 
4340 851 975 811 1109 
4341 1037 1120 943 1162 
4342 938 1104 1082 1112 
4343 982 1052 915 1182 
4344 1012 1140 403 1154 
4345 1071 1108 907 1151 
4346 916 1017 973 1061 
4347 538 498 500 1057 
4348 208 212 210 1112 
4349 367 301 369 1082 
4350 918 1016 1002 1147 
4351 700 1005 582 1186 
4352 1072 1138 942 1158 
4353 284 302 399 1121 
4354 852 860 820 1051 
4355 816 860 864 1051 
4356 211 213 209 1166 
4357 426 152 564 1030 
4358 987 1019 937 1064 
4359 246 394 248 1085 
4360 450 449 1015 1164 
4361 970 989 916 1005 
4362 1007 1126 958 1185 
4363 1015 912 1164 1188 
4364 129 525 419 790 
4365 1010 1056 923 1185 
4366 536 643 413 1073 
4367 542 1044 605 1143 
4368 959 1052 982 1182 
4369 521 1046 519 1131 
4370 614 458 1017 1070 
4371 601 587 1033 1134 
4372 973 1017 928 1061 
4373 958 1001 923 1160 
4374 683 966 720 1159 
4375 963 972 925 1117 
4376 319 384 320 1155 
4377 807 841 806 993 
4378 590 1030 518 1179 
4379 388 1010 387 1185 
4380 826 1008 852 1178 
4381 931 1111 969 1172 
4382 910 1050 1120 1180 
4383 277 317 1145 1191 
4384 430 639 541 997 
4385 950 1104 1082 1169 
4386 721 664 717 1065 
4387 911 956 1047 1087 
4388 938 1112 1082 1152 
4389 420 544 545 1130 
4390 1006 1017 917 1070 
4391 778 564 152 1030 
4392 838 797 869 1191 
4393 848 425 150 1031 
4394 565 873 150 1031 
4395 956 1087 911 1134 
4396 665 725 715 1044 
4397 982 1052 919 1090 
4398 632 633 572 1076 
4399 677 417 98 1186 
4400 927 976 1010 1119 
4401 827 871 851 1109 
4402 183 51 845 289 
4403 937 1127 988 1184 
4404 852 977 1125 1178 
4405 663 748 1024 1084 
4406 895 891 1004 1128 
4407 1053 1102 728 1133 
4408 49 876 781 1136 
4409 997 1116 1012 1162 
4410 194 403 1140 1154 
4411 404 766 760 1096 
4412 916 1017 1006 1070 
4413 333 334 29 1068 
4414 11 197 712 654 
4415 953 1018 979 1168 
4416 307 258 273 1050 
4417 197 297 11 712 
4418 444 1021 1103 1183 
4419 601 587 415 1033 
4420 288 1032 231 1094 
4421 957 1080 910 1180 
4422 912 1018 965 1188 
4423 944 1073 1024 1169 
4424 205 293 206 1161 
4425 1082 1122 950 1152 
4426 500 519 520 1046 
4427 836 868 870 1123 
4428 438 532 662 118 
4429 184 308 339 999 
4430 293 201 294 1161 
4431 625 478 1016 1147 
4432 912 956 1164 1166 
4433 399 400 1115 1121 
4434 912 1021 983 1166 
4435 559 976 609 1119 
4436 387 323 390 1160 
4437 629 625 507 1016 
4438 895 1004 177 1128 
4439 694 662 720 1118 
4440 600 1103 448 1104 
4441 671 29 334 1068 
4442 912 1015 1000 1168 
4443 589 518 565 1031 
4444 340 52 801 183 
4445 994 1040 913 1099 
4446 626 612 560 1048 
4447 851 811 790 1109 
4448 908 1103 1014 1112 
4449 659 321 23 1053 
4450 531 413 642 967 
4451 273 256 313 1180 
4452 565 150 425 1031 
4453 141 792 826 1008 
4454 345 358 185 1027 
4455 506 627 612 1001 
4456 611 585 586 1171 
4457 364 1082 212 1112 
4458 925 1117 1077 1124 
4459 282 217 1040 1135 
4460 297 203 10 712 
4461 601 542 605 1143 
4462 943 1101 957 1180 
4463 898 1024 890 1073 
4464 932 1007 955 1126 
4465 917 1040 994 1099 
4466 273 1050 256 1180 
4467 558 559 626 1048 
4468 141 423 792 1008 
4469 659 23 684 1053 
4470 228 382 268 1090 
4471 980 1059 932 1167 
4472 939 1046 1026 1091 
4473 955 1051 932 1126 
4474 404 178 766 1096 
4475 918 1059 980 1167 
4476 444 446 448 1021 
4477 948 1139 1043 1157 
4478 282 1040 219 1141 
4479 700 723 722 1005 
4480 984 1001 951 1069 
4481 979 1018 912 1168 
4482 930 1062 957 1076 
4483 911 991 1047 1098 
4484 494 1037 493 1138 
4485 541 636 435 1066 
4486 915 982 959 1187 
4487 441 529 437 993 
4488 922 1082 950 1104 
4489 876 49 366 1136 
4490 612 626 506 1001 
4491 463 972 1117 1163 
4492 977 932 1049 1178 
4493 556 617 618 1097 
4494 915 1052 982 1090 
4495 868 1110 793 1125 
4496 911 1047 991 1087 
4497 980 1049 932 1059 
4498 247 1085 249 1177 
4499 49 781 200 1136 
4500 840 978 841 1161 
4501 963 1090 915 1100 
4502 764 641 763 1131 
4503 197 301 297 1122 
4504 278 358 345 1177 
4505 108 661 569 1058 
4506 403 305 400 1115 
4507 916 989 970 1190 
4508 852 820 782 977 
4509 310 309 184 987 
4510 711 661 108 1058 
4511 938 1073 1004 1169 
4512 926 1022 981 1068 
4513 182 23 321 1053 
4514 49 200 366 1136 
4515 399 400 199 1115 
4516 332 311 281 1144 
4517 209 208 983 1132 
4518 577 141 826 1008 
4519 268 352 230 982 
4520 997 1012 943 1162 
4521 484 483 485 1038 
4522 683 720 719 1159 
4523 436 523 522 1151 
4524 417 677 97 1186 
4525 925 1013 964 1077 
4526 289 1111 200 1136 
4527 219 218 220 1040 
4528 211 1000 213 1166 
4529 690 383 1101 1140 
4530 963 1117 925 1124 
4531 183 290 289 1111 
4532 531 599 413 967 
4533 1054 907 1108 1151 
4534 182 684 23 1053 
4535 921 1019 988 1145 
4536 538 636 1057 1066 
4537 911 1047 956 1134 
4538 530 885 1041 1156 
4539 488 551 508 986 
4540 399 966 296 1159 
4541 463 972 464 1117 
4542 195 978 206 1132 
4543 141 577 423 1008 
4544 700 723 1005 1186 
4545 358 249 317 1063 
4546 485 594 553 1074 
4547 1082 1104 938 1169 
4548 927 1119 990 1148 
4549 712 713 654 1122 
4550 547 589 1031 1139 
4551 911 1033 1025 1171 
4552 438 662 747 118 
4553 984 1069 951 1150 
4554 831 68 830 1009 
4555 468 990 510 1148 
4556 567 461 1077 1117 
4557 510 990 470 1119 
4558 743 997 741 1154 
4559 932 958 1007 1126 
4560 958 932 1059 1167 
4561 980 1002 934 1049 
4562 910 1050 1037 1120 
4563 441 806 437 157 
4564 286 200 1111 1136 
4565 922 956 1060 1166 
4566 722 696 989 1175 
4567 217 216 218 1040 
4568 585 604 1023 1098 
4569 289 286 200 1111 
4570 840 841 807 1161 
4571 325 830 68 1009 
4572 874 834 863 1144 
4573 722 723 696 1175 
4574 650 721 705 970 
4575 537 1084 534 1169 
4576 132 835 789 1130 
4577 490 551 488 986 
4578 32 668 336 1067 
4579 804 875 758 172 
4580 455 518 589 1099 
4581 169 676 759 746 
4582 68 831 188 1009 
4583 553 513 487 1074 
4584 567 463 461 1117 
4585 244 271 246 1035 
4586 569 428 108 1058 
4587 465 972 463 1163 
4588 918 958 1059 1167 
4589 920 1057 971 1121 
4590 639 997 637 1162 
4591 282 217 219 1040 
4592 675 166 716 887 
4593 428 711 108 1058 
4594 714 10 203 712 
4595 639 1116 997 1162 
4596 397 395 315 1080 
4597 764 763 641 122 
4598 147 818 784 1013 
4599 285 371 405 1026 
4600 955 1081 933 1093 
4601 391 335 389 981 
4602 550 1095 631 1120 
4603 585 611 604 1098 
4604 989 1065 970 1190 
4605 482 481 483 1038 
4606 614 456 458 1070 
4607 531 967 642 1156 
4608 717 1023 974 1171 
4609 481 479 552 1020 
4610 935 970 1023 1065 
4611 925 1077 964 1124 
4612 891 890 1004 1073 
4613 347 348 1065 1190 
4614 913 994 991 1040 
4615 494 492 493 1037 
4616 68 188 325 1009 
4617 697 668 32 1067 
4618 999 1072 942 1130 
4619 981 1016 918 1147 
4620 147 784 424 1013 
4621 613 454 456 1070 
4622 818 566 148 1088 
4623 44 766 405 754 
4624 478 480 625 1016 
4625 933 1083 954 1107 
4626 968 1037 910 1050 
4627 768 1054 761 1108 
4628 914 1037 968 1050 
4629 147 566 818 1013 
4630 954 1086 933 1107 
4631 519 501 540 1071 
4632 729 709 736 1095 
4633 946 987 1019 1145 
4634 877 1092 842 1161 
4635 437 806 791 157 
4636 758 804 172 771 
4637 335 393 389 981 
4638 564 518 590 1030 
4639 676 770 169 759 
4640 315 1080 254 1192 
4641 416 584 583 970 
4642 336 337 32 1067 
4643 425 547 589 1031 
4644 376 335 391 1069 
4645 936 1085 1063 1170 
4646 401 403 1012 1140 
4647 977 980 934 1049 
4648 166 675 900 887 
4649 517 1088 1077 1157 
4650 955 1093 933 1105 
4651 971 998 914 1036 
4652 465 464 463 972 
4653 610 1047 502 1098 
4654 943 1095 957 1101 
4655 309 987 277 1145 
4656 957 1095 943 1120 
4657 439 535 534 1024 
4658 946 1063 1027 1191 
4659 390 1069 270 1160 
4660 958 1126 932 1167 
4661 931 969 1039 1172 
4662 209 207 208 1132 
4663 846 850 781 1136 
4664 132 420 835 1130 
4665 424 566 147 1013 
4666 727 728 684 1053 
4667 818 148 798 1088 
4668 935 1023 974 1065 
4669 815 852 870 1125 
4670 870 868 793 1125 
4671 320 384 382 1100 
4672 445 446 1021 1164 
4673 414 521 519 1131 
4674 451 450 449 1015 
4675 852 1125 815 1178 
4676 1026 1046 939 1131 
4677 337 697 32 1067 
4678 211 214 213 1000 
4679 514 1020 552 1110 
4680 854 847 778 1030 
4681 702 717 974 1171 
4682 462 464 1097 1117 
4683 265 1153 969 1172 
4684 524 597 1114 1163 
4685 932 980 977 1049 
4686 74 817 190 1113 
4687 673 753 1034 1159 
4688 513 489 487 1019 
4689 510 470 624 1119 
4690 802 882 1054 1151 
4691 916 1061 973 1165 
4692 705 94 416 1023 
4693 895 896 891 1128 
4694 561 524 597 1114 
4695 695 740 1045 1133 
4696 711 739 735 1058 
4697 651 94 705 1023 
4698 229 231 288 1032 
4699 651 585 94 1023 
4700 124 440 768 1108 
4701 1010 923 1160 1185 
4702 742 697 739 1067 
4703 390 376 270 1069 
4704 725 745 652 1025 
4705 550 1095 1120 1162 
4706 931 998 971 1036 
4707 254 315 313 1080 
4708 692 742 658 1011 
4709 585 416 94 1023 
4710 974 1023 935 1098 
4711 962 1058 1011 1146 
4712 998 1138 1036 1158 
4713 641 414 763 1131 
4714 1005 1165 945 1175 
4715 946 1145 1063 1191 
4716 268 384 385 1187 
4717 238 1160 958 1185 
4718 508 486 488 1028 
4719 989 1165 1005 1175 
4720 960 1089 278 1177 
4721 724 689 1003 1186 
4722 1040 1135 949 1141 
4723 924 1016 1002 1055 
4724 568 148 566 1088 
4725 195 206 207 1132 
4726 363 303 1014 1112 
4727 401 194 403 1140 
4728 88 439 533 1084 
4729 972 1032 925 1163 
4730 249 250 251 1063 
4731 960 1020 934 1089 
4732 855 856 832 1114 
4733 934 1020 960 1110 
4734 943 1012 997 1140 
4735 88 663 439 1084 
4736 939 1118 966 1159 
4737 444 1103 539 1183 
4738 266 218 216 991 
4739 928 1043 1017 1157 
4740 703 661 732 1022 
4741 445 447 446 1164 
4742 588 468 510 1148 
4743 919 972 1032 1090 
4744 493 491 544 1072 
4745 90 682 433 1044 
4746 726 724 689 1003 
4747 253 254 255 988 
4748 464 465 466 972 
4749 254 255 988 1184 
4750 633 631 429 1076 
4751 575 132 789 1130 
4752 495 512 598 1158 
4753 418 101 685 1102 
4754 298 1122 301 1152 
4755 740 738 698 976 
4756 277 309 310 987 
4757 562 524 434 1107 
4758 803 175 888 899 
4759 746 759 773 1034 
4760 277 987 310 1191 
4761 982 1052 959 1148 
4762 537 533 534 1084 
4763 568 798 148 1088 
4764 695 738 740 1133 
4765 539 599 531 1103 
4766 716 887 902 1024 
4767 665 682 90 1044 
4768 839 56 310 1191 
4769 933 1094 1093 1149 
4770 632 1011 574 1146 
4771 92 701 687 1033 
4772 665 90 542 1044 
4773 354 282 1113 1135 
4774 90 433 542 1044 
4775 422 793 138 1110 
4776 310 987 839 1191 
4777 691 1068 732 1142 
4778 961 1071 907 1151 
4779 914 968 1037 1138 
4780 196 373 321 1133 
4781 175 803 844 899 
4782 547 568 517 1088 
4783 1010 1056 929 1119 
4784 586 701 92 1033 
4785 92 687 415 1033 
4786 602 648 523 1151 
4787 46 760 757 204 
4788 817 74 805 1113 
4789 632 574 628 1146 
4790 265 264 1153 1172 
4791 122 763 641 414 
4792 144 796 563 1107 
4793 44 766 178 405 
4794 222 220 378 1006 
4795 314 383 401 1140 
4796 570 629 569 1022 
4797 588 1052 1148 1182 
4798 923 1056 1010 1119 
4799 656 733 731 984 
4800 744 702 717 974 
4801 74 190 328 1113 
4802 663 681 748 1084 
4803 392 396 272 1029 
4804 628 508 632 1028 
4805 908 1103 1021 1183 
4806 643 535 884 1073 
4807 738 728 679 1102 
4808 591 592 528 1018 
4809 478 477 479 1002 
4810 783 864 861 1105 
4811 934 1110 960 1123 
4812 940 1012 997 1116 
4813 737 1068 671 1150 
4814 415 586 92 1033 
4815 588 1148 621 1182 
4816 317 1063 251 1145 
4817 374 266 216 991 
4818 959 621 1148 1182 
4819 899 844 903 1041 
4820 65 837 327 1105 
4821 641 121 607 764 
4822 679 685 101 1102 
4823 196 695 25 1045 
4824 695 699 25 1045 
4825 959 1053 927 1102 
4826 374 216 214 1087 
4827 962 1058 926 1142 
4828 368 375 349 974 
4829 632 572 573 1011 
4830 202 1034 398 1159 
4831 729 710 734 1062 
4832 865 862 839 987 
4833 479 480 478 1002 
4834 132 575 420 1130 
4835 737 732 671 1068 
4836 321 1053 659 1133 
4837 322 25 699 1045 
4838 988 1127 910 1184 
4839 829 138 793 1110 
4840 277 1145 987 1191 
4841 295 363 1014 1128 
4842 503 460 617 973 
4843 844 878 903 1041 
4844 307 403 275 1012 
4845 816 187 63 1051 
4846 743 693 741 997 
4847 976 1102 927 1133 
4848 735 691 732 1142 
4849 856 859 819 1107 
4850 773 751 746 1034 
4851 448 600 599 1103 
4852 818 1013 566 1088 
4853 179 351 365 1025 
4854 874 863 798 1088 
4855 920 1046 1091 1153 
4856 88 533 680 1084 
4857 261 262 263 1172 
4858 63 820 816 1051 
4859 144 819 796 1107 
4860 271 379 394 1035 
4861 999 937 1072 1130 
4862 670 104 704 1048 
4863 535 898 884 1073 
4864 261 362 259 998 
4865 196 695 1045 1133 
4866 360 280 343 1105 
4867 749 716 902 1024 
4868 322 196 25 1045 
4869 829 868 866 1110 
4870 862 839 987 1191 
4871 680 663 88 1084 
4872 947 1046 1026 1131 
4873 418 557 101 1102 
4874 758 772 875 1054 
4875 955 1081 1007 1176 
4876 630 615 1079 1146 
4877 974 1098 911 1171 
4878 464 466 504 1052 
4879 124 768 755 1108 
4880 580 514 552 1110 
4881 535 163 643 884 
4882 558 104 670 1048 
4883 594 485 483 1181 
4884 560 704 104 1048 
4885 609 559 432 976 
4886 555 556 1003 1186 
4887 28 671 334 1150 
4888 839 797 56 1191 
4889 809 846 849 1151 
4890 915 1097 963 1100 
4891 317 251 277 1145 
4892 267 381 1061 1165 
4893 1050 1180 910 1184 
4894 783 837 65 1105 
4895 1036 1138 495 1158 
4896 640 123 763 755 
4897 643 162 892 884 
4898 754 767 766 1026 
4899 963 1097 972 1117 
4900 393 1068 333 1142 
4901 63 341 820 1051 
4902 916 1005 989 1165 
4903 440 124 640 1108 
4904 582 1005 606 1186 
4905 46 760 204 404 
4906 739 658 742 1011 
4907 328 805 74 1113 
4908 403 194 305 1154 
4909 178 283 285 1026 
4910 358 247 249 1177 
4911 767 1026 765 1131 
4912 144 563 434 1107 
4913 182 1053 386 1187 
4914 920 1091 966 1121 
4915 595 1049 578 1125 
4916 891 884 890 1073 
4917 872 800 828 999 
4918 894 1128 883 1174 
4919 259 260 261 998 
4920 762 760 766 1096 
4921 558 560 104 1048 
4922 341 63 187 1051 
4923 893 892 642 161 
4924 527 451 1015 1179 
4925 679 101 557 1102 
4926 997 1140 1012 1154 
4927 209 213 356 1168 
4928 895 889 84 407 
4929 497 1036 495 1158 
4930 760 45 766 404 
4931 213 1000 215 1168 
4932 254 313 256 1184 
4933 703 732 737 1022 
4934 648 1054 440 1108 
4935 659 1053 728 1133 
4936 980 1002 918 1055 
4937 328 354 282 1113 
4938 298 300 299 1152 
4939 580 422 138 1110 
4940 929 1056 1010 1185 
4941 578 1125 1049 1178 
4942 585 1023 651 1171 
4943 163 535 898 884 
4944 262 302 264 1172 
4945 939 966 1091 1159 
4946 960 1089 934 1123 
4947 65 327 360 1105 
4948 537 600 1104 1169 
4949 142 833 792 1176 
4950 288 326 198 1083 
4951 502 610 452 1047 
4952 376 390 324 984 
4953 889 299 85 407 
4954 1035 1085 909 1189 
4955 880 875 772 1054 
4956 914 1036 998 1138 
4957 805 847 854 1113 
4958 144 434 819 1107 
4959 346 380 989 1165 
4960 892 413 162 643 
4961 802 849 882 1151 
4962 701 1033 586 1171 
4963 385 182 386 1187 
4964 768 440 1054 1108 
4965 1081 1106 516 1176 
4966 337 396 338 1067 
4967 333 1068 691 1142 
4968 123 763 414 640 
4969 283 284 1091 1153 
4970 756 607 121 764 
4971 113 619 660 1095 
4972 380 1165 267 1190 
4973 514 481 1020 1181 
4974 439 663 1024 1084 
4975 334 1068 335 1150 
4976 146 424 784 1114 
4977 113 660 709 1095 
4978 578 1049 515 1178 
4979 598 1109 419 1137 
4980 300 177 407 1004 
4981 894 896 883 1128 
4982 886 299 85 889 
4983 829 580 138 1110 
4984 724 677 689 1186 
4985 355 979 356 1168 
4986 783 65 360 1105 
4987 929 1093 1042 1149 
4988 160 893 530 642 
4989 161 892 642 413 
4990 584 613 614 1070 
4991 706 671 28 1150 
4992 486 485 487 1074 
4993 495 1036 496 1138 
4994 792 833 864 1176 
4995 802 880 646 1054 
4996 363 212 303 1112 
4997 208 207 206 1132 
4998 393 333 379 1142 
4999 730 1115 707 1154 
5000 571 612 627 1147 
5001 598 1109 1137 1158 
5002 931 961 1111 1137 
5003 504 1052 588 1182 
5004 514 483 481 1181 
5005 631 550 638 1095 
5006 208 303 212 1112 
5007 228 230 229 1090 
5008 835 133 786 1064 
5009 700 677 723 1186 
5010 788 859 856 1083 
5011 334 393 335 1068 
5012 295 1128 1014 1174 
5013 595 515 578 1049 
5014 557 622 609 1102 
5015 438 634 607 1075 
5016 84 895 407 177 
5017 45 766 404 178 
5018 310 56 357 1191 
5019 651 1023 717 1171 
5020 256 273 258 1050 
5021 237 236 238 1185 
5022 672 729 736 1101 
5023 512 1072 544 1130 
5024 998 1036 931 1158 
5025 925 1117 972 1163 
5026 28 334 191 1150 
5027 709 638 113 1095 
5028 530 885 893 160 
5029 535 1024 898 1073 
5030 559 609 624 1119 
5031 384 995 318 1187 
5032 761 762 755 1108 
5033 701 745 1033 1171 
5034 146 784 832 1114 
5035 619 113 638 1095 
5036 398 202 371 1034 
5037 870 852 782 977 
5038 351 374 372 1087 
5039 546 786 133 1064 
5040 423 1008 548 1176 
5041 525 522 526 1137 
5042 555 417 556 1186 
5043 142 792 423 1176 
5044 313 1080 395 1180 
5045 240 270 391 1069 
5046 666 1140 743 1154 
5047 835 420 133 1064 
5048 673 719 753 1159 
5049 516 471 469 1081 
5050 974 1023 1098 1171 
5051 751 411 673 1034 
5052 124 755 640 1108 
5053 835 872 789 1130 
5054 378 1006 377 1190 
5055 737 706 731 1150 
5056 1000 1166 912 1168 
5057 931 1137 975 1158 
5058 833 142 596 1176 
5059 596 516 1106 1176 
5060 445 1021 444 1183 
5061 422 793 1110 1125 
5062 346 1165 989 1175 
5063 364 301 1082 1152 
5064 1021 1183 445 1188 
5065 30 674 192 1142 
5066 561 424 146 1114 
5067 959 1102 927 1148 
5068 905 897 1092 1174 
5069 681 680 713 1084 
5070 526 598 419 1137 
5071 250 1029 272 1192 
5072 424 1013 784 1114 
5073 420 1064 835 1130 
5074 871 872 828 999 
5075 111 692 572 1076 
5076 399 296 398 1159 
5077 571 629 570 1022 
5078 347 348 180 1065 
5079 773 769 411 1034 
5080 955 1106 1081 1176 
5081 927 1102 1053 1133 
5082 582 606 417 1186 
5083 579 1081 516 1176 
5084 692 111 657 1076 
5085 504 588 621 1182 
5086 975 1109 942 1158 
5087 671 1068 334 1150 
5088 878 791 644 1041 
5089 283 284 285 1091 
5090 929 1081 1093 1149 
5091 146 832 561 1114 
5092 968 1050 910 1184 
5093 907 1136 961 1151 
5094 429 657 111 1076 
5095 919 1042 1094 1149 
5096 796 1106 563 1107 
5097 556 620 555 1003 
5098 845 811 851 975 
5099 315 395 313 1080 
5100 909 1028 1029 1170 
5101 937 1019 988 1127 
5102 242 389 244 1055 
5103 997 1012 940 1154 
5104 741 730 707 1154 
5105 921 1029 1028 1170 
5106 943 1120 1095 1162 
5107 931 1111 975 1137 
5108 807 877 842 1161 
5109 964 1077 1013 1088 
5110 277 357 317 1191 
5111 690 672 736 1101 
5112 305 707 1115 1154 
5113 639 430 637 997 
5114 495 497 496 1036 
5115 546 133 420 1064 
5116 891 889 895 1004 
5117 881 876 410 1078 
5118 752 774 770 1075 
5119 527 590 451 1179 
5120 367 212 364 1082 
5121 111 572 429 1076 
5122 770 676 752 1075 
5123 768 646 772 1054 
5124 574 632 573 1011 
5125 977 1049 934 1125 
5126 191 335 376 1150 
5127 297 298 203 1122 
5128 765 767 754 1026 
5129 252 315 254 1192 
5130 706 28 191 1150 
5131 443 445 444 1183 
5132 501 522 523 1071 
5133 455 454 453 1099 
5134 442 431 443 1183 
5135 528 592 443 1188 
5136 538 635 636 1066 
5137 286 287 200 1136 
5138 443 445 1183 1188 
5139 250 272 252 1192 
5140 395 1101 314 1180 
5141 545 489 513 1019 
5142 666 743 741 1154 
5143 761 760 762 1096 
5144 749 645 663 1024 
5145 380 347 989 1190 
5146 295 293 294 1174 
5147 453 518 1099 1179 
5148 848 873 822 1031 
5149 238 387 1160 1185 
5150 388 387 236 1185 
5151 662 747 719 1118 
5152 785 996 189 1144 
5153 712 714 681 1122 
5154 327 198 326 1083 
5155 837 859 788 1083 
5156 226 381 382 1100 
5157 792 1008 423 1176 
5158 245 278 1089 1177 
5159 193 395 397 1062 
5160 888 879 803 1092 
5161 200 287 366 1136 
5162 797 357 56 1191 
5163 237 239 312 1126 
5164 738 659 728 1133 
5165 326 288 231 1094 
5166 496 511 543 1116 
5167 491 492 490 1127 
5168 879 888 901 1092 
5169 903 644 885 1041 
5170 222 223 221 1043 
5171 702 651 717 1171 
5172 346 370 380 1165 
5173 696 346 989 1175 
5174 781 876 849 1136 
5175 547 457 1139 1157 
5176 205 978 840 1161 
5177 898 645 902 1024 
5178 462 463 464 1117 
5179 509 550 1120 1162 
5180 674 30 691 1142 
5181 616 606 582 1005 
5182 594 581 992 1181 
5183 283 264 284 1153 
5184 610 502 611 1098 
5185 752 747 647 1075 
5186 881 775 771 1078 
5187 526 598 1137 1158 
5188 921 1074 1063 1170 
5189 480 507 625 1016 
5190 499 500 498 1039 
5191 283 265 264 1153 
5192 421 992 823 1173 
5193 688 995 319 1155 
5194 701 702 745 1171 
5195 205 206 195 978 
5196 30 192 333 1142 
5197 596 579 516 1176 
5198 295 177 363 1128 
5199 771 804 881 1078 
5200 956 1000 1087 1166 
5201 213 215 291 1168 
5202 253 309 277 1145 
5203 773 411 751 1034 
5204 444 448 539 1103 
5205 423 596 142 1176 
5206 779 853 825 979 
5207 511 538 636 1057 
5208 862 869 797 1191 
5209 356 355 292 979 
5210 959 1148 1052 1182 
5211 933 1093 1081 1149 
5212 936 1063 1074 1170 
5213 194 1140 666 1154 
5214 437 644 791 1041 
5215 422 139 793 1125 
5216 462 464 618 1097 
5217 898 890 884 1073 
5218 139 578 815 1125 
5219 878 644 903 1041 
5220 668 734 710 1062 
5221 355 356 291 1168 
5222 311 221 223 1043 
5223 677 724 723 1186 
5224 209 208 210 983 
5225 411 202 673 1034 
5226 312 343 237 1126 
5227 143 563 796 1106 
5228 527 592 591 1018 
5229 652 745 718 1025 
5230 880 772 646 1054 
5231 909 1085 1038 1170 
5232 774 647 756 1075 
5233 385 384 318 1187 
5234 247 248 249 1085 
5235 331 281 225 1124 
5236 290 263 286 1111 
5237 440 646 768 1054 
5238 378 380 267 1190 
5239 620 618 504 1182 
5240 489 491 490 1127 
5241 956 1087 1060 1166 
5242 232 234 233 1042 
5243 267 370 381 1165 
5244 406 883 83 1128 
5245 284 399 398 1091 
5246 833 596 143 1106 
5247 562 467 524 1086 
5248 775 410 757 1078 
5249 139 422 578 1125 
5250 575 512 544 1130 
5251 891 890 889 1004 
5252 787 867 823 992 
5253 472 623 624 1056 
5254 317 185 358 1027 
5255 624 609 510 1119 
5256 796 833 143 1106 
5257 453 590 518 1179 
5258 437 530 1041 1156 
5259 645 749 902 1024 
5260 139 815 793 1125 
5261 990 1042 919 1149 
5262 227 331 225 1124 
5263 370 1165 346 1175 
5264 500 499 501 1039 
5265 350 351 179 1025 
5266 1049 1125 977 1178 
5267 214 215 213 1000 
5268 936 1038 1085 1170 
5269 919 1094 1086 1149 
5270 230 228 268 1090 
5271 333 691 30 1142 
5272 353 189 329 996 
5273 686 654 715 985 
5274 234 232 274 1042 
5275 439 663 645 1024 
5276 497 498 496 1036 
5277 802 646 602 1054 
5278 443 1183 965 1188 
5279 199 38 669 1115 
5280 211 269 372 1060 
5281 799 60 344 1123 
5282 547 459 457 1157 
5283 785 822 821 996 
5284 897 408 901 1092 
5285 732 691 671 1068 
5286 707 38 305 1115 
5287 564 590 426 1030 
5288 449 527 451 1015 
5289 297 301 298 1122 
5290 364 363 300 1152 
5291 417 606 556 1186 
5292 421 594 581 992 
5293 83 883 895 1128 
5294 186 60 836 1123 
5295 475 476 474 1059 
5296 549 550 631 1120 
5297 975 1137 1109 1158 
5298 548 423 577 1008 
5299 346 380 347 989 
5300 495 496 494 1138 
5301 314 402 383 1101 
5302 630 574 615 1146 
5303 842 879 408 1092 
5304 224 222 267 1061 
5305 799 836 60 1123 
5306 529 441 442 993 
5307 224 267 381 1061 
5308 577 1008 826 1178 
5309 177 406 83 1128 
5310 395 402 314 1101 
5311 143 596 563 1106 
5312 529 539 531 1156 
5313 562 469 467 1086 
5314 615 507 630 1079 
5315 722 696 708 989 
5316 662 719 720 1118 
5317 509 1120 1037 1162 
5318 348 378 377 1190 
5319 534 1073 536 1169 
5320 280 235 343 1093 
5321 648 602 440 1054 
5322 468 470 510 990 
5323 392 338 396 1189 
5324 929 1042 990 1149 
5325 827 790 130 1109 
5326 780 841 840 978 
5327 177 83 895 1128 
5328 521 414 641 1131 
5329 854 778 813 1030 
5330 366 412 204 1078 
5331 423 548 579 1176 
5332 576 827 130 1109 
5333 275 400 302 1121 
5334 306 369 197 985 
5335 772 173 758 875 
5336 716 167 902 887 
5337 168 746 759 773 
5338 199 305 38 1115 
5339 517 459 547 1157 
5340 707 669 38 1115 
5341 472 474 623 1056 
5342 233 235 280 1093 
5343 688 726 678 995 
5344 646 126 880 802 
5345 393 334 333 1068 
5346 348 368 180 1065 
5347 189 71 785 1144 
5348 933 1086 1094 1149 
5349 713 712 681 1122 
5350 41 673 751 411 
5351 532 634 438 1118 
5352 379 338 394 1189 
5353 625 627 478 1147 
5354 178 285 405 1026 
5355 862 797 839 1191 
5356 775 47 757 410 
5357 220 377 378 1006 
5358 647 747 752 119 
5359 357 277 310 1191 
5360 409 750 714 1129 
5361 881 876 48 410 
5362 318 384 319 995 
5363 445 449 1164 1188 
5364 684 728 659 1053 
5365 603 537 600 1104 
5366 711 735 661 1058 
5367 886 904 409 1129 
5368 397 336 193 1062 
5369 537 534 600 1169 
5370 769 42 773 411 
5371 647 747 438 1075 
5372 316 245 278 1089 
5373 450 452 610 1047 
5374 186 344 60 1123 
5375 885 644 530 1041 
5376 366 410 876 1078 
5377 757 410 204 1078 
5378 130 790 419 1109 
5379 904 900 750 1129 
5380 243 242 244 1055 
5381 535 645 898 1024 
5382 475 477 476 1059 
5383 675 750 900 1129 
5384 325 188 361 1009 
5385 596 1106 833 1176 
5386 566 517 568 1088 
5387 742 668 697 1067 
5388 746 673 753 1034 
5389 328 190 354 1113 
5390 746 168 751 773 
5391 602 802 1054 1151 
5392 877 791 844 1041 
5393 442 444 539 1183 
5394 238 236 387 1185 
5395 617 462 618 1097 
5396 173 772 880 875 
5397 167 902 749 716 
5398 439 534 533 1084 
5399 307 401 403 1012 
5400 445 592 449 1188 
5401 863 818 798 1088 
5402 380 989 1165 1190 
5403 304 178 404 1096 
5404 182 385 318 1187 
5405 830 855 831 1009 
5406 457 455 589 1139 
5407 888 879 174 803 
5408 243 245 316 1089 
5409 673 1034 202 1159 
5410 174 901 879 888 
5411 406 1128 295 1174 
5412 755 768 761 1108 
5413 647 774 756 120 
5414 784 818 858 1013 
5415 842 408 201 1092 
5416 834 71 332 1144 
5417 424 567 566 1013 
5418 231 233 326 1094 
5419 663 748 716 1024 
5420 834 785 71 1144 
5421 600 448 603 1104 
5422 364 301 367 1082 
5423 536 534 535 1073 
5424 644 791 878 158 
5425 380 348 347 1190 
5426 127 802 602 1151 
5427 182 321 386 1053 
5428 484 482 483 1038 
5429 526 497 598 1158 
5430 749 645 87 663 
5431 805 854 817 1113 
5432 365 372 269 1060 
5433 371 411 769 1034 
5434 408 80 879 842 
5435 481 552 514 1020 
5436 294 408 897 1092 
5437 651 705 717 1023 
5438 792 860 826 1008 
5439 750 9 409 714 
5440 849 846 781 1136 
5441 189 332 71 1144 
5442 293 295 303 1014 
5443 364 298 301 1152 
5444 187 312 341 1051 
5445 615 428 569 1058 
5446 563 562 434 1107 
5447 676 753 747 1075 
5448 685 679 728 1102 
5449 515 595 477 1049 
5450 634 520 521 1046 
5451 793 868 829 1110 
5452 714 203 409 1129 
5453 422 580 552 1110 
5454 595 578 422 1125 
5455 419 576 130 1109 
5456 882 875 802 1054 
5457 360 327 280 1105 
5458 204 757 47 410 
5459 701 745 687 1033 
5460 604 416 585 1023 
5461 859 796 819 1107 
5462 465 463 597 1163 
5463 445 446 444 1021 
5464 1021 1164 912 1188 
5465 246 248 247 1085 
5466 882 876 804 1078 
5467 649 181 19 1175 
5468 842 1092 201 1161 
5469 544 512 493 1072 
5470 252 272 315 1192 
5471 881 171 771 775 
5472 299 886 409 1129 
5473 542 433 605 1044 
5474 752 170 770 774 
5475 704 733 670 1048 
5476 737 671 706 1150 
5477 165 750 904 900 
5478 253 277 251 1145 
5479 878 844 791 1041 
5480 752 647 774 1075 
5481 171 771 804 881 
5482 770 676 170 752 
5483 587 586 415 1033 
5484 363 303 295 1014 
5485 740 699 695 1045 
5486 419 525 526 1137 
5487 302 400 399 1121 
5488 396 337 336 1067 
5489 449 450 447 1164 
5490 750 165 675 900 
5491 574 630 628 1146 
5492 783 861 837 1105 
5493 392 248 394 1189 
5494 665 715 682 1044 
5495 803 842 877 1092 
5496 392 272 250 1029 
5497 508 628 486 1028 
5498 494 493 495 1138 
5499 759 776 769 1034 
5500 660 736 709 1095 
5501 509 637 550 1162 
5502 194 36 666 1140 
5503 905 894 897 1174 
5504 888 905 897 1092 
5505 425 589 565 1031 
5506 987 1145 946 1191 
5507 41 673 411 202 
5508 690 36 383 1140 
5509 898 887 906 1024 
5510 482 630 507 1079 
5511 690 666 36 1140 
5512 354 215 217 1135 
5513 688 319 20 1155 
5514 647 438 747 119 
5515 504 466 588 1052 
5516 532 635 634 1118 
5517 492 494 509 1037 
5518 20 181 649 1155 
5519 246 271 394 1035 
5520 561 597 424 1114 
5521 764 767 765 1131 
5522 594 514 581 1181 
5523 622 621 588 1148 
5524 598 497 495 1158 
5525 809 802 127 1151 
5526 675 748 714 1129 
5527 294 1092 897 1174 
5528 219 217 218 1040 
5529 751 673 746 1034 
5530 538 511 498 1057 
5531 815 1125 578 1178 
5532 749 663 716 1024 
5533 255 256 257 1184 
5534 816 820 860 1051 
5535 245 247 278 1177 
5536 420 545 546 1064 
5537 445 1164 1021 1188 
5538 19 346 696 1175 
5539 916 1165 989 1190 
5540 265 263 264 1172 
5541 770 756 776 1075 
5542 771 757 777 1078 
5543 560 558 626 1048 
5544 418 622 557 1102 
5545 644 437 791 158 
5546 773 759 769 1034 
5547 621 554 620 1182 
5548 881 410 775 1078 
5549 645 439 87 663 
5550 756 647 607 1075 
5551 898 902 887 1024 
5552 835 786 865 1064 
5553 40 673 202 1159 
5554 579 471 516 1081 
5555 126 646 602 802 
5556 855 832 784 1114 
5557 80 408 201 842 
5558 758 777 768 1054 
5559 608 610 587 1134 
5560 191 334 335 1150 
5561 436 809 127 1151 
5562 640 648 440 1108 
5563 196 322 323 1045 
5564 203 409 9 714 
5565 282 354 217 1135 
5566 421 823 135 1173 
5567 346 19 181 1175 
5568 366 48 876 410 
5569 249 251 317 1063 
5570 602 436 127 1151 
5571 657 734 692 1076 
5572 681 663 680 1084 
5573 509 550 549 1120 
5574 899 885 905 1041 
5575 883 1128 406 1174 
5576 567 461 517 1077 
5577 353 219 221 1141 
5578 903 885 899 1041 
5579 649 688 20 1155 
5580 381 320 382 1100 
5581 802 875 880 1054 
5582 814 593 135 1173 
5583 194 383 36 1140 
5584 282 219 353 1141 
5585 906 900 886 1129 
5586 19 696 649 1175 
5587 600 534 536 1169 
5588 578 140 815 1178 
5589 553 487 485 1074 
5590 674 691 735 1142 
5591 164 645 902 898 
5592 319 181 20 1155 
5593 82 883 406 1174 
5594 437 529 530 1156 
5595 901 81 408 897 
5596 768 772 758 1054 
5597 563 596 516 1106 
5598 463 462 461 1117 
5599 904 409 86 886 
5600 79 842 201 1161 
5601 613 456 614 1070 
5602 603 505 605 1143 
5603 181 649 1155 1175 
5604 547 457 589 1139 
5605 879 901 408 1092 
5606 683 40 296 1159 
5607 577 826 140 1178 
5608 186 316 344 1123 
5609 40 202 296 1159 
5610 286 289 290 1111 
5611 159 885 903 644 
5612 659 738 695 1133 
5613 40 683 673 1159 
5614 604 611 502 1098 
5615 814 135 823 1173 
5616 313 395 314 1180 
5617 214 372 374 1087 
5618 205 840 79 1161 
5619 313 314 273 1180 
5620 833 796 861 1106 
5621 868 836 799 1123 
5622 311 332 189 1144 
5623 453 518 455 1099 
5624 42 769 371 411 
5625 827 851 790 1109 
5626 524 465 597 1163 
5627 379 333 192 1142 
5628 638 550 619 1095 
5629 627 625 571 1147 
5630 635 435 636 1066 
5631 270 376 391 1069 
5632 669 707 730 1115 
5633 429 572 633 1076 
5634 451 590 453 1179 
5635 201 205 79 1161 
5636 815 140 826 1178 
5637 519 521 520 1046 
5638 238 240 239 1167 
5639 380 370 267 1165 
5640 593 421 135 1173 
5641 404 412 304 1096 
5642 82 294 897 1174 
5643 763 767 764 1131 
5644 834 874 785 1144 
5645 598 576 419 1109 
5646 120 756 647 607 
5647 523 540 501 1071 
5648 82 897 883 1174 
5649 588 510 622 1148 
5650 608 587 601 1134 
5651 809 849 802 1151 
5652 294 406 295 1174 
5653 530 644 437 1041 
5654 602 523 436 1151 
5655 752 676 747 1075 
5656 601 605 505 1143 
5657 645 164 535 898 
5658 421 593 553 1173 
5659 284 398 285 1091 
5660 294 408 81 897 
5661 599 539 448 1103 
5662 743 666 690 1140 
5663 639 543 511 1116 
5664 181 370 346 1175 
5665 420 575 544 1130 
5666 840 842 79 1161 
5667 774 756 770 1075 
5668 578 577 140 1178 
5669 883 896 895 1128 
5670 651 702 701 1171 
5671 299 86 409 886 
5672 294 82 406 1174 
5673 815 870 793 1125 
5674 238 387 270 1160 
5675 750 409 904 1129 
5676 741 707 666 1154 
5677 159 530 885 644 
5678 177 295 406 1128 
5679 643 536 535 1073 
5680 116 117 694 435 
5681 577 578 515 1178 
5682 688 649 724 1155 
5683 669 39 38 199 
5684 775 757 771 1078 
5685 897 901 888 1092 
5686 148 149 798 568 
5687 648 640 540 1108 
5688 881 804 876 1078 
5689 832 145 146 561 
5690 325 67 68 830 
5691 535 439 645 1024 
5692 66 67 198 788 
5693 819 144 145 434 
5694 355 75 76 779 
5695 20 19 649 181 
5696 677 97 98 417 
5697 22 21 678 318 
5698 653 99 100 554 
5699 332 70 71 834 
5700 68 69 188 831 
5701 146 147 784 424 
5702 698 102 103 432 
5703 695 25 24 196 
5704 191 27 28 706 
5705 106 105 427 667 
5706 673 683 719 1159 
5707 30 31 192 674 
5708 109 108 428 711 
5709 92 91 415 687 
5710 13 14 179 652 
5711 816 64 63 187 
5712 423 142 141 792 
5713 153 824 591 154 
5714 76 77 292 825 
5715 327 65 66 837 
5716 796 143 144 563 
5717 685 100 101 418 
5718 23 22 684 182 
5719 147 148 818 566 
5720 330 69 70 795 
5721 91 90 542 665 
5722 528 794 155 154 
5723 707 38 37 305 
5724 115 116 655 541 
5725 814 823 869 1173 
5726 329 72 73 821 
5727 77 78 195 780 
5728 387 390 270 1160 
5729 689 98 99 555 
5730 688 21 20 319 
5731 153 426 813 152 
5732 833 143 596 142 
5733 360 64 65 783 
5734 782 62 61 342 
5735 140 139 578 815 
5736 826 852 815 1178 
5737 74 75 190 817 
5738 12 13 306 686 
5739 156 431 808 155 
5740 189 71 72 785 
5741 797 57 56 357 
5742 593 135 134 814 
5743 239 240 241 1167 
5744 400 305 199 1115 
5745 812 59 58 345 
5746 136 581 137 787 
5747 530 531 642 1156 
5748 73 74 328 805 
5749 90 89 433 682 
5750 440 602 646 1054 
5751 836 61 60 186 
5752 139 138 422 793 
5753 94 95 705 416 
5754 197 11 12 654 
5755 56 55 839 310 
5756 546 134 133 786 
5757 110 109 573 658 
5758 337 31 32 697 
5759 558 104 103 670 
5760 322 25 26 699 
5761 700 96 97 582 
5762 696 19 18 346 
5763 650 95 96 583 
5764 94 93 585 651 
5765 664 17 16 180 
5766 151 778 564 152 
5767 319 320 181 1155 
5768 93 92 586 701 
5769 842 803 879 1092 
5770 133 132 420 835 
5771 55 54 800 184 
5772 509 543 637 1162 
5773 32 33 336 668 
5774 572 111 110 692 
5775 570 107 106 703 
5776 28 29 334 671 
5777 679 101 102 557 
5778 24 23 659 321 
5779 421 136 135 823 
5780 838 58 57 185 
5781 150 151 873 565 
5782 848 149 150 425 
5783 53 52 801 340 
5784 708 18 17 347 
5785 108 107 569 661 
5786 333 29 30 691 
5787 324 26 27 656 
5788 560 105 104 704 
5789 820 63 62 341 
5790 141 140 577 826 
5791 131 130 576 827 
5792 696 723 649 1175 
5793 201 293 205 1161 
5794 129 128 525 810 
5795 14 15 350 718 
5796 411 371 202 1034 
5797 580 138 137 829 
5798 799 60 59 344 
5799 15 16 349 744 
5800 254 256 255 1184 
5801 278 247 358 1177 
5802 51 50 850 289 
5803 716 166 167 887 
5804 173 758 875 172 
5805 445 449 447 1164 
5806 89 88 533 680 
5807 746 759 169 168 
5808 413 161 892 162 
5809 842 840 807 1161 
5810 158 437 791 157 
5811 54 53 828 339 
5812 132 131 575 789 
5813 194 401 383 1140 
5814 806 441 156 157 
5815 414 122 763 123 
5816 439 88 87 663 
5817 37 36 666 194 
5818 693 114 115 430 
5819 294 201 408 1092 
5820 79 80 201 842 
5821 127 126 602 802 
5822 203 299 409 1129 
5823 33 34 193 710 
5824 429 112 111 657 
5825 263 262 264 1172 
5826 291 356 213 1168 
5827 709 112 113 638 
5828 672 35 34 402 
5829 9 10 203 714 
5830 130 129 419 790 
5831 895 84 83 177 
5832 78 79 205 840 
5833 886 900 904 1129 
5834 10 11 297 712 
5835 766 45 44 178 
5836 49 48 876 366 
5837 750 675 714 1129 
5838 163 535 164 898 
5839 114 660 113 619 
5840 36 35 690 383 
5841 294 81 82 897 
5842 52 51 845 183 
5843 299 85 86 886 
5844 514 594 483 1181 
5845 885 530 159 160 
5846 175 888 174 803 
5847 899 844 175 176 
5848 436 128 127 809 
5849 442 443 444 1183 
5850 673 41 40 202 
5851 592 445 443 1188 
5852 40 39 683 296 
5853 119 438 747 118 
5854 204 410 366 1078 
5855 647 438 607 1075 
5856 769 43 42 371 
5857 883 897 894 1174 
5858 117 662 532 118 
5859 423 579 596 1176 
5860 607 120 756 121 
5861 50 49 781 200 
5862 757 47 46 204 
5863 440 125 124 768 
5864 621 620 504 1182 
5865 165 166 675 900 
5866 296 202 398 1159 
5867 169 770 676 170 
5868 804 172 771 171 
5869 378 348 380 1190 
5870 300 298 364 1152 
5871 774 752 6 647 
5872 773 2 751 411 
5873 904 1 409 750 
5874 901 408 4 879 
5875 903 878 8 644 
5876 5 645 749 902 
5877 394 338 392 1189 
5878 530 529 531 1156 
5879 775 881 3 410 
5880 772 646 7 880 
5881 162 643 163 884 
5882 889 85 84 407 
5883 82 83 406 883 
5884 642 160 893 161 
5885 405 43 44 754 
5886 764 641 121 122 
5887 123 640 124 755 
5888 760 46 45 404 
5889 408 80 4 879 
5890 1 9 409 750 
5891 647 752 6 119 
5892 644 878 8 158 
5893 645 87 5 749 
5894 751 2 41 411 
5895 6 774 647 120 
5896 42 2 773 411 
5897 775 3 47 410 
5898 751 168 2 773 
5899 7 772 880 173 
5900 125 646 7 772 
5901 3 171 881 775 
5902 6 170 752 774 
5903 902 749 5 167 
5904 879 4 901 174 
5905 8 176 878 903 
5906 750 904 1 165 
5907 881 48 3 410 
5908 646 126 7 880 
5909 409 86 1 904 
5910 645 5 164 902 
5911 159 903 8 644 
5912 408 4 81 901 
5913 1021 1143 1104 922 
5914 1104 1143 1021 446 
5915 1164 505 956 447 
5916 1164 956 505 1143 
5917 1146 930 962 909 
5918 1146 962 930 1011 
5919 1086 466 468 467 
5920 1086 468 466 919 
5921 1173 862 786 946 
5922 1173 786 862 814 
5923 368 991 377 266 
5924 377 991 368 935 
5925 1073 599 413 536 
5926 1073 413 599 967 
5927 1108 1131 762 763 
5928 762 1131 1108 947 
5929 269 1082 210 367 
5930 210 1082 269 922 
5931 1179 1018 953 1015 
5932 1179 953 1018 1030 
5933 1004 1129 890 886 
5934 890 1129 1004 944 
5935 1121 1153 1091 284 
5936 1091 1153 1121 920 
5937 1095 657 729 709 
5938 1095 729 657 957 
5939 1121 1153 1172 920 
5940 1172 1153 1121 264 
5941 1079 629 1016 926 
5942 1079 1016 629 507 
5943 1095 429 631 957 
5944 1095 631 429 638 
5945 1084 433 537 533 
5946 1084 537 433 950 
5947 975 1111 998 290 
5948 975 998 1111 931 
5949 261 998 1111 290 
5950 261 1111 998 931 
5951 827 575 1130 576 
5952 827 1130 575 789 
5953 1118 520 1066 635 
5954 1118 1066 520 1046 
5955 339 801 999 340 
5956 339 999 801 828 
5957 1105 816 864 955 
5958 1105 864 816 783 
5959 1049 479 934 595 
5960 1049 934 479 1002 
5961 552 934 479 595 
5962 1105 187 343 360 
5963 1105 343 187 955 
5964 1107 561 524 434 
5965 1107 524 561 954 
5966 1128 938 363 1014 
5967 1128 363 938 1004 
5968 1138 543 1037 1116 
5969 1138 1037 543 494 
5970 1070 1098 604 613 
5971 604 1098 1070 935 
5972 604 584 1070 613 
5973 1070 584 604 935 
5974 1059 1147 478 476 
5975 478 1147 1059 918 
5976 1143 608 956 505 
5977 1143 956 608 1134 
5978 1157 964 1088 1077 
5979 1157 1088 964 948 
5980 1119 1102 1148 927 
5981 1119 1148 1102 609 
5982 1142 1189 338 379 
5983 338 1189 1142 962 
5984 338 192 1142 379 
5985 1142 192 338 962 
5986 1190 935 377 1065 
5987 1190 377 935 1006 
5988 1173 513 546 593 
5989 1173 546 513 946 
5990 1177 1181 1038 936 
5991 1038 1181 1177 1020 
5992 1171 718 745 1025 
5993 1171 745 718 702 
5994 1175 1165 1155 370 
5995 1175 1155 1165 945 
5996 320 1155 1165 370 
5997 320 1165 1155 945 
5998 1165 320 381 1100 
5999 1165 381 320 370 
6000 1100 1003 1097 945 
6001 1100 1097 1003 915 
6002 537 1143 603 605 
6003 603 1143 537 1104 
6004 1108 523 540 648 
6005 1108 540 523 1071 
6006 1163 467 972 1086 
6007 1163 972 467 465 
6008 1138 512 493 495 
6009 1138 493 512 1072 
6010 1162 619 550 1095 
6011 1162 550 619 637 
6012 1150 656 731 984 
6013 1150 731 656 706 
6014 1099 1135 1179 949 
6015 1179 1135 1099 913 
6016 1150 324 376 191 
6017 1150 376 324 984 
6018 450 1134 610 608 
6019 610 1134 450 1047 
6020 1183 993 978 908 
6021 978 993 1183 965 
6022 978 1132 1183 908 
6023 1183 1132 978 965 
6024 329 1141 949 282 
6025 949 1141 329 996 
6026 1175 722 1005 989 
6027 1175 1005 722 723 
6028 1178 548 932 515 
6029 1178 932 548 1008 
6030 1055 241 1167 980 
6031 1055 1167 241 242 
6032 294 1161 1174 293 
6033 1174 1161 294 1092 
6034 1155 726 1003 724 
6035 1155 1003 726 995 
6036 1181 481 1038 483 
6037 1181 1038 481 1020 
6038 1155 384 1100 995 
6039 1155 1100 384 320 
6040 1079 484 482 630 
6041 1079 482 484 1038 
6042 1161 206 1014 293 
6043 1161 1014 206 978 
6044 1161 841 993 978 
6045 1161 993 841 807 
6046 1192 253 254 252 
6047 1192 254 253 988 
6048 1060 1134 1143 952 
6049 1143 1134 1060 956 
6050 428 1146 615 574 
6051 615 1146 428 1058 
6052 1143 1060 985 922 
6053 1143 985 1060 952 
6054 754 371 43 769 
6055 43 371 754 405 
6056 543 1037 509 494 
6057 509 1037 543 1162 
6058 1157 458 460 459 
6059 1157 460 458 1017 
6060 1120 492 509 1037 
6061 1120 509 492 549 
6062 1118 435 635 1066 
6063 1118 635 435 532 
6064 1157 461 517 459 
6065 1157 517 461 1077 
6066 1191 185 317 1027 
6067 1191 317 185 357 
6068 1162 639 543 637 
6069 1162 543 639 1116 
6070 352 1187 268 385 
6071 268 1187 352 982 
6072 844 903 176 899 
6073 176 903 844 878 
6074 768 646 125 772 
6075 768 125 646 440 
6076 934 479 1020 552 
6077 934 1020 479 1002 
$EndElements
