$MeshFormat
4.1 0 8
$EndMeshFormat
$PhysicalNames
3
3 1 "body1"
3 2 "1_bottom"
3 3 "1_outside"
$EndPhysicalNames
$Entities
36 53 32 4
1 0 0 0 0 
2 12 0 0 0 
3 12 18 0 0 
4 15 18 0 0 
5 15 20 0 0 
6 10 20 0 0 
7 10 2 0 0 
8 0 2 0 0 
10 7.347880794884119e-16 0 -12 0 
14 7.347880794884119e-16 18 -12 0 
18 9.18485099360515e-16 18 -15 0 
22 9.18485099360515e-16 20 -15 0 
26 6.123233995736766e-16 20 -10 0 
30 6.123233995736766e-16 2 -10 0 
55 0 18 0 0 
71 0 20 0 0 
73 -12 0 -1.469576158976824e-15 0 
77 -12 18 -1.469576158976824e-15 0 
81 -15 18 -1.83697019872103e-15 0 
85 -15 20 -1.83697019872103e-15 0 
89 -10 20 -1.224646799147353e-15 0 
93 -10 2 -1.224646799147353e-15 0 
95 -2.204364238465236e-15 0 12 0 
99 -2.204364238465236e-15 18 12 0 
103 -2.755455298081545e-15 18 15 0 
107 -2.755455298081545e-15 20 15 0 
111 -1.83697019872103e-15 20 10 0 
115 -1.83697019872103e-15 2 10 0 
116 0 8 0 0 
117 6 8 0 0 
118 6 20 0 0 
119 10 20 0 0 
120 15 21 0 0 
121 4 21 0 0 
122 12 9 0 0 
123 0 9 0 0 
1 0 0 0 12 0 0 0 2 1 -2 
2 12 0 0 12 18 0 0 2 2 -3 
3 12 18 0 15 18 0 0 2 3 -4 
4 15 18 0 15 20 0 0 2 4 -5 
5 10 20 0 15 20 0 0 2 5 -6 
6 10 2 0 10 20 0 0 2 6 -7 
7 0 2 0 10 2 0 0 2 7 -8 
8 0 0 0 0 2 0 0 2 8 -1 
10 0 0 -12 7.347880794884119e-16 0 0 0 2 1 -10 
11 7.347880794884119e-16 0 -12 7.347880794884119e-16 18 -12 0 2 10 -14 
12 7.347880794884119e-16 18 -15 9.18485099360515e-16 18 -12 0 2 14 -18 
13 9.18485099360515e-16 18 -15 9.18485099360515e-16 20 -15 0 2 18 -22 
14 6.123233995736766e-16 20 -15 9.18485099360515e-16 20 -10 0 2 22 -26 
15 6.123233995736766e-16 2 -10 6.123233995736766e-16 20 -10 0 2 26 -30 
16 0 2 -10 6.123233995736766e-16 2 0 0 2 30 -8 
19 8.881784197001252e-16 0 -12 12 0 0 0 2 2 -10 
23 8.881784197001252e-16 18 -12 12 18 0 0 2 3 -14 
27 8.881784197001252e-16 18 -15 15 18 0 0 2 4 -18 
31 8.881784197001252e-16 20 -15 15 20 0 0 2 5 -22 
35 8.881784197001252e-16 20 -10 10 20 0 0 2 6 -26 
39 8.881784197001252e-16 2 -10 10 2 0 0 2 7 -30 
47 -12 0 -1.469576158976824e-15 0 0 0 0 2 1 -73 
48 -12 0 -1.469576158976824e-15 -12 18 -1.469576158976824e-15 0 2 73 -77 
49 -15 18 -1.83697019872103e-15 -12 18 -1.469576158976824e-15 0 2 77 -81 
50 -15 18 -1.83697019872103e-15 -15 20 -1.83697019872103e-15 0 2 81 -85 
51 -15 20 -1.83697019872103e-15 -10 20 -1.224646799147353e-15 0 2 85 -89 
52 -10 2 -1.224646799147353e-15 -10 20 -1.224646799147353e-15 0 2 89 -93 
53 -10 2 -1.224646799147353e-15 0 2 0 0 2 93 -8 
56 -12 0 -12 3.552713678800501e-15 0 -4.440892098500626e-15 0 2 10 -73 
60 -12 18 -12 3.552713678800501e-15 18 -4.440892098500626e-15 0 2 14 -77 
64 -15 18 -15 8.881784197001252e-16 18 -1.77635683940025e-15 0 2 18 -81 
68 -15 20 -15 8.881784197001252e-16 20 -1.77635683940025e-15 0 2 22 -85 
72 -10 20 -10 8.881784197001252e-16 20 -8.881784197001252e-16 0 2 26 -89 
76 -10 2 -10 8.881784197001252e-16 2 -8.881784197001252e-16 0 2 30 -93 
84 -2.204364238465236e-15 0 0 0 0 12 0 2 1 -95 
85 -2.204364238465236e-15 0 12 -2.204364238465236e-15 18 12 0 2 95 -99 
86 -2.755455298081545e-15 18 12 -2.204364238465236e-15 18 15 0 2 99 -103 
87 -2.755455298081545e-15 18 15 -2.755455298081545e-15 20 15 0 2 103 -107 
88 -2.755455298081545e-15 20 10 -1.83697019872103e-15 20 15 0 2 107 -111 
89 -1.83697019872103e-15 2 10 -1.83697019872103e-15 20 10 0 2 111 -115 
90 -1.83697019872103e-15 2 0 0 2 10 0 2 115 -8 
93 -12 0 -4.440892098500626e-15 -5.329070518200751e-15 0 12 0 2 73 -95 
97 -12 18 -4.440892098500626e-15 -5.329070518200751e-15 18 12 0 2 77 -99 
101 -15 18 -1.77635683940025e-15 -2.664535259100376e-15 18 15 0 2 81 -103 
105 -15 20 -1.77635683940025e-15 -2.664535259100376e-15 20 15 0 2 85 -107 
109 -10 20 -8.881784197001252e-16 -1.77635683940025e-15 20 10 0 2 89 -111 
113 -10 2 -8.881784197001252e-16 -1.77635683940025e-15 2 10 0 2 93 -115 
130 -1.77635683940025e-15 0 0 12 0 12 0 2 95 -2 
134 -1.77635683940025e-15 18 0 12 18 12 0 2 99 -3 
138 -2.664535259100376e-15 18 0 15 18 15 0 2 103 -4 
142 -2.664535259100376e-15 20 0 15 20 15 0 2 107 -5 
146 -1.77635683940025e-15 20 0 10 20 10 0 2 111 -6 
150 -1.77635683940025e-15 2 0 10 2 10 0 2 115 -7 
1 0 0 0 15 20 0 0 8 1 2 3 4 5 6 7 8 
20 0 0 -12 12 0 0 0 3 1 19 -10 
24 8.881784197001252e-16 0 -12 12 18 0 0 4 2 23 -11 -19 
28 8.881784197001252e-16 18 -15 15 18 0 0 4 3 27 -12 -23 
32 8.881784197001252e-16 18 -15 15 20 0 0 4 4 31 -13 -27 
36 8.881784197001252e-16 20 -15 15 20 0 0 4 5 35 -14 -31 
40 8.881784197001252e-16 2 -10 10 20 0 0 4 6 39 -15 -35 
43 0 2 -10 10 2 0 0 3 -16 -39 7 
45 0 0 -15 9.18485099360515e-16 20 0 0 8 10 11 12 13 14 15 16 8 
57 -12 0 -12 3.552713678800501e-15 0 0 0 3 10 56 -47 
61 -12 0 -12 3.552713678800501e-15 18 -1.77635683940025e-15 0 4 11 60 -48 -56 
65 -15 18 -15 3.552713678800501e-15 18 -1.77635683940025e-15 0 4 12 64 -49 -60 
69 -15 18 -15 8.881784197001252e-16 20 -1.77635683940025e-15 0 4 13 68 -50 -64 
73 -15 20 -15 8.881784197001252e-16 20 -8.881784197001252e-16 0 4 14 72 -51 -68 
77 -10 2 -10 8.881784197001252e-16 20 -8.881784197001252e-16 0 4 15 76 -52 -72 
80 -10 2 -10 8.881784197001252e-16 2 0 0 3 -53 -76 16 
82 -15 0 -1.83697019872103e-15 0 20 0 0 8 47 48 49 50 51 52 53 8 
94 -12 0 -4.440892098500626e-15 0 0 12 0 3 47 93 -84 
98 -12 0 -4.440892098500626e-15 -1.77635683940025e-15 18 12 0 4 48 97 -85 -93 
102 -15 18 -4.440892098500626e-15 -1.77635683940025e-15 18 15 0 4 49 101 -86 -97 
106 -15 18 -1.77635683940025e-15 -2.664535259100376e-15 20 15 0 4 50 105 -87 -101 
110 -15 20 -1.77635683940025e-15 -1.77635683940025e-15 20 15 0 4 51 109 -88 -105 
114 -10 2 -8.881784197001252e-16 -1.77635683940025e-15 20 10 0 4 52 113 -89 -109 
117 -10 2 -8.881784197001252e-16 0 2 10 0 3 -90 -113 53 
119 -2.755455298081545e-15 0 0 0 20 15 0 8 84 85 86 87 88 89 90 8 
131 -1.77635683940025e-15 0 0 12 0 12 0 3 84 130 -1 
135 -1.77635683940025e-15 0 0 12 18 12 0 4 85 134 -2 -130 
139 -2.664535259100376e-15 18 0 15 18 15 0 4 86 138 -3 -134 
143 -2.664535259100376e-15 18 0 15 20 15 0 4 87 142 -4 -138 
147 -2.664535259100376e-15 20 0 15 20 15 0 4 88 146 -5 -142 
151 -1.77635683940025e-15 2 0 10 20 10 0 4 89 150 -6 -146 
154 -1.77635683940025e-15 2 0 10 2 10 0 3 -7 -150 90 
1 0 0 -15 15 20 0 1 1 9 -1 45 20 24 28 32 36 40 43 
2 -15 0 -15 3.552713678800501e-15 20 0 1 1 9 -45 82 57 61 65 69 73 77 80 
3 -15 0 -4.440892098500626e-15 0 20 15 1 1 9 -82 119 94 98 102 106 110 114 117 
4 -2.664535259100376e-15 0 0 15 20 15 1 1 9 -119 1 131 135 139 143 147 151 154 
$EndEntities
$Nodes
98 842 1 842
0 1 0 1
1
0 0 0
0 2 0 1
2
12 0 0
0 3 0 1
3
12 18 0
0 4 0 1
4
15 18 0
0 5 0 1
5
15 20 0
0 6 0 1
6
10 20 0
0 7 0 1
7
10 2 0
0 8 0 1
8
0 2 0
0 10 0 1
9
7.347880794884119e-16 0 -12
0 14 0 1
10
7.347880794884119e-16 18 -12
0 18 0 1
11
9.18485099360515e-16 18 -15
0 22 0 1
12
9.18485099360515e-16 20 -15
0 26 0 1
13
6.123233995736766e-16 20 -10
0 30 0 1
14
6.123233995736766e-16 2 -10
0 73 0 1
15
-12 0 -1.469576158976824e-15
0 77 0 1
16
-12 18 -1.469576158976824e-15
0 81 0 1
17
-15 18 -1.83697019872103e-15
0 85 0 1
18
-15 20 -1.83697019872103e-15
0 89 0 1
19
-10 20 -1.224646799147353e-15
0 93 0 1
20
-10 2 -1.224646799147353e-15
0 95 0 1
21
-2.204364238465236e-15 0 12
0 99 0 1
22
-2.204364238465236e-15 18 12
0 103 0 1
23
-2.755455298081545e-15 18 15
0 107 0 1
24
-2.755455298081545e-15 20 15
0 111 0 1
25
-1.83697019872103e-15 20 10
0 115 0 1
26
-1.83697019872103e-15 2 10
1 1 0 2
27
28
3.999999999984098 0 0
7.999999999984632 0 0
1 2 0 4
29
30
31
32
12 3.599999999989774 0
12 7.199999999975163 0
12 10.79999999997831 0
12 14.39999999999921 0
1 5 0 1
33
12.50000000000001 20 0
1 6 0 4
34
35
36
37
10 16.40000000001373 0
10 12.80000000002747 0
10 9.200000000023445 0
10 5.600000000001664 0
1 7 0 2
38
39
6.666666666666674 2 0
3.333333333333348 2 0
1 10 0 2
40
41
2.449293598284969e-16 0 -3.999999999984098
4.898587196580003e-16 0 -7.999999999984632
1 11 0 4
42
43
44
45
7.347880794884119e-16 3.599999999989774 -12
7.347880794884119e-16 7.199999999975163 -12
7.347880794884119e-16 10.79999999997831 -12
7.347880794884119e-16 14.39999999999921 -12
1 14 0 1
46
7.654042494670961e-16 20 -12.50000000000001
1 15 0 4
47
48
49
50
6.123233995736766e-16 16.40000000001373 -10
6.123233995736766e-16 12.80000000002747 -10
6.123233995736766e-16 9.200000000023445 -10
6.123233995736766e-16 5.600000000001664 -10
1 16 0 2
51
52
4.082155997157849e-16 2 -6.666666666666674
2.041077998578931e-16 2 -3.333333333333348
1 19 0 9
53
54
55
56
57
58
59
60
61
11.85226008714165 0 -1.877213580482771
11.41267819554184 0 -3.708203932499369
10.69207829026042 0 -5.447885996874561
9.708203932499369 0 -7.053423027509678
8.485281374238571 0 -8.48528137423857
7.053423027509679 0 -9.708203932499368
5.447885996874562 0 -10.69207829026041
3.708203932499369 0 -11.41267819554184
1.877213580482771 0 -11.85226008714165
1 23 0 9
62
63
64
65
66
67
68
69
70
11.85226008714165 18 -1.877213580482771
11.41267819554184 18 -3.708203932499369
10.69207829026042 18 -5.447885996874561
9.708203932499369 18 -7.053423027509678
8.485281374238571 18 -8.48528137423857
7.053423027509679 18 -9.708203932499368
5.447885996874562 18 -10.69207829026041
3.708203932499369 18 -11.41267819554184
1.877213580482771 18 -11.85226008714165
1 27 0 9
71
72
73
74
75
76
77
78
79
14.81532510892707 18 -2.346516975603463
14.2658477444273 18 -4.635254915624211
13.36509786282552 18 -6.809857496093201
12.13525491562421 18 -8.816778784387097
10.60660171779821 18 -10.60660171779821
8.816778784387099 18 -12.13525491562421
6.809857496093202 18 -13.36509786282552
4.635254915624212 18 -14.2658477444273
2.346516975603464 18 -14.81532510892707
1 31 0 9
80
81
82
83
84
85
86
87
88
14.81532510892707 20 -2.346516975603463
14.2658477444273 20 -4.635254915624211
13.36509786282552 20 -6.809857496093201
12.13525491562421 20 -8.816778784387097
10.60660171779821 20 -10.60660171779821
8.816778784387099 20 -12.13525491562421
6.809857496093202 20 -13.36509786282552
4.635254915624212 20 -14.2658477444273
2.346516975603464 20 -14.81532510892707
1 35 0 9
89
90
91
92
93
94
95
96
97
9.876883405951379 20 -1.564344650402309
9.510565162951535 20 -3.090169943749474
8.910065241883679 20 -4.539904997395467
8.090169943749475 20 -5.877852522924732
7.071067811865476 20 -7.071067811865475
5.877852522924733 20 -8.090169943749473
4.539904997395468 20 -8.910065241883679
3.090169943749475 20 -9.510565162951535
1.564344650402309 20 -9.876883405951379
1 39 0 9
98
99
100
101
102
103
104
105
106
9.876883405951379 2 -1.564344650402309
9.510565162951535 2 -3.090169943749474
8.910065241883679 2 -4.539904997395467
8.090169943749475 2 -5.877852522924732
7.071067811865476 2 -7.071067811865475
5.877852522924733 2 -8.090169943749473
4.539904997395468 2 -8.910065241883679
3.090169943749475 2 -9.510565162951535
1.564344650402309 2 -9.876883405951379
1 47 0 2
107
108
-3.999999999984098 0 -4.898587196569939e-16
-7.999999999984632 0 -9.797174393160005e-16
1 48 0 4
109
110
111
112
-12 3.599999999989774 -1.469576158976824e-15
-12 7.199999999975163 -1.469576158976824e-15
-12 10.79999999997831 -1.469576158976824e-15
-12 14.39999999999921 -1.469576158976824e-15
1 51 0 1
113
-12.50000000000001 20 -1.530808498934192e-15
1 52 0 4
114
115
116
117
-10 16.40000000001373 -1.224646799147353e-15
-10 12.80000000002747 -1.224646799147353e-15
-10 9.200000000023445 -1.224646799147353e-15
-10 5.600000000001664 -1.224646799147353e-15
1 53 0 2
118
119
-6.666666666666674 2 -8.164311994315697e-16
-3.333333333333348 2 -4.082155997157862e-16
1 56 0 9
120
121
122
123
124
125
126
127
128
-1.87721358048277 0 -11.85226008714165
-3.708203932499368 0 -11.41267819554184
-5.44788599687456 0 -10.69207829026042
-7.053423027509677 0 -9.708203932499369
-8.48528137423857 0 -8.485281374238571
-9.708203932499368 0 -7.053423027509679
-10.69207829026041 0 -5.447885996874563
-11.41267819554184 0 -3.70820393249937
-11.85226008714165 0 -1.877213580482772
1 60 0 9
129
130
131
132
133
134
135
136
137
-1.87721358048277 18 -11.85226008714165
-3.708203932499368 18 -11.41267819554184
-5.44788599687456 18 -10.69207829026042
-7.053423027509677 18 -9.708203932499369
-8.48528137423857 18 -8.485281374238571
-9.708203932499368 18 -7.053423027509679
-10.69207829026041 18 -5.447885996874563
-11.41267819554184 18 -3.70820393249937
-11.85226008714165 18 -1.877213580482772
1 64 0 9
138
139
140
141
142
143
144
145
146
-2.346516975603462 18 -14.81532510892707
-4.63525491562421 18 -14.2658477444273
-6.8098574960932 18 -13.36509786282552
-8.816778784387097 18 -12.13525491562421
-10.60660171779821 18 -10.60660171779821
-12.13525491562421 18 -8.816778784387099
-13.36509786282552 18 -6.809857496093203
-14.2658477444273 18 -4.635254915624213
-14.81532510892707 18 -2.346516975603465
1 68 0 9
147
148
149
150
151
152
153
154
155
-2.346516975603462 20 -14.81532510892707
-4.63525491562421 20 -14.2658477444273
-6.8098574960932 20 -13.36509786282552
-8.816778784387097 20 -12.13525491562421
-10.60660171779821 20 -10.60660171779821
-12.13525491562421 20 -8.816778784387099
-13.36509786282552 20 -6.809857496093203
-14.2658477444273 20 -4.635254915624213
-14.81532510892707 20 -2.346516975603465
1 72 0 9
156
157
158
159
160
161
162
163
164
-1.564344650402308 20 -9.876883405951379
-3.090169943749474 20 -9.510565162951535
-4.539904997395467 20 -8.910065241883679
-5.877852522924731 20 -8.090169943749475
-7.071067811865475 20 -7.071067811865476
-8.090169943749473 20 -5.877852522924734
-8.910065241883679 20 -4.539904997395469
-9.510565162951535 20 -3.090169943749475
-9.876883405951379 20 -1.56434465040231
1 76 0 9
165
166
167
168
169
170
171
172
173
-1.564344650402308 2 -9.876883405951379
-3.090169943749474 2 -9.510565162951535
-4.539904997395467 2 -8.910065241883679
-5.877852522924731 2 -8.090169943749475
-7.071067811865475 2 -7.071067811865476
-8.090169943749473 2 -5.877852522924734
-8.910065241883679 2 -4.539904997395469
-9.510565162951535 2 -3.090169943749475
-9.876883405951379 2 -1.56434465040231
1 84 0 2
174
175
-7.347880794854908e-16 0 3.999999999984098
-1.469576158974001e-15 0 7.999999999984632
1 85 0 4
176
177
178
179
-2.204364238465236e-15 3.599999999989774 12
-2.204364238465236e-15 7.199999999975163 12
-2.204364238465236e-15 10.79999999997831 12
-2.204364238465236e-15 14.39999999999921 12
1 88 0 1
180
-2.296212748401288e-15 20 12.50000000000001
1 89 0 4
181
182
183
184
-1.83697019872103e-15 16.40000000001373 10
-1.83697019872103e-15 12.80000000002747 10
-1.83697019872103e-15 9.200000000023445 10
-1.83697019872103e-15 5.600000000001664 10
1 90 0 2
185
186
-1.224646799147355e-15 2 6.666666666666674
-6.123233995736793e-16 2 3.333333333333348
1 93 0 9
187
188
189
190
191
192
193
194
195
-11.85226008714165 0 1.877213580482769
-11.41267819554184 0 3.708203932499367
-10.69207829026042 0 5.44788599687456
-9.708203932499369 0 7.053423027509677
-8.485281374238573 0 8.485281374238568
-7.053423027509679 0 9.708203932499368
-5.447885996874563 0 10.69207829026041
-3.708203932499371 0 11.41267819554184
-1.877213580482773 0 11.85226008714165
1 97 0 9
196
197
198
199
200
201
202
203
204
-11.85226008714165 18 1.877213580482769
-11.41267819554184 18 3.708203932499367
-10.69207829026042 18 5.44788599687456
-9.708203932499369 18 7.053423027509677
-8.485281374238573 18 8.485281374238568
-7.053423027509679 18 9.708203932499368
-5.447885996874563 18 10.69207829026041
-3.708203932499371 18 11.41267819554184
-1.877213580482773 18 11.85226008714165
1 101 0 9
205
206
207
208
209
210
211
212
213
-14.81532510892707 18 2.346516975603461
-14.2658477444273 18 4.635254915624209
-13.36509786282552 18 6.809857496093199
-12.13525491562421 18 8.816778784387095
-10.60660171779822 18 10.60660171779821
-8.8167787843871 18 12.13525491562421
-6.809857496093204 18 13.36509786282552
-4.635254915624214 18 14.2658477444273
-2.346516975603466 18 14.81532510892707
1 105 0 9
214
215
216
217
218
219
220
221
222
-14.81532510892707 20 2.346516975603461
-14.2658477444273 20 4.635254915624209
-13.36509786282552 20 6.809857496093199
-12.13525491562421 20 8.816778784387095
-10.60660171779822 20 10.60660171779821
-8.8167787843871 20 12.13525491562421
-6.809857496093204 20 13.36509786282552
-4.635254915624214 20 14.2658477444273
-2.346516975603466 20 14.81532510892707
1 109 0 9
223
224
225
226
227
228
229
230
231
-9.876883405951379 20 1.564344650402308
-9.510565162951535 20 3.090169943749473
-8.910065241883679 20 4.539904997395467
-8.090169943749475 20 5.877852522924731
-7.071067811865476 20 7.071067811865474
-5.877852522924734 20 8.090169943749473
-4.539904997395469 20 8.910065241883679
-3.090169943749476 20 9.510565162951535
-1.56434465040231 20 9.876883405951379
1 113 0 9
232
233
234
235
236
237
238
239
240
-9.876883405951379 2 1.564344650402308
-9.510565162951535 2 3.090169943749473
-8.910065241883679 2 4.539904997395467
-8.090169943749475 2 5.877852522924731
-7.071067811865476 2 7.071067811865474
-5.877852522924734 2 8.090169943749473
-4.539904997395469 2 8.910065241883679
-3.090169943749476 2 9.510565162951535
-1.56434465040231 2 9.876883405951379
1 130 0 9
241
242
243
244
245
246
247
248
249
1.877213580482768 0 11.85226008714165
3.708203932499366 0 11.41267819554184
5.447885996874559 0 10.69207829026042
7.053423027509676 0 9.708203932499371
8.485281374238568 0 8.485281374238573
9.708203932499366 0 7.05342302750968
10.69207829026041 0 5.447885996874564
11.41267819554184 0 3.708203932499372
11.85226008714165 0 1.877213580482773
1 134 0 9
250
251
252
253
254
255
256
257
258
1.877213580482768 18 11.85226008714165
3.708203932499366 18 11.41267819554184
5.447885996874559 18 10.69207829026042
7.053423027509676 18 9.708203932499371
8.485281374238568 18 8.485281374238573
9.708203932499366 18 7.05342302750968
10.69207829026041 18 5.447885996874564
11.41267819554184 18 3.708203932499372
11.85226008714165 18 1.877213580482773
1 138 0 9
259
260
261
262
263
264
265
266
267
2.346516975603461 18 14.81532510892707
4.635254915624208 18 14.2658477444273
6.809857496093199 18 13.36509786282552
8.816778784387095 18 12.13525491562421
10.60660171779821 18 10.60660171779822
12.13525491562421 18 8.8167787843871
13.36509786282551 18 6.809857496093205
14.2658477444273 18 4.635254915624214
14.81532510892707 18 2.346516975603467
1 142 0 9
268
269
270
271
272
273
274
275
276
2.346516975603461 20 14.81532510892707
4.635254915624208 20 14.2658477444273
6.809857496093199 20 13.36509786282552
8.816778784387095 20 12.13525491562421
10.60660171779821 20 10.60660171779822
12.13525491562421 20 8.8167787843871
13.36509786282551 20 6.809857496093205
14.2658477444273 20 4.635254915624214
14.81532510892707 20 2.346516975603467
1 146 0 9
277
278
279
280
281
282
283
284
285
1.564344650402307 20 9.876883405951379
3.090169943749472 20 9.510565162951535
4.539904997395466 20 8.910065241883679
5.87785252292473 20 8.090169943749476
7.071067811865474 20 7.071067811865476
8.090169943749471 20 5.877852522924734
8.910065241883679 20 4.53990499739547
9.510565162951535 20 3.090169943749476
9.876883405951379 20 1.564344650402311
1 150 0 9
286
287
288
289
290
291
292
293
294
1.564344650402307 2 9.876883405951379
3.090169943749472 2 9.510565162951535
4.539904997395466 2 8.910065241883679
5.87785252292473 2 8.090169943749476
7.071067811865474 2 7.071067811865476
8.090169943749471 2 5.877852522924734
8.910065241883679 2 4.53990499739547
9.510565162951535 2 3.090169943749476
9.876883405951379 2 1.564344650402311
2 1 0 2
295
296
1.833333333329362 0.9999999999999999 0
13.625 19 0
2 20 0 18
297
298
299
300
301
302
303
304
305
306
307
308
309
310
311
312
313
314
3.950753362364845 0 -0.6257378601584359
3.804226065165491 0 -1.236067977494876
3.564026096739303 0 -1.815961998950968
3.236067977486925 0 -2.351141009160546
2.828427124734946 0 -2.828427124734946
2.351141009160546 0 -3.236067977486925
1.815961998950968 0 -3.564026096739302
1.236067977494876 0 -3.804226065165491
0.6257378601584361 0 -3.950753362364845
7.901506724745923 0 -1.251475720319443
7.608452130346612 0 -2.47213595499483
7.12805219349325 0 -3.631923997909397
6.472135954987147 0 -4.702282018330752
5.656854249481514 0 -5.656854249481513
4.702282018330753 0 -6.472135954987146
3.631923997909397 0 -7.128052193493249
2.472135954994831 0 -7.608452130346612
1.251475720319443 0 -7.901506724745923
2 24 0 36
315
316
317
318
319
320
321
322
323
324
325
326
327
328
329
330
331
332
333
334
335
336
337
338
339
340
341
342
343
344
345
346
347
348
349
350
11.85226008714165 3.599999999989774 -1.877213580482771
11.41267819554184 3.599999999989774 -3.708203932499369
10.69207829026042 3.599999999989774 -5.447885996874561
9.708203932499369 3.599999999989774 -7.053423027509678
8.485281374238571 3.599999999989774 -8.48528137423857
7.053423027509679 3.599999999989774 -9.708203932499368
5.447885996874562 3.599999999989774 -10.69207829026041
3.708203932499369 3.599999999989774 -11.41267819554184
1.877213580482771 3.599999999989774 -11.85226008714165
11.85226008714165 7.199999999975163 -1.877213580482771
11.41267819554184 7.199999999975163 -3.708203932499369
10.69207829026042 7.199999999975163 -5.447885996874561
9.708203932499369 7.199999999975163 -7.053423027509678
8.485281374238571 7.199999999975163 -8.48528137423857
7.053423027509679 7.199999999975163 -9.708203932499368
5.447885996874562 7.199999999975163 -10.69207829026041
3.708203932499369 7.199999999975163 -11.41267819554184
1.877213580482771 7.199999999975163 -11.85226008714165
11.85226008714165 10.79999999997831 -1.877213580482771
11.41267819554184 10.79999999997831 -3.708203932499369
10.69207829026042 10.79999999997831 -5.447885996874561
9.708203932499369 10.79999999997831 -7.053423027509678
8.485281374238571 10.79999999997831 -8.48528137423857
7.053423027509679 10.79999999997831 -9.708203932499368
5.447885996874562 10.79999999997831 -10.69207829026041
3.708203932499369 10.79999999997831 -11.41267819554184
1.877213580482771 10.79999999997831 -11.85226008714165
11.85226008714165 14.39999999999921 -1.877213580482771
11.41267819554184 14.39999999999921 -3.708203932499369
10.69207829026042 14.39999999999921 -5.447885996874561
9.708203932499369 14.39999999999921 -7.053423027509678
8.485281374238571 14.39999999999921 -8.48528137423857
7.053423027509679 14.39999999999921 -9.708203932499368
5.447885996874562 14.39999999999921 -10.69207829026041
3.708203932499369 14.39999999999921 -11.41267819554184
1.877213580482771 14.39999999999921 -11.85226008714165
2 36 0 9
351
352
353
354
355
356
357
358
359
12.34610425743923 20 -1.955430813002887
11.88820645368942 20 -3.862712429686844
11.1375815523546 20 -5.674881246744337
10.11271242968685 20 -7.347315653655917
8.838834764831848 20 -8.838834764831846
7.347315653655919 20 -10.11271242968685
5.674881246744338 20 -11.1375815523546
3.862712429686845 20 -11.88820645368942
1.955430813002887 20 -12.34610425743923
2 40 0 36
360
361
362
363
364
365
366
367
368
369
370
371
372
373
374
375
376
377
378
379
380
381
382
383
384
385
386
387
388
389
390
391
392
393
394
395
9.876883405951379 16.40000000001373 -1.564344650402309
9.510565162951535 16.40000000001373 -3.090169943749474
8.910065241883679 16.40000000001373 -4.539904997395467
8.090169943749475 16.40000000001373 -5.877852522924732
7.071067811865476 16.40000000001373 -7.071067811865475
5.877852522924733 16.40000000001373 -8.090169943749473
4.539904997395468 16.40000000001373 -8.910065241883679
3.090169943749475 16.40000000001373 -9.510565162951535
1.564344650402309 16.40000000001373 -9.876883405951379
9.876883405951379 12.80000000002747 -1.564344650402309
9.510565162951535 12.80000000002747 -3.090169943749474
8.910065241883679 12.80000000002747 -4.539904997395467
8.090169943749475 12.80000000002747 -5.877852522924732
7.071067811865476 12.80000000002747 -7.071067811865475
5.877852522924733 12.80000000002747 -8.090169943749473
4.539904997395468 12.80000000002747 -8.910065241883679
3.090169943749475 12.80000000002747 -9.510565162951535
1.564344650402309 12.80000000002747 -9.876883405951379
9.876883405951379 9.200000000023445 -1.564344650402309
9.510565162951535 9.200000000023445 -3.090169943749474
8.910065241883679 9.200000000023445 -4.539904997395467
8.090169943749475 9.200000000023445 -5.877852522924732
7.071067811865476 9.200000000023445 -7.071067811865475
5.877852522924733 9.200000000023445 -8.090169943749473
4.539904997395468 9.200000000023445 -8.910065241883679
3.090169943749475 9.200000000023445 -9.510565162951535
1.564344650402309 9.200000000023445 -9.876883405951379
9.876883405951379 5.600000000001664 -1.564344650402309
9.510565162951535 5.600000000001664 -3.090169943749474
8.910065241883679 5.600000000001664 -4.539904997395467
8.090169943749475 5.600000000001664 -5.877852522924732
7.071067811865476 5.600000000001664 -7.071067811865475
5.877852522924733 5.600000000001664 -8.090169943749473
4.539904997395468 5.600000000001664 -8.910065241883679
3.090169943749475 5.600000000001664 -9.510565162951535
1.564344650402309 5.600000000001664 -9.876883405951379
2 43 0 18
396
397
398
399
400
401
402
403
404
405
406
407
408
409
410
411
412
413
6.584588937300926 2 -1.04289643360154
6.34037677530103 2 -2.060113295832985
5.940043494589126 2 -3.026603331596982
5.393446629166323 2 -3.918568348616492
4.714045207910322 2 -4.714045207910321
3.918568348616493 2 -5.393446629166322
3.026603331596982 2 -5.940043494589125
2.060113295832985 2 -6.34037677530103
1.042896433601541 2 -6.584588937300926
3.292294468650474 2 -0.5214482168007719
3.170188387650526 2 -1.030056647916496
2.970021747294573 2 -1.513301665798496
2.69672331458317 2 -1.959284174308253
2.357022603955169 2 -2.357022603955169
1.959284174308253 2 -2.69672331458317
1.513301665798496 2 -2.970021747294572
1.030056647916496 2 -3.170188387650526
0.521448216800772 2 -3.292294468650474
2 45 0 2
414
415
1.122592899215975e-16 0.9999999999999999 -1.833333333329362
8.342906319191344e-16 19 -13.625
2 57 0 18
416
417
418
419
420
421
422
423
424
425
426
427
428
429
430
431
432
433
-0.6257378601584357 0 -3.950753362364845
-1.236067977494875 0 -3.804226065165491
-1.815961998950967 0 -3.564026096739303
-2.351141009160546 0 -3.236067977486925
-2.828427124734946 0 -2.828427124734946
-3.236067977486925 0 -2.351141009160546
-3.564026096739302 0 -1.815961998950968
-3.804226065165491 0 -1.236067977494876
-3.950753362364845 0 -0.6257378601584364
-1.251475720319442 0 -7.901506724745923
-2.47213595499483 0 -7.608452130346612
-3.631923997909396 0 -7.12805219349325
-4.702282018330752 0 -6.472135954987147
-5.656854249481513 0 -5.656854249481514
-6.472135954987146 0 -4.702282018330753
-7.128052193493249 0 -3.631923997909398
-7.608452130346612 0 -2.472135954994831
-7.901506724745923 0 -1.251475720319444
2 61 0 36
434
435
436
437
438
439
440
441
442
443
444
445
446
447
448
449
450
451
452
453
454
455
456
457
458
459
460
461
462
463
464
465
466
467
468
469
-1.87721358048277 3.599999999989774 -11.85226008714165
-3.708203932499368 3.599999999989774 -11.41267819554184
-5.44788599687456 3.599999999989774 -10.69207829026042
-7.053423027509677 3.599999999989774 -9.708203932499369
-8.48528137423857 3.599999999989774 -8.485281374238571
-9.708203932499368 3.599999999989774 -7.053423027509679
-10.69207829026041 3.599999999989774 -5.447885996874563
-11.41267819554184 3.599999999989774 -3.70820393249937
-11.85226008714165 3.599999999989774 -1.877213580482772
-1.87721358048277 7.199999999975163 -11.85226008714165
-3.708203932499368 7.199999999975163 -11.41267819554184
-5.44788599687456 7.199999999975163 -10.69207829026042
-7.053423027509677 7.199999999975163 -9.708203932499369
-8.48528137423857 7.199999999975163 -8.485281374238571
-9.708203932499368 7.199999999975163 -7.053423027509679
-10.69207829026041 7.199999999975163 -5.447885996874563
-11.41267819554184 7.199999999975163 -3.70820393249937
-11.85226008714165 7.199999999975163 -1.877213580482772
-1.87721358048277 10.79999999997831 -11.85226008714165
-3.708203932499368 10.79999999997831 -11.41267819554184
-5.44788599687456 10.79999999997831 -10.69207829026042
-7.053423027509677 10.79999999997831 -9.708203932499369
-8.48528137423857 10.79999999997831 -8.485281374238571
-9.708203932499368 10.79999999997831 -7.053423027509679
-10.69207829026041 10.79999999997831 -5.447885996874563
-11.41267819554184 10.79999999997831 -3.70820393249937
-11.85226008714165 10.79999999997831 -1.877213580482772
-1.87721358048277 14.39999999999921 -11.85226008714165
-3.708203932499368 14.39999999999921 -11.41267819554184
-5.44788599687456 14.39999999999921 -10.69207829026042
-7.053423027509677 14.39999999999921 -9.708203932499369
-8.48528137423857 14.39999999999921 -8.485281374238571
-9.708203932499368 14.39999999999921 -7.053423027509679
-10.69207829026041 14.39999999999921 -5.447885996874563
-11.41267819554184 14.39999999999921 -3.70820393249937
-11.85226008714165 14.39999999999921 -1.877213580482772
2 73 0 9
470
471
472
473
474
475
476
477
478
-1.955430813002886 20 -12.34610425743923
-3.862712429686843 20 -11.88820645368942
-5.674881246744336 20 -11.1375815523546
-7.347315653655916 20 -10.11271242968685
-8.838834764831846 20 -8.838834764831848
-10.11271242968685 20 -7.34731565365592
-11.1375815523546 20 -5.674881246744339
-11.88820645368942 20 -3.862712429686846
-12.34610425743923 20 -1.955430813002888
2 77 0 36
479
480
481
482
483
484
485
486
487
488
489
490
491
492
493
494
495
496
497
498
499
500
501
502
503
504
505
506
507
508
509
510
511
512
513
514
-1.564344650402308 16.40000000001373 -9.876883405951379
-3.090169943749474 16.40000000001373 -9.510565162951535
-4.539904997395467 16.40000000001373 -8.910065241883679
-5.877852522924731 16.40000000001373 -8.090169943749475
-7.071067811865475 16.40000000001373 -7.071067811865476
-8.090169943749473 16.40000000001373 -5.877852522924734
-8.910065241883679 16.40000000001373 -4.539904997395469
-9.510565162951535 16.40000000001373 -3.090169943749475
-9.876883405951379 16.40000000001373 -1.56434465040231
-1.564344650402308 12.80000000002747 -9.876883405951379
-3.090169943749474 12.80000000002747 -9.510565162951535
-4.539904997395467 12.80000000002747 -8.910065241883679
-5.877852522924731 12.80000000002747 -8.090169943749475
-7.071067811865475 12.80000000002747 -7.071067811865476
-8.090169943749473 12.80000000002747 -5.877852522924734
-8.910065241883679 12.80000000002747 -4.539904997395469
-9.510565162951535 12.80000000002747 -3.090169943749475
-9.876883405951379 12.80000000002747 -1.56434465040231
-1.564344650402308 9.200000000023445 -9.876883405951379
-3.090169943749474 9.200000000023445 -9.510565162951535
-4.539904997395467 9.200000000023445 -8.910065241883679
-5.877852522924731 9.200000000023445 -8.090169943749475
-7.071067811865475 9.200000000023445 -7.071067811865476
-8.090169943749473 9.200000000023445 -5.877852522924734
-8.910065241883679 9.200000000023445 -4.539904997395469
-9.510565162951535 9.200000000023445 -3.090169943749475
-9.876883405951379 9.200000000023445 -1.56434465040231
-1.564344650402308 5.600000000001664 -9.876883405951379
-3.090169943749474 5.600000000001664 -9.510565162951535
-4.539904997395467 5.600000000001664 -8.910065241883679
-5.877852522924731 5.600000000001664 -8.090169943749475
-7.071067811865475 5.600000000001664 -7.071067811865476
-8.090169943749473 5.600000000001664 -5.877852522924734
-8.910065241883679 5.600000000001664 -4.539904997395469
-9.510565162951535 5.600000000001664 -3.090169943749475
-9.876883405951379 5.600000000001664 -1.56434465040231
2 80 0 18
515
516
517
518
519
520
521
522
523
524
525
526
527
528
529
530
531
532
-1.04289643360154 2 -6.584588937300926
-2.060113295832985 2 -6.34037677530103
-3.026603331596981 2 -5.940043494589126
-3.918568348616491 2 -5.393446629166323
-4.714045207910321 2 -4.714045207910322
-5.393446629166322 2 -3.918568348616493
-5.940043494589125 2 -3.026603331596982
-6.34037677530103 2 -2.060113295832986
-6.584588937300926 2 -1.042896433601541
-0.5214482168007717 2 -3.292294468650474
-1.030056647916496 2 -3.170188387650526
-1.513301665798496 2 -2.970021747294573
-1.959284174308252 2 -2.69672331458317
-2.357022603955169 2 -2.357022603955169
-2.69672331458317 2 -1.959284174308253
-2.970021747294572 2 -1.513301665798496
-3.170188387650526 2 -1.030056647916496
-3.292294468650474 2 -0.5214482168007722
2 82 0 2
533
534
-1.833333333329362 0.9999999999999999 -2.24518579843195e-16
-13.625 19 -1.668581263838269e-15
2 94 0 18
535
536
537
538
539
540
541
542
543
544
545
546
547
548
549
550
551
552
-3.950753362364845 0 0.6257378601584355
-3.804226065165491 0 1.236067977494875
-3.564026096739303 0 1.815961998950967
-3.236067977486925 0 2.351141009160545
-2.828427124734946 0 2.828427124734945
-2.351141009160547 0 3.236067977486924
-1.815961998950968 0 3.564026096739302
-1.236067977494876 0 3.804226065165491
-0.6257378601584366 0 3.950753362364845
-7.901506724745923 0 1.251475720319442
-7.608452130346612 0 2.472135954994829
-7.128052193493251 0 3.631923997909396
-6.472135954987148 0 4.702282018330751
-5.656854249481515 0 5.656854249481512
-4.702282018330754 0 6.472135954987145
-3.631923997909398 0 7.128052193493248
-2.472135954994831 0 7.608452130346612
-1.251475720319444 0 7.901506724745923
2 98 0 36
553
554
555
556
557
558
559
560
561
562
563
564
565
566
567
568
569
570
571
572
573
574
575
576
577
578
579
580
581
582
583
584
585
586
587
588
-11.85226008714165 3.599999999989774 1.877213580482769
-11.41267819554184 3.599999999989774 3.708203932499367
-10.69207829026042 3.599999999989774 5.44788599687456
-9.708203932499369 3.599999999989774 7.053423027509677
-8.485281374238573 3.599999999989774 8.485281374238568
-7.053423027509679 3.599999999989774 9.708203932499368
-5.447885996874563 3.599999999989774 10.69207829026041
-3.708203932499371 3.599999999989774 11.41267819554184
-1.877213580482773 3.599999999989774 11.85226008714165
-11.85226008714165 7.199999999975163 1.877213580482769
-11.41267819554184 7.199999999975163 3.708203932499367
-10.69207829026042 7.199999999975163 5.44788599687456
-9.708203932499369 7.199999999975163 7.053423027509677
-8.485281374238573 7.199999999975163 8.485281374238568
-7.053423027509679 7.199999999975163 9.708203932499368
-5.447885996874563 7.199999999975163 10.69207829026041
-3.708203932499371 7.199999999975163 11.41267819554184
-1.877213580482773 7.199999999975163 11.85226008714165
-11.85226008714165 10.79999999997831 1.877213580482769
-11.41267819554184 10.79999999997831 3.708203932499367
-10.69207829026042 10.79999999997831 5.44788599687456
-9.708203932499369 10.79999999997831 7.053423027509677
-8.485281374238573 10.79999999997831 8.485281374238568
-7.053423027509679 10.79999999997831 9.708203932499368
-5.447885996874563 10.79999999997831 10.69207829026041
-3.708203932499371 10.79999999997831 11.41267819554184
-1.877213580482773 10.79999999997831 11.85226008714165
-11.85226008714165 14.39999999999921 1.877213580482769
-11.41267819554184 14.39999999999921 3.708203932499367
-10.69207829026042 14.39999999999921 5.44788599687456
-9.708203932499369 14.39999999999921 7.053423027509677
-8.485281374238573 14.39999999999921 8.485281374238568
-7.053423027509679 14.39999999999921 9.708203932499368
-5.447885996874563 14.39999999999921 10.69207829026041
-3.708203932499371 14.39999999999921 11.41267819554184
-1.877213580482773 14.39999999999921 11.85226008714165
2 110 0 9
589
590
591
592
593
594
595
596
597
-12.34610425743923 20 1.955430813002885
-11.88820645368942 20 3.862712429686843
-11.1375815523546 20 5.674881246744335
-10.11271242968685 20 7.347315653655916
-8.83883476483185 20 8.838834764831844
-7.34731565365592 20 10.11271242968684
-5.67488124674434 20 11.1375815523546
-3.862712429686846 20 11.88820645368942
-1.955430813002889 20 12.34610425743923
2 114 0 36
598
599
600
601
602
603
604
605
606
607
608
609
610
611
612
613
614
615
616
617
618
619
620
621
622
623
624
625
626
627
628
629
630
631
632
633
-9.876883405951379 16.40000000001373 1.564344650402308
-9.510565162951535 16.40000000001373 3.090169943749473
-8.910065241883679 16.40000000001373 4.539904997395467
-8.090169943749475 16.40000000001373 5.877852522924731
-7.071067811865476 16.40000000001373 7.071067811865474
-5.877852522924734 16.40000000001373 8.090169943749473
-4.539904997395469 16.40000000001373 8.910065241883679
-3.090169943749476 16.40000000001373 9.510565162951535
-1.56434465040231 16.40000000001373 9.876883405951379
-9.876883405951379 12.80000000002747 1.564344650402308
-9.510565162951535 12.80000000002747 3.090169943749473
-8.910065241883679 12.80000000002747 4.539904997395467
-8.090169943749475 12.80000000002747 5.877852522924731
-7.071067811865476 12.80000000002747 7.071067811865474
-5.877852522924734 12.80000000002747 8.090169943749473
-4.539904997395469 12.80000000002747 8.910065241883679
-3.090169943749476 12.80000000002747 9.510565162951535
-1.56434465040231 12.80000000002747 9.876883405951379
-9.876883405951379 9.200000000023445 1.564344650402308
-9.510565162951535 9.200000000023445 3.090169943749473
-8.910065241883679 9.200000000023445 4.539904997395467
-8.090169943749475 9.200000000023445 5.877852522924731
-7.071067811865476 9.200000000023445 7.071067811865474
-5.877852522924734 9.200000000023445 8.090169943749473
-4.539904997395469 9.200000000023445 8.910065241883679
-3.090169943749476 9.200000000023445 9.510565162951535
-1.56434465040231 9.200000000023445 9.876883405951379
-9.876883405951379 5.600000000001664 1.564344650402308
-9.510565162951535 5.600000000001664 3.090169943749473
-8.910065241883679 5.600000000001664 4.539904997395467
-8.090169943749475 5.600000000001664 5.877852522924731
-7.071067811865476 5.600000000001664 7.071067811865474
-5.877852522924734 5.600000000001664 8.090169943749473
-4.539904997395469 5.600000000001664 8.910065241883679
-3.090169943749476 5.600000000001664 9.510565162951535
-1.56434465040231 5.600000000001664 9.876883405951379
2 117 0 18
634
635
636
637
638
639
640
641
642
643
644
645
646
647
648
649
650
651
-6.584588937300926 2 1.042896433601539
-6.34037677530103 2 2.060113295832984
-5.940043494589126 2 3.026603331596981
-5.393446629166323 2 3.918568348616491
-4.714045207910323 2 4.714045207910321
-3.918568348616493 2 5.393446629166321
-3.026603331596983 2 5.940043494589125
-2.060113295832986 2 6.34037677530103
-1.042896433601542 2 6.584588937300926
-3.292294468650474 2 0.5214482168007715
-3.170188387650526 2 1.030056647916495
-2.970021747294573 2 1.513301665798495
-2.696723314583171 2 1.959284174308252
-2.35702260395517 2 2.357022603955168
-1.959284174308253 2 2.696723314583169
-1.513301665798497 2 2.970021747294572
-1.030056647916497 2 3.170188387650526
-0.5214482168007725 2 3.292294468650474
2 119 0 2
652
653
-3.367778697647926e-16 0.9999999999999999 1.833333333329362
-2.502871895757403e-15 19 13.625
2 131 0 18
654
655
656
657
658
659
660
661
662
663
664
665
666
667
668
669
670
671
0.6257378601584351 0 3.950753362364845
1.236067977494875 0 3.804226065165491
1.815961998950967 0 3.564026096739303
2.351141009160545 0 3.236067977486925
2.828427124734945 0 2.828427124734946
3.236067977486924 0 2.351141009160547
3.564026096739302 0 1.815961998950969
3.80422606516549 0 1.236067977494876
3.950753362364845 0 0.6257378601584369
1.251475720319441 0 7.901506724745923
2.472135954994829 0 7.608452130346613
3.631923997909396 0 7.128052193493251
4.702282018330751 0 6.472135954987148
5.656854249481512 0 5.656854249481515
6.472135954987145 0 4.702282018330754
7.128052193493248 0 3.631923997909399
7.608452130346611 0 2.472135954994832
7.901506724745923 0 1.251475720319445
2 135 0 36
672
673
674
675
676
677
678
679
680
681
682
683
684
685
686
687
688
689
690
691
692
693
694
695
696
697
698
699
700
701
702
703
704
705
706
707
1.877213580482768 3.599999999989774 11.85226008714165
3.708203932499366 3.599999999989774 11.41267819554184
5.447885996874559 3.599999999989774 10.69207829026042
7.053423027509676 3.599999999989774 9.708203932499371
8.485281374238568 3.599999999989774 8.485281374238573
9.708203932499366 3.599999999989774 7.05342302750968
10.69207829026041 3.599999999989774 5.447885996874564
11.41267819554184 3.599999999989774 3.708203932499372
11.85226008714165 3.599999999989774 1.877213580482773
1.877213580482768 7.199999999975163 11.85226008714165
3.708203932499366 7.199999999975163 11.41267819554184
5.447885996874559 7.199999999975163 10.69207829026042
7.053423027509676 7.199999999975163 9.708203932499371
8.485281374238568 7.199999999975163 8.485281374238573
9.708203932499366 7.199999999975163 7.05342302750968
10.69207829026041 7.199999999975163 5.447885996874564
11.41267819554184 7.199999999975163 3.708203932499372
11.85226008714165 7.199999999975163 1.877213580482773
1.877213580482768 10.79999999997831 11.85226008714165
3.708203932499366 10.79999999997831 11.41267819554184
5.447885996874559 10.79999999997831 10.69207829026042
7.053423027509676 10.79999999997831 9.708203932499371
8.485281374238568 10.79999999997831 8.485281374238573
9.708203932499366 10.79999999997831 7.05342302750968
10.69207829026041 10.79999999997831 5.447885996874564
11.41267819554184 10.79999999997831 3.708203932499372
11.85226008714165 10.79999999997831 1.877213580482773
1.877213580482768 14.39999999999921 11.85226008714165
3.708203932499366 14.39999999999921 11.41267819554184
5.447885996874559 14.39999999999921 10.69207829026042
7.053423027509676 14.39999999999921 9.708203932499371
8.485281374238568 14.39999999999921 8.485281374238573
9.708203932499366 14.39999999999921 7.05342302750968
10.69207829026041 14.39999999999921 5.447885996874564
11.41267819554184 14.39999999999921 3.708203932499372
11.85226008714165 14.39999999999921 1.877213580482773
2 147 0 9
708
709
710
711
712
713
714
715
716
1.955430813002885 20 12.34610425743923
3.862712429686842 20 11.88820645368942
5.674881246744335 20 11.13758155235461
7.347315653655915 20 10.11271242968685
8.838834764831844 20 8.83883476483185
10.11271242968684 20 7.347315653655921
11.1375815523546 20 5.67488124674434
11.88820645368942 20 3.862712429686847
12.34610425743923 20 1.95543081300289
2 151 0 36
717
718
719
720
721
722
723
724
725
726
727
728
729
730
731
732
733
734
735
736
737
738
739
740
741
742
743
744
745
746
747
748
749
750
751
752
1.564344650402307 16.40000000001373 9.876883405951379
3.090169943749472 16.40000000001373 9.510565162951535
4.539904997395466 16.40000000001373 8.910065241883679
5.87785252292473 16.40000000001373 8.090169943749476
7.071067811865474 16.40000000001373 7.071067811865476
8.090169943749471 16.40000000001373 5.877852522924734
8.910065241883679 16.40000000001373 4.53990499739547
9.510565162951535 16.40000000001373 3.090169943749476
9.876883405951379 16.40000000001373 1.564344650402311
1.564344650402307 12.80000000002747 9.876883405951379
3.090169943749472 12.80000000002747 9.510565162951535
4.539904997395466 12.80000000002747 8.910065241883679
5.87785252292473 12.80000000002747 8.090169943749476
7.071067811865474 12.80000000002747 7.071067811865476
8.090169943749471 12.80000000002747 5.877852522924734
8.910065241883679 12.80000000002747 4.53990499739547
9.510565162951535 12.80000000002747 3.090169943749476
9.876883405951379 12.80000000002747 1.564344650402311
1.564344650402307 9.200000000023445 9.876883405951379
3.090169943749472 9.200000000023445 9.510565162951535
4.539904997395466 9.200000000023445 8.910065241883679
5.87785252292473 9.200000000023445 8.090169943749476
7.071067811865474 9.200000000023445 7.071067811865476
8.090169943749471 9.200000000023445 5.877852522924734
8.910065241883679 9.200000000023445 4.53990499739547
9.510565162951535 9.200000000023445 3.090169943749476
9.876883405951379 9.200000000023445 1.564344650402311
1.564344650402307 5.600000000001664 9.876883405951379
3.090169943749472 5.600000000001664 9.510565162951535
4.539904997395466 5.600000000001664 8.910065241883679
5.87785252292473 5.600000000001664 8.090169943749476
7.071067811865474 5.600000000001664 7.071067811865476
8.090169943749471 5.600000000001664 5.877852522924734
8.910065241883679 5.600000000001664 4.53990499739547
9.510565162951535 5.600000000001664 3.090169943749476
9.876883405951379 5.600000000001664 1.564344650402311
2 154 0 18
753
754
755
756
757
758
759
760
761
762
763
764
765
766
767
768
769
770
1.042896433601539 2 6.584588937300926
2.060113295832984 2 6.34037677530103
3.026603331596981 2 5.940043494589127
3.918568348616491 2 5.393446629166323
4.714045207910321 2 4.714045207910323
5.393446629166321 2 3.918568348616494
5.940043494589125 2 3.026603331596983
6.34037677530103 2 2.060113295832986
6.584588937300926 2 1.042896433601542
0.5214482168007714 2 3.292294468650474
1.030056647916495 2 3.170188387650526
1.513301665798495 2 2.970021747294573
1.959284174308252 2 2.696723314583171
2.357022603955168 2 2.35702260395517
2.696723314583169 2 1.959284174308253
2.970021747294572 2 1.513301665798497
3.170188387650526 2 1.030056647916497
3.292294468650474 2 0.5214482168007726
3 1 0 18
771
772
773
774
775
776
777
778
779
780
781
782
783
784
785
786
787
788
1.81076195775383 0.9999999999999999 -0.2867965192398019
1.743603613204004 0.9999999999999999 -0.5665311563528429
1.633511961008469 0.9999999999999999 -0.8323159161873659
1.483197823017524 0.9999999999999999 -1.077606295867199
1.296362432172529 0.9999999999999999 -1.296362432172528
1.0776062958672 0.9999999999999999 -1.483197823017524
0.832315916187366 0.9999999999999999 -1.633511961008469
0.566531156352843 0.9999999999999999 -1.743603613204004
0.286796519239802 0.9999999999999999 -1.81076195775383
13.45725364060875 19 -2.131419586173146
12.95814503452147 19 -4.210356548358658
12.13996389206651 19 -6.185620558951324
11.02285654835866 19 -8.008574062484946
9.634329893666711 19 -9.63432989366671
8.008574062484948 19 -11.02285654835866
6.185620558951325 19 -12.13996389206651
4.210356548358659 19 -12.95814503452147
2.131419586173146 19 -13.45725364060875
3 2 0 18
789
790
791
792
793
794
795
796
797
798
799
800
801
802
803
804
805
806
-0.2867965192398018 0.9999999999999999 -1.81076195775383
-0.5665311563528428 0.9999999999999999 -1.743603613204004
-0.8323159161873658 0.9999999999999999 -1.633511961008469
-1.077606295867199 0.9999999999999999 -1.483197823017524
-1.296362432172528 0.9999999999999999 -1.296362432172529
-1.483197823017524 0.9999999999999999 -1.0776062958672
-1.633511961008469 0.9999999999999999 -0.8323159161873661
-1.743603613204004 0.9999999999999999 -0.5665311563528431
-1.81076195775383 0.9999999999999999 -0.2867965192398022
-2.131419586173145 19 -13.45725364060875
-4.210356548358657 19 -12.95814503452147
-6.185620558951324 19 -12.13996389206651
-8.008574062484946 19 -11.02285654835866
-9.63432989366671 19 -9.634329893666711
-11.02285654835866 19 -8.008574062484948
-12.13996389206651 19 -6.185620558951326
-12.95814503452147 19 -4.21035654835866
-13.45725364060875 19 -2.131419586173147
3 3 0 18
807
808
809
810
811
812
813
814
815
816
817
818
819
820
821
822
823
824
-1.81076195775383 0.9999999999999999 0.2867965192398017
-1.743603613204004 0.9999999999999999 0.5665311563528427
-1.633511961008469 0.9999999999999999 0.8323159161873657
-1.483197823017524 0.9999999999999999 1.077606295867199
-1.296362432172529 0.9999999999999999 1.296362432172528
-1.0776062958672 0.9999999999999999 1.483197823017523
-0.8323159161873662 0.9999999999999999 1.633511961008469
-0.5665311563528432 0.9999999999999999 1.743603613204004
-0.2867965192398023 0.9999999999999999 1.81076195775383
-13.45725364060875 19 2.131419586173144
-12.95814503452147 19 4.210356548358656
-12.13996389206651 19 6.185620558951323
-11.02285654835866 19 8.008574062484945
-9.634329893666713 19 9.634329893666708
-8.00857406248495 19 11.02285654835866
-6.185620558951327 19 12.13996389206651
-4.210356548358661 19 12.95814503452147
-2.131419586173148 19 13.45725364060875
3 4 0 18
825
826
827
828
829
830
831
832
833
834
835
836
837
838
839
840
841
842
0.2867965192398016 0.9999999999999999 1.81076195775383
0.5665311563528426 0.9999999999999999 1.743603613204004
0.8323159161873656 0.9999999999999999 1.633511961008469
1.077606295867199 0.9999999999999999 1.483197823017524
1.296362432172528 0.9999999999999999 1.296362432172529
1.483197823017523 0.9999999999999999 1.0776062958672
1.633511961008469 0.9999999999999999 0.8323159161873663
1.743603613204004 0.9999999999999999 0.5665311563528433
1.81076195775383 0.9999999999999999 0.2867965192398024
2.131419586173143 19 13.45725364060875
4.210356548358655 19 12.95814503452147
6.185620558951322 19 12.13996389206651
8.008574062484945 19 11.02285654835866
9.634329893666708 19 9.634329893666713
11.02285654835866 19 8.00857406248495
12.13996389206651 19 6.185620558951328
12.95814503452147 19 4.210356548358662
13.45725364060875 19 2.131419586173149
$EndNodes
$Elements
4 2600 1 2600
3 1 4 650
1 7 28 38 396 
2 306 98 396 7 
3 306 7 396 28 
4 98 306 396 397 
5 307 99 397 98 
6 307 98 397 306 
7 99 307 397 398 
8 308 100 398 99 
9 308 99 398 307 
10 100 308 398 399 
11 309 101 399 100 
12 309 100 399 308 
13 101 309 399 400 
14 310 102 400 101 
15 310 101 400 309 
16 102 310 400 401 
17 311 103 401 102 
18 311 102 401 310 
19 103 311 401 402 
20 312 104 402 103 
21 312 103 402 311 
22 104 312 402 403 
23 313 105 403 104 
24 313 104 403 312 
25 105 313 403 404 
26 314 106 404 105 
27 314 105 404 313 
28 106 314 404 51 
29 41 14 51 106 
30 41 106 51 314 
31 7 29 2 53 
32 315 98 53 7 
33 315 7 53 29 
34 98 315 53 54 
35 316 99 54 98 
36 316 98 54 315 
37 99 316 54 55 
38 317 100 55 99 
39 317 99 55 316 
40 100 317 55 56 
41 318 101 56 100 
42 318 100 56 317 
43 101 318 56 57 
44 319 102 57 101 
45 319 101 57 318 
46 102 319 57 58 
47 320 103 58 102 
48 320 102 58 319 
49 103 320 58 59 
50 321 104 59 103 
51 321 103 59 320 
52 104 321 59 60 
53 322 105 60 104 
54 322 104 60 321 
55 105 322 60 61 
56 323 106 61 105 
57 323 105 61 322 
58 106 323 61 9 
59 42 14 9 106 
60 42 106 9 323 
61 6 33 3 62 
62 351 89 62 6 
63 351 6 62 33 
64 89 351 62 63 
65 352 90 63 89 
66 352 89 63 351 
67 90 352 63 64 
68 353 91 64 90 
69 353 90 64 352 
70 91 353 64 65 
71 354 92 65 91 
72 354 91 65 353 
73 92 354 65 66 
74 355 93 66 92 
75 355 92 66 354 
76 93 355 66 67 
77 356 94 67 93 
78 356 93 67 355 
79 94 356 67 68 
80 357 95 68 94 
81 357 94 68 356 
82 95 357 68 69 
83 358 96 69 95 
84 358 95 69 357 
85 96 358 69 70 
86 359 97 70 96 
87 359 96 70 358 
88 97 359 70 10 
89 46 13 10 97 
90 46 97 10 359 
91 33 5 296 780 
92 80 351 780 33 
93 80 33 780 5 
94 351 80 780 781 
95 81 352 781 351 
96 81 351 781 80 
97 352 81 781 782 
98 82 353 782 352 
99 82 352 782 81 
100 353 82 782 783 
101 83 354 783 353 
102 83 353 783 82 
103 354 83 783 784 
104 84 355 784 354 
105 84 354 784 83 
106 355 84 784 785 
107 85 356 785 355 
108 85 355 785 84 
109 356 85 785 786 
110 86 357 786 356 
111 86 356 786 85 
112 357 86 786 787 
113 87 358 787 357 
114 87 357 787 86 
115 358 87 787 788 
116 88 359 788 358 
117 88 358 788 87 
118 359 88 788 415 
119 12 46 415 359 
120 12 359 415 88 
121 39 27 295 771 
122 297 405 771 39 
123 297 39 771 27 
124 405 297 771 772 
125 298 406 772 405 
126 298 405 772 297 
127 406 298 772 773 
128 299 407 773 406 
129 299 406 773 298 
130 407 299 773 774 
131 300 408 774 407 
132 300 407 774 299 
133 408 300 774 775 
134 301 409 775 408 
135 301 408 775 300 
136 409 301 775 776 
137 302 410 776 409 
138 302 409 776 301 
139 410 302 776 777 
140 303 411 777 410 
141 303 410 777 302 
142 411 303 777 778 
143 304 412 778 411 
144 304 411 778 303 
145 412 304 778 779 
146 305 413 779 412 
147 305 412 779 304 
148 413 305 779 414 
149 40 52 414 413 
150 40 413 414 305 
151 1 8 295 771 
152 8 1 772 771 
153 1 8 772 773 
154 8 1 774 773 
155 1 8 774 775 
156 8 1 776 775 
157 1 8 776 777 
158 8 1 778 777 
159 1 8 778 779 
160 8 1 414 779 
161 3 33 296 780 
162 351 62 780 33 
163 33 3 62 780 
164 62 351 780 781 
165 352 63 781 351 
166 351 62 63 781 
167 63 352 781 782 
168 353 64 782 352 
169 352 63 64 782 
170 64 353 782 783 
171 354 65 783 353 
172 353 64 65 783 
173 65 354 783 784 
174 355 66 784 354 
175 354 65 66 784 
176 66 355 784 785 
177 356 67 785 355 
178 355 66 67 785 
179 67 356 785 786 
180 357 68 786 356 
181 356 67 68 786 
182 68 357 786 787 
183 358 69 787 357 
184 357 68 69 787 
185 69 358 787 788 
186 359 70 788 358 
187 358 69 70 788 
188 70 359 788 415 
189 46 10 415 359 
190 359 70 10 415 
191 5 4 296 780 
192 71 80 780 5 
193 71 5 780 4 
194 80 71 780 781 
195 72 81 781 80 
196 72 80 781 71 
197 81 72 781 782 
198 73 82 782 81 
199 73 81 782 72 
200 82 73 782 783 
201 74 83 783 82 
202 74 82 783 73 
203 83 74 783 784 
204 75 84 784 83 
205 75 83 784 74 
206 84 75 784 785 
207 76 85 785 84 
208 76 84 785 75 
209 85 76 785 786 
210 77 86 786 85 
211 77 85 786 76 
212 86 77 786 787 
213 78 87 787 86 
214 78 86 787 77 
215 87 78 787 788 
216 79 88 788 87 
217 79 87 788 78 
218 88 79 788 415 
219 11 12 415 88 
220 11 88 415 79 
221 27 1 295 771 
222 1 27 297 771 
223 1 298 772 297 
224 1 297 772 771 
225 298 1 772 773 
226 1 298 299 773 
227 1 300 774 299 
228 1 299 774 773 
229 300 1 774 775 
230 1 300 301 775 
231 1 302 776 301 
232 1 301 776 775 
233 302 1 776 777 
234 1 302 303 777 
235 1 304 778 303 
236 1 303 778 777 
237 304 1 778 779 
238 1 304 305 779 
239 1 40 414 305 
240 1 305 414 779 
241 4 3 296 780 
242 62 71 780 4 
243 62 4 780 3 
244 71 62 780 781 
245 63 72 781 71 
246 63 71 781 62 
247 72 63 781 782 
248 64 73 782 72 
249 64 72 782 63 
250 73 64 782 783 
251 65 74 783 73 
252 65 73 783 64 
253 74 65 783 784 
254 66 75 784 74 
255 66 74 784 65 
256 75 66 784 785 
257 67 76 785 75 
258 67 75 785 66 
259 76 67 785 786 
260 68 77 786 76 
261 68 76 786 67 
262 77 68 786 787 
263 69 78 787 77 
264 69 77 787 68 
265 78 69 787 788 
266 70 79 788 78 
267 70 78 788 69 
268 79 70 788 415 
269 10 11 415 79 
270 10 79 415 70 
271 8 39 295 771 
272 405 8 771 39 
273 406 8 772 405 
274 405 771 8 772 
275 8 406 772 773 
276 407 8 773 406 
277 408 8 774 407 
278 407 773 8 774 
279 8 408 774 775 
280 409 8 775 408 
281 410 8 776 409 
282 409 775 8 776 
283 8 410 776 777 
284 411 8 777 410 
285 412 8 778 411 
286 411 777 8 778 
287 8 412 778 779 
288 413 8 779 412 
289 52 8 414 413 
290 413 779 8 414 
291 28 7 2 53 
292 98 306 53 7 
293 7 28 306 53 
294 306 98 53 54 
295 99 307 54 98 
296 98 306 307 54 
297 307 99 54 55 
298 100 308 55 99 
299 99 307 308 55 
300 308 100 55 56 
301 101 309 56 100 
302 100 308 309 56 
303 309 101 56 57 
304 102 310 57 101 
305 101 309 310 57 
306 310 102 57 58 
307 103 311 58 102 
308 102 310 311 58 
309 311 103 58 59 
310 104 312 59 103 
311 103 311 312 59 
312 312 104 59 60 
313 105 313 60 104 
314 104 312 313 60 
315 313 105 60 61 
316 106 314 61 105 
317 105 313 314 61 
318 314 106 61 9 
319 14 41 9 106 
320 106 314 41 9 
321 34 6 3 62 
322 89 360 62 34 
323 89 34 62 6 
324 360 89 62 63 
325 90 361 63 360 
326 90 360 63 89 
327 361 90 63 64 
328 91 362 64 361 
329 91 361 64 90 
330 362 91 64 65 
331 92 363 65 362 
332 92 362 65 91 
333 363 92 65 66 
334 93 364 66 363 
335 93 363 66 92 
336 364 93 66 67 
337 94 365 67 364 
338 94 364 67 93 
339 365 94 67 68 
340 95 366 68 365 
341 95 365 68 94 
342 366 95 68 69 
343 96 367 69 366 
344 96 366 69 95 
345 367 96 69 70 
346 97 368 70 367 
347 97 367 70 96 
348 368 97 70 10 
349 13 47 10 368 
350 13 368 10 97 
351 32 34 3 62 
352 360 342 62 32 
353 360 32 62 34 
354 342 360 62 63 
355 361 343 63 342 
356 361 342 63 360 
357 343 361 63 64 
358 362 344 64 343 
359 362 343 64 361 
360 344 362 64 65 
361 363 345 65 344 
362 363 344 65 362 
363 345 363 65 66 
364 364 346 66 345 
365 364 345 66 363 
366 346 364 66 67 
367 365 347 67 346 
368 365 346 67 364 
369 347 365 67 68 
370 366 348 68 347 
371 366 347 68 365 
372 348 366 68 69 
373 367 349 69 348 
374 367 348 69 366 
375 349 367 69 70 
376 368 350 70 349 
377 368 349 70 367 
378 350 368 70 10 
379 47 45 10 350 
380 47 350 10 368 
381 29 7 37 387 
382 98 315 387 7 
383 7 29 315 387 
384 315 98 387 388 
385 99 316 388 98 
386 98 315 316 388 
387 316 99 388 389 
388 100 317 389 99 
389 99 316 317 389 
390 317 100 389 390 
391 101 318 390 100 
392 100 317 318 390 
393 318 101 390 391 
394 102 319 391 101 
395 101 318 319 391 
396 319 102 391 392 
397 103 320 392 102 
398 102 319 320 392 
399 320 103 392 393 
400 104 321 393 103 
401 103 320 321 393 
402 321 104 393 394 
403 105 322 394 104 
404 104 321 322 394 
405 322 105 394 395 
406 106 323 395 105 
407 105 322 323 395 
408 323 106 395 50 
409 14 42 50 106 
410 106 323 42 50 
411 28 27 38 396 
412 297 306 396 28 
413 297 28 396 27 
414 306 297 396 397 
415 298 307 397 306 
416 298 306 397 297 
417 307 298 397 398 
418 299 308 398 307 
419 299 307 398 298 
420 308 299 398 399 
421 300 309 399 308 
422 300 308 399 299 
423 309 300 399 400 
424 301 310 400 309 
425 301 309 400 300 
426 310 301 400 401 
427 302 311 401 310 
428 302 310 401 301 
429 311 302 401 402 
430 303 312 402 311 
431 303 311 402 302 
432 312 303 402 403 
433 304 313 403 312 
434 304 312 403 303 
435 313 304 403 404 
436 305 314 404 313 
437 305 313 404 304 
438 314 305 404 51 
439 40 41 51 314 
440 40 314 51 305 
441 27 39 38 396 
442 405 297 396 39 
443 39 27 297 396 
444 297 405 396 397 
445 406 298 397 405 
446 405 297 298 397 
447 298 406 397 398 
448 407 299 398 406 
449 406 298 299 398 
450 299 407 398 399 
451 408 300 399 407 
452 407 299 300 399 
453 300 408 399 400 
454 409 301 400 408 
455 408 300 301 400 
456 301 409 400 401 
457 410 302 401 409 
458 409 301 302 401 
459 302 410 401 402 
460 411 303 402 410 
461 410 302 303 402 
462 303 411 402 403 
463 412 304 403 411 
464 411 303 304 403 
465 304 412 403 404 
466 413 305 404 412 
467 412 304 305 404 
468 305 413 404 51 
469 52 40 51 413 
470 413 305 40 51 
471 30 29 37 387 
472 315 324 387 30 
473 315 30 387 29 
474 324 315 387 388 
475 316 325 388 324 
476 316 324 388 315 
477 325 316 388 389 
478 317 326 389 325 
479 317 325 389 316 
480 326 317 389 390 
481 318 327 390 326 
482 318 326 390 317 
483 327 318 390 391 
484 319 328 391 327 
485 319 327 391 318 
486 328 319 391 392 
487 320 329 392 328 
488 320 328 392 319 
489 329 320 392 393 
490 321 330 393 329 
491 321 329 393 320 
492 330 321 393 394 
493 322 331 394 330 
494 322 330 394 321 
495 331 322 394 395 
496 323 332 395 331 
497 323 331 395 322 
498 332 323 395 50 
499 42 43 50 332 
500 42 332 50 323 
501 36 31 30 324 
502 333 378 324 36 
503 333 36 324 31 
504 378 333 324 325 
505 334 379 325 378 
506 334 378 325 333 
507 379 334 325 326 
508 335 380 326 379 
509 335 379 326 334 
510 380 335 326 327 
511 336 381 327 380 
512 336 380 327 335 
513 381 336 327 328 
514 337 382 328 381 
515 337 381 328 336 
516 382 337 328 329 
517 338 383 329 382 
518 338 382 329 337 
519 383 338 329 330 
520 339 384 330 383 
521 339 383 330 338 
522 384 339 330 331 
523 340 385 331 384 
524 340 384 331 339 
525 385 340 331 332 
526 341 386 332 385 
527 341 385 332 340 
528 386 341 332 43 
529 44 49 43 386 
530 44 386 43 341 
531 36 30 37 387 
532 324 378 387 36 
533 324 36 387 30 
534 378 324 387 388 
535 325 379 388 378 
536 325 378 388 324 
537 379 325 388 389 
538 326 380 389 379 
539 326 379 389 325 
540 380 326 389 390 
541 327 381 390 380 
542 327 380 390 326 
543 381 327 390 391 
544 328 382 391 381 
545 328 381 391 327 
546 382 328 391 392 
547 329 383 392 382 
548 329 382 392 328 
549 383 329 392 393 
550 330 384 393 383 
551 330 383 393 329 
552 384 330 393 394 
553 331 385 394 384 
554 331 384 394 330 
555 385 331 394 395 
556 332 386 395 385 
557 332 385 395 331 
558 386 332 395 50 
559 43 49 50 386 
560 43 386 50 332 
561 35 32 31 333 
562 342 369 333 35 
563 342 35 333 32 
564 369 342 333 334 
565 343 370 334 369 
566 343 369 334 342 
567 370 343 334 335 
568 344 371 335 370 
569 344 370 335 343 
570 371 344 335 336 
571 345 372 336 371 
572 345 371 336 344 
573 372 345 336 337 
574 346 373 337 372 
575 346 372 337 345 
576 373 346 337 338 
577 347 374 338 373 
578 347 373 338 346 
579 374 347 338 339 
580 348 375 339 374 
581 348 374 339 347 
582 375 348 339 340 
583 349 376 340 375 
584 349 375 340 348 
585 376 349 340 341 
586 350 377 341 376 
587 350 376 341 349 
588 377 350 341 44 
589 45 48 44 377 
590 45 377 44 350 
591 36 35 31 333 
592 369 378 333 36 
593 369 36 333 35 
594 378 369 333 334 
595 370 379 334 378 
596 370 378 334 369 
597 379 370 334 335 
598 371 380 335 379 
599 371 379 335 370 
600 380 371 335 336 
601 372 381 336 380 
602 372 380 336 371 
603 381 372 336 337 
604 373 382 337 381 
605 373 381 337 372 
606 382 373 337 338 
607 374 383 338 382 
608 374 382 338 373 
609 383 374 338 339 
610 375 384 339 383 
611 375 383 339 374 
612 384 375 339 340 
613 376 385 340 384 
614 376 384 340 375 
615 385 376 340 341 
616 377 386 341 385 
617 377 385 341 376 
618 386 377 341 44 
619 48 49 44 386 
620 48 386 44 377 
621 35 34 32 360 
622 360 369 342 35 
623 360 35 342 32 
624 369 360 342 361 
625 361 370 343 369 
626 361 369 343 342 
627 370 361 343 362 
628 362 371 344 370 
629 362 370 344 343 
630 371 362 344 363 
631 363 372 345 371 
632 363 371 345 344 
633 372 363 345 364 
634 364 373 346 372 
635 364 372 346 345 
636 373 364 346 365 
637 365 374 347 373 
638 365 373 347 346 
639 374 365 347 366 
640 366 375 348 374 
641 366 374 348 347 
642 375 366 348 367 
643 367 376 349 375 
644 367 375 349 348 
645 376 367 349 368 
646 368 377 350 376 
647 368 376 350 349 
648 377 368 350 47 
649 47 48 45 377 
650 47 377 45 350 
3 2 4 650
651 14 41 51 515 
652 425 165 515 14 
653 425 14 515 41 
654 165 425 515 516 
655 426 166 516 165 
656 426 165 516 425 
657 166 426 516 517 
658 427 167 517 166 
659 427 166 517 426 
660 167 427 517 518 
661 428 168 518 167 
662 428 167 518 427 
663 168 428 518 519 
664 429 169 519 168 
665 429 168 519 428 
666 169 429 519 520 
667 430 170 520 169 
668 430 169 520 429 
669 170 430 520 521 
670 431 171 521 170 
671 431 170 521 430 
672 171 431 521 522 
673 432 172 522 171 
674 432 171 522 431 
675 172 432 522 523 
676 433 173 523 172 
677 433 172 523 432 
678 173 433 523 118 
679 108 20 118 173 
680 108 173 118 433 
681 14 42 9 120 
682 434 165 120 14 
683 434 14 120 42 
684 165 434 120 121 
685 435 166 121 165 
686 435 165 121 434 
687 166 435 121 122 
688 436 167 122 166 
689 436 166 122 435 
690 167 436 122 123 
691 437 168 123 167 
692 437 167 123 436 
693 168 437 123 124 
694 438 169 124 168 
695 438 168 124 437 
696 169 438 124 125 
697 439 170 125 169 
698 439 169 125 438 
699 170 439 125 126 
700 440 171 126 170 
701 440 170 126 439 
702 171 440 126 127 
703 441 172 127 171 
704 441 171 127 440 
705 172 441 127 128 
706 442 173 128 172 
707 442 172 128 441 
708 173 442 128 15 
709 109 20 15 173 
710 109 173 15 442 
711 13 46 10 129 
712 470 156 129 13 
713 470 13 129 46 
714 156 470 129 130 
715 471 157 130 156 
716 471 156 130 470 
717 157 471 130 131 
718 472 158 131 157 
719 472 157 131 471 
720 158 472 131 132 
721 473 159 132 158 
722 473 158 132 472 
723 159 473 132 133 
724 474 160 133 159 
725 474 159 133 473 
726 160 474 133 134 
727 475 161 134 160 
728 475 160 134 474 
729 161 475 134 135 
730 476 162 135 161 
731 476 161 135 475 
732 162 476 135 136 
733 477 163 136 162 
734 477 162 136 476 
735 163 477 136 137 
736 478 164 137 163 
737 478 163 137 477 
738 164 478 137 16 
739 113 19 16 164 
740 113 164 16 478 
741 46 12 415 798 
742 147 470 798 46 
743 147 46 798 12 
744 470 147 798 799 
745 148 471 799 470 
746 148 470 799 147 
747 471 148 799 800 
748 149 472 800 471 
749 149 471 800 148 
750 472 149 800 801 
751 150 473 801 472 
752 150 472 801 149 
753 473 150 801 802 
754 151 474 802 473 
755 151 473 802 150 
756 474 151 802 803 
757 152 475 803 474 
758 152 474 803 151 
759 475 152 803 804 
760 153 476 804 475 
761 153 475 804 152 
762 476 153 804 805 
763 154 477 805 476 
764 154 476 805 153 
765 477 154 805 806 
766 155 478 806 477 
767 155 477 806 154 
768 478 155 806 534 
769 18 113 534 478 
770 18 478 534 155 
771 52 40 414 789 
772 416 524 789 52 
773 416 52 789 40 
774 524 416 789 790 
775 417 525 790 524 
776 417 524 790 416 
777 525 417 790 791 
778 418 526 791 525 
779 418 525 791 417 
780 526 418 791 792 
781 419 527 792 526 
782 419 526 792 418 
783 527 419 792 793 
784 420 528 793 527 
785 420 527 793 419 
786 528 420 793 794 
787 421 529 794 528 
788 421 528 794 420 
789 529 421 794 795 
790 422 530 795 529 
791 422 529 795 421 
792 530 422 795 796 
793 423 531 796 530 
794 423 530 796 422 
795 531 423 796 797 
796 424 532 797 531 
797 424 531 797 423 
798 532 424 797 533 
799 107 119 533 532 
800 107 532 533 424 
801 1 8 414 789 
802 8 1 790 789 
803 1 8 790 791 
804 8 1 792 791 
805 1 8 792 793 
806 8 1 794 793 
807 1 8 794 795 
808 8 1 796 795 
809 1 8 796 797 
810 8 1 533 797 
811 10 46 415 798 
812 470 129 798 46 
813 46 10 129 798 
814 129 470 798 799 
815 471 130 799 470 
816 470 129 130 799 
817 130 471 799 800 
818 472 131 800 471 
819 471 130 131 800 
820 131 472 800 801 
821 473 132 801 472 
822 472 131 132 801 
823 132 473 801 802 
824 474 133 802 473 
825 473 132 133 802 
826 133 474 802 803 
827 475 134 803 474 
828 474 133 134 803 
829 134 475 803 804 
830 476 135 804 475 
831 475 134 135 804 
832 135 476 804 805 
833 477 136 805 476 
834 476 135 136 805 
835 136 477 805 806 
836 478 137 806 477 
837 477 136 137 806 
838 137 478 806 534 
839 113 16 534 478 
840 478 137 16 534 
841 12 11 415 798 
842 138 147 798 12 
843 138 12 798 11 
844 147 138 798 799 
845 139 148 799 147 
846 139 147 799 138 
847 148 139 799 800 
848 140 149 800 148 
849 140 148 800 139 
850 149 140 800 801 
851 141 150 801 149 
852 141 149 801 140 
853 150 141 801 802 
854 142 151 802 150 
855 142 150 802 141 
856 151 142 802 803 
857 143 152 803 151 
858 143 151 803 142 
859 152 143 803 804 
860 144 153 804 152 
861 144 152 804 143 
862 153 144 804 805 
863 145 154 805 153 
864 145 153 805 144 
865 154 145 805 806 
866 146 155 806 154 
867 146 154 806 145 
868 155 146 806 534 
869 17 18 534 155 
870 17 155 534 146 
871 40 1 414 789 
872 1 40 416 789 
873 1 417 790 416 
874 1 416 790 789 
875 417 1 790 791 
876 1 417 418 791 
877 1 419 792 418 
878 1 418 792 791 
879 419 1 792 793 
880 1 419 420 793 
881 1 421 794 420 
882 1 420 794 793 
883 421 1 794 795 
884 1 421 422 795 
885 1 423 796 422 
886 1 422 796 795 
887 423 1 796 797 
888 1 423 424 797 
889 1 107 533 424 
890 1 424 533 797 
891 11 10 415 798 
892 129 138 798 11 
893 129 11 798 10 
894 138 129 798 799 
895 130 139 799 138 
896 130 138 799 129 
897 139 130 799 800 
898 131 140 800 139 
899 131 139 800 130 
900 140 131 800 801 
901 132 141 801 140 
902 132 140 801 131 
903 141 132 801 802 
904 133 142 802 141 
905 133 141 802 132 
906 142 133 802 803 
907 134 143 803 142 
908 134 142 803 133 
909 143 134 803 804 
910 135 144 804 143 
911 135 143 804 134 
912 144 135 804 805 
913 136 145 805 144 
914 136 144 805 135 
915 145 136 805 806 
916 137 146 806 145 
917 137 145 806 136 
918 146 137 806 534 
919 16 17 534 146 
920 16 146 534 137 
921 8 52 414 789 
922 524 8 789 52 
923 525 8 790 524 
924 524 789 8 790 
925 8 525 790 791 
926 526 8 791 525 
927 527 8 792 526 
928 526 791 8 792 
929 8 527 792 793 
930 528 8 793 527 
931 529 8 794 528 
932 528 793 8 794 
933 8 529 794 795 
934 530 8 795 529 
935 531 8 796 530 
936 530 795 8 796 
937 8 531 796 797 
938 532 8 797 531 
939 119 8 533 532 
940 532 797 8 533 
941 41 14 9 120 
942 165 425 120 14 
943 14 41 425 120 
944 425 165 120 121 
945 166 426 121 165 
946 165 425 426 121 
947 426 166 121 122 
948 167 427 122 166 
949 166 426 427 122 
950 427 167 122 123 
951 168 428 123 167 
952 167 427 428 123 
953 428 168 123 124 
954 169 429 124 168 
955 168 428 429 124 
956 429 169 124 125 
957 170 430 125 169 
958 169 429 430 125 
959 430 170 125 126 
960 171 431 126 170 
961 170 430 431 126 
962 431 171 126 127 
963 172 432 127 171 
964 171 431 432 127 
965 432 172 127 128 
966 173 433 128 172 
967 172 432 433 128 
968 433 173 128 15 
969 20 108 15 173 
970 173 433 108 15 
971 47 13 10 129 
972 156 479 129 47 
973 156 47 129 13 
974 479 156 129 130 
975 157 480 130 479 
976 157 479 130 156 
977 480 157 130 131 
978 158 481 131 480 
979 158 480 131 157 
980 481 158 131 132 
981 159 482 132 481 
982 159 481 132 158 
983 482 159 132 133 
984 160 483 133 482 
985 160 482 133 159 
986 483 160 133 134 
987 161 484 134 483 
988 161 483 134 160 
989 484 161 134 135 
990 162 485 135 484 
991 162 484 135 161 
992 485 162 135 136 
993 163 486 136 485 
994 163 485 136 162 
995 486 163 136 137 
996 164 487 137 486 
997 164 486 137 163 
998 487 164 137 16 
999 19 114 16 487 
1000 19 487 16 164 
1001 45 47 10 129 
1002 479 461 129 45 
1003 479 45 129 47 
1004 461 479 129 130 
1005 480 462 130 461 
1006 480 461 130 479 
1007 462 480 130 131 
1008 481 463 131 462 
1009 481 462 131 480 
1010 463 481 131 132 
1011 482 464 132 463 
1012 482 463 132 481 
1013 464 482 132 133 
1014 483 465 133 464 
1015 483 464 133 482 
1016 465 483 133 134 
1017 484 466 134 465 
1018 484 465 134 483 
1019 466 484 134 135 
1020 485 467 135 466 
1021 485 466 135 484 
1022 467 485 135 136 
1023 486 468 136 467 
1024 486 467 136 485 
1025 468 486 136 137 
1026 487 469 137 468 
1027 487 468 137 486 
1028 469 487 137 16 
1029 114 112 16 469 
1030 114 469 16 487 
1031 42 14 50 506 
1032 165 434 506 14 
1033 14 42 434 506 
1034 434 165 506 507 
1035 166 435 507 165 
1036 165 434 435 507 
1037 435 166 507 508 
1038 167 436 508 166 
1039 166 435 436 508 
1040 436 167 508 509 
1041 168 437 509 167 
1042 167 436 437 509 
1043 437 168 509 510 
1044 169 438 510 168 
1045 168 437 438 510 
1046 438 169 510 511 
1047 170 439 511 169 
1048 169 438 439 511 
1049 439 170 511 512 
1050 171 440 512 170 
1051 170 439 440 512 
1052 440 171 512 513 
1053 172 441 513 171 
1054 171 440 441 513 
1055 441 172 513 514 
1056 173 442 514 172 
1057 172 441 442 514 
1058 442 173 514 117 
1059 20 109 117 173 
1060 173 442 109 117 
1061 41 40 51 515 
1062 416 425 515 41 
1063 416 41 515 40 
1064 425 416 515 516 
1065 417 426 516 425 
1066 417 425 516 416 
1067 426 417 516 517 
1068 418 427 517 426 
1069 418 426 517 417 
1070 427 418 517 518 
1071 419 428 518 427 
1072 419 427 518 418 
1073 428 419 518 519 
1074 420 429 519 428 
1075 420 428 519 419 
1076 429 420 519 520 
1077 421 430 520 429 
1078 421 429 520 420 
1079 430 421 520 521 
1080 422 431 521 430 
1081 422 430 521 421 
1082 431 422 521 522 
1083 423 432 522 431 
1084 423 431 522 422 
1085 432 423 522 523 
1086 424 433 523 432 
1087 424 432 523 423 
1088 433 424 523 118 
1089 107 108 118 433 
1090 107 433 118 424 
1091 40 52 51 515 
1092 524 416 515 52 
1093 52 40 416 515 
1094 416 524 515 516 
1095 525 417 516 524 
1096 524 416 417 516 
1097 417 525 516 517 
1098 526 418 517 525 
1099 525 417 418 517 
1100 418 526 517 518 
1101 527 419 518 526 
1102 526 418 419 518 
1103 419 527 518 519 
1104 528 420 519 527 
1105 527 419 420 519 
1106 420 528 519 520 
1107 529 421 520 528 
1108 528 420 421 520 
1109 421 529 520 521 
1110 530 422 521 529 
1111 529 421 422 521 
1112 422 530 521 522 
1113 531 423 522 530 
1114 530 422 423 522 
1115 423 531 522 523 
1116 532 424 523 531 
1117 531 423 424 523 
1118 424 532 523 118 
1119 119 107 118 532 
1120 532 424 107 118 
1121 43 42 50 506 
1122 434 443 506 43 
1123 434 43 506 42 
1124 443 434 506 507 
1125 435 444 507 443 
1126 435 443 507 434 
1127 444 435 507 508 
1128 436 445 508 444 
1129 436 444 508 435 
1130 445 436 508 509 
1131 437 446 509 445 
1132 437 445 509 436 
1133 446 437 509 510 
1134 438 447 510 446 
1135 438 446 510 437 
1136 447 438 510 511 
1137 439 448 511 447 
1138 439 447 511 438 
1139 448 439 511 512 
1140 440 449 512 448 
1141 440 448 512 439 
1142 449 440 512 513 
1143 441 450 513 449 
1144 441 449 513 440 
1145 450 441 513 514 
1146 442 451 514 450 
1147 442 450 514 441 
1148 451 442 514 117 
1149 109 110 117 451 
1150 109 451 117 442 
1151 49 44 43 443 
1152 452 497 443 49 
1153 452 49 443 44 
1154 497 452 443 444 
1155 453 498 444 497 
1156 453 497 444 452 
1157 498 453 444 445 
1158 454 499 445 498 
1159 454 498 445 453 
1160 499 454 445 446 
1161 455 500 446 499 
1162 455 499 446 454 
1163 500 455 446 447 
1164 456 501 447 500 
1165 456 500 447 455 
1166 501 456 447 448 
1167 457 502 448 501 
1168 457 501 448 456 
1169 502 457 448 449 
1170 458 503 449 502 
1171 458 502 449 457 
1172 503 458 449 450 
1173 459 504 450 503 
1174 459 503 450 458 
1175 504 459 450 451 
1176 460 505 451 504 
1177 460 504 451 459 
1178 505 460 451 110 
1179 111 116 110 505 
1180 111 505 110 460 
1181 49 43 50 506 
1182 443 497 506 49 
1183 443 49 506 43 
1184 497 443 506 507 
1185 444 498 507 497 
1186 444 497 507 443 
1187 498 444 507 508 
1188 445 499 508 498 
1189 445 498 508 444 
1190 499 445 508 509 
1191 446 500 509 499 
1192 446 499 509 445 
1193 500 446 509 510 
1194 447 501 510 500 
1195 447 500 510 446 
1196 501 447 510 511 
1197 448 502 511 501 
1198 448 501 511 447 
1199 502 448 511 512 
1200 449 503 512 502 
1201 449 502 512 448 
1202 503 449 512 513 
1203 450 504 513 503 
1204 450 503 513 449 
1205 504 450 513 514 
1206 451 505 514 504 
1207 451 504 514 450 
1208 505 451 514 117 
1209 110 116 117 505 
1210 110 505 117 451 
1211 48 45 44 452 
1212 461 488 452 48 
1213 461 48 452 45 
1214 488 461 452 453 
1215 462 489 453 488 
1216 462 488 453 461 
1217 489 462 453 454 
1218 463 490 454 489 
1219 463 489 454 462 
1220 490 463 454 455 
1221 464 491 455 490 
1222 464 490 455 463 
1223 491 464 455 456 
1224 465 492 456 491 
1225 465 491 456 464 
1226 492 465 456 457 
1227 466 493 457 492 
1228 466 492 457 465 
1229 493 466 457 458 
1230 467 494 458 493 
1231 467 493 458 466 
1232 494 467 458 459 
1233 468 495 459 494 
1234 468 494 459 467 
1235 495 468 459 460 
1236 469 496 460 495 
1237 469 495 460 468 
1238 496 469 460 111 
1239 112 115 111 496 
1240 112 496 111 469 
1241 49 48 44 452 
1242 488 497 452 49 
1243 488 49 452 48 
1244 497 488 452 453 
1245 489 498 453 497 
1246 489 497 453 488 
1247 498 489 453 454 
1248 490 499 454 498 
1249 490 498 454 489 
1250 499 490 454 455 
1251 491 500 455 499 
1252 491 499 455 490 
1253 500 491 455 456 
1254 492 501 456 500 
1255 492 500 456 491 
1256 501 492 456 457 
1257 493 502 457 501 
1258 493 501 457 492 
1259 502 493 457 458 
1260 494 503 458 502 
1261 494 502 458 493 
1262 503 494 458 459 
1263 495 504 459 503 
1264 495 503 459 494 
1265 504 495 459 460 
1266 496 505 460 504 
1267 496 504 460 495 
1268 505 496 460 111 
1269 115 116 111 505 
1270 115 505 111 496 
1271 48 47 45 479 
1272 479 488 461 48 
1273 479 48 461 45 
1274 488 479 461 480 
1275 480 489 462 488 
1276 480 488 462 461 
1277 489 480 462 481 
1278 481 490 463 489 
1279 481 489 463 462 
1280 490 481 463 482 
1281 482 491 464 490 
1282 482 490 464 463 
1283 491 482 464 483 
1284 483 492 465 491 
1285 483 491 465 464 
1286 492 483 465 484 
1287 484 493 466 492 
1288 484 492 466 465 
1289 493 484 466 485 
1290 485 494 467 493 
1291 485 493 467 466 
1292 494 485 467 486 
1293 486 495 468 494 
1294 486 494 468 467 
1295 495 486 468 487 
1296 487 496 469 495 
1297 487 495 469 468 
1298 496 487 469 114 
1299 114 115 112 496 
1300 114 496 112 469 
3 3 4 650
1301 20 108 118 634 
1302 544 232 634 20 
1303 544 20 634 108 
1304 232 544 634 635 
1305 545 233 635 232 
1306 545 232 635 544 
1307 233 545 635 636 
1308 546 234 636 233 
1309 546 233 636 545 
1310 234 546 636 637 
1311 547 235 637 234 
1312 547 234 637 546 
1313 235 547 637 638 
1314 548 236 638 235 
1315 548 235 638 547 
1316 236 548 638 639 
1317 549 237 639 236 
1318 549 236 639 548 
1319 237 549 639 640 
1320 550 238 640 237 
1321 550 237 640 549 
1322 238 550 640 641 
1323 551 239 641 238 
1324 551 238 641 550 
1325 239 551 641 642 
1326 552 240 642 239 
1327 552 239 642 551 
1328 240 552 642 185 
1329 175 26 185 240 
1330 175 240 185 552 
1331 20 109 15 187 
1332 553 232 187 20 
1333 553 20 187 109 
1334 232 553 187 188 
1335 554 233 188 232 
1336 554 232 188 553 
1337 233 554 188 189 
1338 555 234 189 233 
1339 555 233 189 554 
1340 234 555 189 190 
1341 556 235 190 234 
1342 556 234 190 555 
1343 235 556 190 191 
1344 557 236 191 235 
1345 557 235 191 556 
1346 236 557 191 192 
1347 558 237 192 236 
1348 558 236 192 557 
1349 237 558 192 193 
1350 559 238 193 237 
1351 559 237 193 558 
1352 238 559 193 194 
1353 560 239 194 238 
1354 560 238 194 559 
1355 239 560 194 195 
1356 561 240 195 239 
1357 561 239 195 560 
1358 240 561 195 21 
1359 176 26 21 240 
1360 176 240 21 561 
1361 19 113 16 196 
1362 589 223 196 19 
1363 589 19 196 113 
1364 223 589 196 197 
1365 590 224 197 223 
1366 590 223 197 589 
1367 224 590 197 198 
1368 591 225 198 224 
1369 591 224 198 590 
1370 225 591 198 199 
1371 592 226 199 225 
1372 592 225 199 591 
1373 226 592 199 200 
1374 593 227 200 226 
1375 593 226 200 592 
1376 227 593 200 201 
1377 594 228 201 227 
1378 594 227 201 593 
1379 228 594 201 202 
1380 595 229 202 228 
1381 595 228 202 594 
1382 229 595 202 203 
1383 596 230 203 229 
1384 596 229 203 595 
1385 230 596 203 204 
1386 597 231 204 230 
1387 597 230 204 596 
1388 231 597 204 22 
1389 180 25 22 231 
1390 180 231 22 597 
1391 113 18 534 816 
1392 214 589 816 113 
1393 214 113 816 18 
1394 589 214 816 817 
1395 215 590 817 589 
1396 215 589 817 214 
1397 590 215 817 818 
1398 216 591 818 590 
1399 216 590 818 215 
1400 591 216 818 819 
1401 217 592 819 591 
1402 217 591 819 216 
1403 592 217 819 820 
1404 218 593 820 592 
1405 218 592 820 217 
1406 593 218 820 821 
1407 219 594 821 593 
1408 219 593 821 218 
1409 594 219 821 822 
1410 220 595 822 594 
1411 220 594 822 219 
1412 595 220 822 823 
1413 221 596 823 595 
1414 221 595 823 220 
1415 596 221 823 824 
1416 222 597 824 596 
1417 222 596 824 221 
1418 597 222 824 653 
1419 24 180 653 597 
1420 24 597 653 222 
1421 119 107 533 807 
1422 535 643 807 119 
1423 535 119 807 107 
1424 643 535 807 808 
1425 536 644 808 643 
1426 536 643 808 535 
1427 644 536 808 809 
1428 537 645 809 644 
1429 537 644 809 536 
1430 645 537 809 810 
1431 538 646 810 645 
1432 538 645 810 537 
1433 646 538 810 811 
1434 539 647 811 646 
1435 539 646 811 538 
1436 647 539 811 812 
1437 540 648 812 647 
1438 540 647 812 539 
1439 648 540 812 813 
1440 541 649 813 648 
1441 541 648 813 540 
1442 649 541 813 814 
1443 542 650 814 649 
1444 542 649 814 541 
1445 650 542 814 815 
1446 543 651 815 650 
1447 543 650 815 542 
1448 651 543 815 652 
1449 174 186 652 651 
1450 174 651 652 543 
1451 1 8 533 807 
1452 8 1 808 807 
1453 1 8 808 809 
1454 8 1 810 809 
1455 1 8 810 811 
1456 8 1 812 811 
1457 1 8 812 813 
1458 8 1 814 813 
1459 1 8 814 815 
1460 8 1 652 815 
1461 16 113 534 816 
1462 589 196 816 113 
1463 113 16 196 816 
1464 196 589 816 817 
1465 590 197 817 589 
1466 589 196 197 817 
1467 197 590 817 818 
1468 591 198 818 590 
1469 590 197 198 818 
1470 198 591 818 819 
1471 592 199 819 591 
1472 591 198 199 819 
1473 199 592 819 820 
1474 593 200 820 592 
1475 592 199 200 820 
1476 200 593 820 821 
1477 594 201 821 593 
1478 593 200 201 821 
1479 201 594 821 822 
1480 595 202 822 594 
1481 594 201 202 822 
1482 202 595 822 823 
1483 596 203 823 595 
1484 595 202 203 823 
1485 203 596 823 824 
1486 597 204 824 596 
1487 596 203 204 824 
1488 204 597 824 653 
1489 180 22 653 597 
1490 597 204 22 653 
1491 18 17 534 816 
1492 205 214 816 18 
1493 205 18 816 17 
1494 214 205 816 817 
1495 206 215 817 214 
1496 206 214 817 205 
1497 215 206 817 818 
1498 207 216 818 215 
1499 207 215 818 206 
1500 216 207 818 819 
1501 208 217 819 216 
1502 208 216 819 207 
1503 217 208 819 820 
1504 209 218 820 217 
1505 209 217 820 208 
1506 218 209 820 821 
1507 210 219 821 218 
1508 210 218 821 209 
1509 219 210 821 822 
1510 211 220 822 219 
1511 211 219 822 210 
1512 220 211 822 823 
1513 212 221 823 220 
1514 212 220 823 211 
1515 221 212 823 824 
1516 213 222 824 221 
1517 213 221 824 212 
1518 222 213 824 653 
1519 23 24 653 222 
1520 23 222 653 213 
1521 107 1 533 807 
1522 1 107 535 807 
1523 1 536 808 535 
1524 1 535 808 807 
1525 536 1 808 809 
1526 1 536 537 809 
1527 1 538 810 537 
1528 1 537 810 809 
1529 538 1 810 811 
1530 1 538 539 811 
1531 1 540 812 539 
1532 1 539 812 811 
1533 540 1 812 813 
1534 1 540 541 813 
1535 1 542 814 541 
1536 1 541 814 813 
1537 542 1 814 815 
1538 1 542 543 815 
1539 1 174 652 543 
1540 1 543 652 815 
1541 17 16 534 816 
1542 196 205 816 17 
1543 196 17 816 16 
1544 205 196 816 817 
1545 197 206 817 205 
1546 197 205 817 196 
1547 206 197 817 818 
1548 198 207 818 206 
1549 198 206 818 197 
1550 207 198 818 819 
1551 199 208 819 207 
1552 199 207 819 198 
1553 208 199 819 820 
1554 200 209 820 208 
1555 200 208 820 199 
1556 209 200 820 821 
1557 201 210 821 209 
1558 201 209 821 200 
1559 210 201 821 822 
1560 202 211 822 210 
1561 202 210 822 201 
1562 211 202 822 823 
1563 203 212 823 211 
1564 203 211 823 202 
1565 212 203 823 824 
1566 204 213 824 212 
1567 204 212 824 203 
1568 213 204 824 653 
1569 22 23 653 213 
1570 22 213 653 204 
1571 8 119 533 807 
1572 643 8 807 119 
1573 644 8 808 643 
1574 643 807 8 808 
1575 8 644 808 809 
1576 645 8 809 644 
1577 646 8 810 645 
1578 645 809 8 810 
1579 8 646 810 811 
1580 647 8 811 646 
1581 648 8 812 647 
1582 647 811 8 812 
1583 8 648 812 813 
1584 649 8 813 648 
1585 650 8 814 649 
1586 649 813 8 814 
1587 8 650 814 815 
1588 651 8 815 650 
1589 186 8 652 651 
1590 651 815 8 652 
1591 108 20 15 187 
1592 232 544 187 20 
1593 20 108 544 187 
1594 544 232 187 188 
1595 233 545 188 232 
1596 232 544 545 188 
1597 545 233 188 189 
1598 234 546 189 233 
1599 233 545 546 189 
1600 546 234 189 190 
1601 235 547 190 234 
1602 234 546 547 190 
1603 547 235 190 191 
1604 236 548 191 235 
1605 235 547 548 191 
1606 548 236 191 192 
1607 237 549 192 236 
1608 236 548 549 192 
1609 549 237 192 193 
1610 238 550 193 237 
1611 237 549 550 193 
1612 550 238 193 194 
1613 239 551 194 238 
1614 238 550 551 194 
1615 551 239 194 195 
1616 240 552 195 239 
1617 239 551 552 195 
1618 552 240 195 21 
1619 26 175 21 240 
1620 240 552 175 21 
1621 114 19 16 196 
1622 223 598 196 114 
1623 223 114 196 19 
1624 598 223 196 197 
1625 224 599 197 598 
1626 224 598 197 223 
1627 599 224 197 198 
1628 225 600 198 599 
1629 225 599 198 224 
1630 600 225 198 199 
1631 226 601 199 600 
1632 226 600 199 225 
1633 601 226 199 200 
1634 227 602 200 601 
1635 227 601 200 226 
1636 602 227 200 201 
1637 228 603 201 602 
1638 228 602 201 227 
1639 603 228 201 202 
1640 229 604 202 603 
1641 229 603 202 228 
1642 604 229 202 203 
1643 230 605 203 604 
1644 230 604 203 229 
1645 605 230 203 204 
1646 231 606 204 605 
1647 231 605 204 230 
1648 606 231 204 22 
1649 25 181 22 606 
1650 25 606 22 231 
1651 112 114 16 196 
1652 598 580 196 112 
1653 598 112 196 114 
1654 580 598 196 197 
1655 599 581 197 580 
1656 599 580 197 598 
1657 581 599 197 198 
1658 600 582 198 581 
1659 600 581 198 599 
1660 582 600 198 199 
1661 601 583 199 582 
1662 601 582 199 600 
1663 583 601 199 200 
1664 602 584 200 583 
1665 602 583 200 601 
1666 584 602 200 201 
1667 603 585 201 584 
1668 603 584 201 602 
1669 585 603 201 202 
1670 604 586 202 585 
1671 604 585 202 603 
1672 586 604 202 203 
1673 605 587 203 586 
1674 605 586 203 604 
1675 587 605 203 204 
1676 606 588 204 587 
1677 606 587 204 605 
1678 588 606 204 22 
1679 181 179 22 588 
1680 181 588 22 606 
1681 109 20 117 625 
1682 232 553 625 20 
1683 20 109 553 625 
1684 553 232 625 626 
1685 233 554 626 232 
1686 232 553 554 626 
1687 554 233 626 627 
1688 234 555 627 233 
1689 233 554 555 627 
1690 555 234 627 628 
1691 235 556 628 234 
1692 234 555 556 628 
1693 556 235 628 629 
1694 236 557 629 235 
1695 235 556 557 629 
1696 557 236 629 630 
1697 237 558 630 236 
1698 236 557 558 630 
1699 558 237 630 631 
1700 238 559 631 237 
1701 237 558 559 631 
1702 559 238 631 632 
1703 239 560 632 238 
1704 238 559 560 632 
1705 560 239 632 633 
1706 240 561 633 239 
1707 239 560 561 633 
1708 561 240 633 184 
1709 26 176 184 240 
1710 240 561 176 184 
1711 108 107 118 634 
1712 535 544 634 108 
1713 535 108 634 107 
1714 544 535 634 635 
1715 536 545 635 544 
1716 536 544 635 535 
1717 545 536 635 636 
1718 537 546 636 545 
1719 537 545 636 536 
1720 546 537 636 637 
1721 538 547 637 546 
1722 538 546 637 537 
1723 547 538 637 638 
1724 539 548 638 547 
1725 539 547 638 538 
1726 548 539 638 639 
1727 540 549 639 548 
1728 540 548 639 539 
1729 549 540 639 640 
1730 541 550 640 549 
1731 541 549 640 540 
1732 550 541 640 641 
1733 542 551 641 550 
1734 542 550 641 541 
1735 551 542 641 642 
1736 543 552 642 551 
1737 543 551 642 542 
1738 552 543 642 185 
1739 174 175 185 552 
1740 174 552 185 543 
1741 107 119 118 634 
1742 643 535 634 119 
1743 119 107 535 634 
1744 535 643 634 635 
1745 644 536 635 643 
1746 643 535 536 635 
1747 536 644 635 636 
1748 645 537 636 644 
1749 644 536 537 636 
1750 537 645 636 637 
1751 646 538 637 645 
1752 645 537 538 637 
1753 538 646 637 638 
1754 647 539 638 646 
1755 646 538 539 638 
1756 539 647 638 639 
1757 648 540 639 647 
1758 647 539 540 639 
1759 540 648 639 640 
1760 649 541 640 648 
1761 648 540 541 640 
1762 541 649 640 641 
1763 650 542 641 649 
1764 649 541 542 641 
1765 542 650 641 642 
1766 651 543 642 650 
1767 650 542 543 642 
1768 543 651 642 185 
1769 186 174 185 651 
1770 651 543 174 185 
1771 110 109 117 625 
1772 553 562 625 110 
1773 553 110 625 109 
1774 562 553 625 626 
1775 554 563 626 562 
1776 554 562 626 553 
1777 563 554 626 627 
1778 555 564 627 563 
1779 555 563 627 554 
1780 564 555 627 628 
1781 556 565 628 564 
1782 556 564 628 555 
1783 565 556 628 629 
1784 557 566 629 565 
1785 557 565 629 556 
1786 566 557 629 630 
1787 558 567 630 566 
1788 558 566 630 557 
1789 567 558 630 631 
1790 559 568 631 567 
1791 559 567 631 558 
1792 568 559 631 632 
1793 560 569 632 568 
1794 560 568 632 559 
1795 569 560 632 633 
1796 561 570 633 569 
1797 561 569 633 560 
1798 570 561 633 184 
1799 176 177 184 570 
1800 176 570 184 561 
1801 116 111 110 562 
1802 571 616 562 116 
1803 571 116 562 111 
1804 616 571 562 563 
1805 572 617 563 616 
1806 572 616 563 571 
1807 617 572 563 564 
1808 573 618 564 617 
1809 573 617 564 572 
1810 618 573 564 565 
1811 574 619 565 618 
1812 574 618 565 573 
1813 619 574 565 566 
1814 575 620 566 619 
1815 575 619 566 574 
1816 620 575 566 567 
1817 576 621 567 620 
1818 576 620 567 575 
1819 621 576 567 568 
1820 577 622 568 621 
1821 577 621 568 576 
1822 622 577 568 569 
1823 578 623 569 622 
1824 578 622 569 577 
1825 623 578 569 570 
1826 579 624 570 623 
1827 579 623 570 578 
1828 624 579 570 177 
1829 178 183 177 624 
1830 178 624 177 579 
1831 116 110 117 625 
1832 562 616 625 116 
1833 562 116 625 110 
1834 616 562 625 626 
1835 563 617 626 616 
1836 563 616 626 562 
1837 617 563 626 627 
1838 564 618 627 617 
1839 564 617 627 563 
1840 618 564 627 628 
1841 565 619 628 618 
1842 565 618 628 564 
1843 619 565 628 629 
1844 566 620 629 619 
1845 566 619 629 565 
1846 620 566 629 630 
1847 567 621 630 620 
1848 567 620 630 566 
1849 621 567 630 631 
1850 568 622 631 621 
1851 568 621 631 567 
1852 622 568 631 632 
1853 569 623 632 622 
1854 569 622 632 568 
1855 623 569 632 633 
1856 570 624 633 623 
1857 570 623 633 569 
1858 624 570 633 184 
1859 177 183 184 624 
1860 177 624 184 570 
1861 115 112 111 571 
1862 580 607 571 115 
1863 580 115 571 112 
1864 607 580 571 572 
1865 581 608 572 607 
1866 581 607 572 580 
1867 608 581 572 573 
1868 582 609 573 608 
1869 582 608 573 581 
1870 609 582 573 574 
1871 583 610 574 609 
1872 583 609 574 582 
1873 610 583 574 575 
1874 584 611 575 610 
1875 584 610 575 583 
1876 611 584 575 576 
1877 585 612 576 611 
1878 585 611 576 584 
1879 612 585 576 577 
1880 586 613 577 612 
1881 586 612 577 585 
1882 613 586 577 578 
1883 587 614 578 613 
1884 587 613 578 586 
1885 614 587 578 579 
1886 588 615 579 614 
1887 588 614 579 587 
1888 615 588 579 178 
1889 179 182 178 615 
1890 179 615 178 588 
1891 116 115 111 571 
1892 607 616 571 116 
1893 607 116 571 115 
1894 616 607 571 572 
1895 608 617 572 616 
1896 608 616 572 607 
1897 617 608 572 573 
1898 609 618 573 617 
1899 609 617 573 608 
1900 618 609 573 574 
1901 610 619 574 618 
1902 610 618 574 609 
1903 619 610 574 575 
1904 611 620 575 619 
1905 611 619 575 610 
1906 620 611 575 576 
1907 612 621 576 620 
1908 612 620 576 611 
1909 621 612 576 577 
1910 613 622 577 621 
1911 613 621 577 612 
1912 622 613 577 578 
1913 614 623 578 622 
1914 614 622 578 613 
1915 623 614 578 579 
1916 615 624 579 623 
1917 615 623 579 614 
1918 624 615 579 178 
1919 182 183 178 624 
1920 182 624 178 615 
1921 115 114 112 598 
1922 598 607 580 115 
1923 598 115 580 112 
1924 607 598 580 599 
1925 599 608 581 607 
1926 599 607 581 580 
1927 608 599 581 600 
1928 600 609 582 608 
1929 600 608 582 581 
1930 609 600 582 601 
1931 601 610 583 609 
1932 601 609 583 582 
1933 610 601 583 602 
1934 602 611 584 610 
1935 602 610 584 583 
1936 611 602 584 603 
1937 603 612 585 611 
1938 603 611 585 584 
1939 612 603 585 604 
1940 604 613 586 612 
1941 604 612 586 585 
1942 613 604 586 605 
1943 605 614 587 613 
1944 605 613 587 586 
1945 614 605 587 606 
1946 606 615 588 614 
1947 606 614 588 587 
1948 615 606 588 181 
1949 181 182 179 615 
1950 181 615 179 588 
3 4 4 650
1951 26 175 185 753 
1952 663 286 753 26 
1953 663 26 753 175 
1954 286 663 753 754 
1955 664 287 754 286 
1956 664 286 754 663 
1957 287 664 754 755 
1958 665 288 755 287 
1959 665 287 755 664 
1960 288 665 755 756 
1961 666 289 756 288 
1962 666 288 756 665 
1963 289 666 756 757 
1964 667 290 757 289 
1965 667 289 757 666 
1966 290 667 757 758 
1967 668 291 758 290 
1968 668 290 758 667 
1969 291 668 758 759 
1970 669 292 759 291 
1971 669 291 759 668 
1972 292 669 759 760 
1973 670 293 760 292 
1974 670 292 760 669 
1975 293 670 760 761 
1976 671 294 761 293 
1977 671 293 761 670 
1978 294 671 761 38 
1979 28 7 38 294 
1980 28 294 38 671 
1981 26 176 21 241 
1982 672 286 241 26 
1983 672 26 241 176 
1984 286 672 241 242 
1985 673 287 242 286 
1986 673 286 242 672 
1987 287 673 242 243 
1988 674 288 243 287 
1989 674 287 243 673 
1990 288 674 243 244 
1991 675 289 244 288 
1992 675 288 244 674 
1993 289 675 244 245 
1994 676 290 245 289 
1995 676 289 245 675 
1996 290 676 245 246 
1997 677 291 246 290 
1998 677 290 246 676 
1999 291 677 246 247 
2000 678 292 247 291 
2001 678 291 247 677 
2002 292 678 247 248 
2003 679 293 248 292 
2004 679 292 248 678 
2005 293 679 248 249 
2006 680 294 249 293 
2007 680 293 249 679 
2008 294 680 249 2 
2009 29 7 2 294 
2010 29 294 2 680 
2011 25 180 22 250 
2012 708 277 250 25 
2013 708 25 250 180 
2014 277 708 250 251 
2015 709 278 251 277 
2016 709 277 251 708 
2017 278 709 251 252 
2018 710 279 252 278 
2019 710 278 252 709 
2020 279 710 252 253 
2021 711 280 253 279 
2022 711 279 253 710 
2023 280 711 253 254 
2024 712 281 254 280 
2025 712 280 254 711 
2026 281 712 254 255 
2027 713 282 255 281 
2028 713 281 255 712 
2029 282 713 255 256 
2030 714 283 256 282 
2031 714 282 256 713 
2032 283 714 256 257 
2033 715 284 257 283 
2034 715 283 257 714 
2035 284 715 257 258 
2036 716 285 258 284 
2037 716 284 258 715 
2038 285 716 258 3 
2039 33 6 3 285 
2040 33 285 3 716 
2041 180 24 653 834 
2042 268 708 834 180 
2043 268 180 834 24 
2044 708 268 834 835 
2045 269 709 835 708 
2046 269 708 835 268 
2047 709 269 835 836 
2048 270 710 836 709 
2049 270 709 836 269 
2050 710 270 836 837 
2051 271 711 837 710 
2052 271 710 837 270 
2053 711 271 837 838 
2054 272 712 838 711 
2055 272 711 838 271 
2056 712 272 838 839 
2057 273 713 839 712 
2058 273 712 839 272 
2059 713 273 839 840 
2060 274 714 840 713 
2061 274 713 840 273 
2062 714 274 840 841 
2063 275 715 841 714 
2064 275 714 841 274 
2065 715 275 841 842 
2066 276 716 842 715 
2067 276 715 842 275 
2068 716 276 842 296 
2069 5 33 296 716 
2070 5 716 296 276 
2071 186 174 652 825 
2072 654 762 825 186 
2073 654 186 825 174 
2074 762 654 825 826 
2075 655 763 826 762 
2076 655 762 826 654 
2077 763 655 826 827 
2078 656 764 827 763 
2079 656 763 827 655 
2080 764 656 827 828 
2081 657 765 828 764 
2082 657 764 828 656 
2083 765 657 828 829 
2084 658 766 829 765 
2085 658 765 829 657 
2086 766 658 829 830 
2087 659 767 830 766 
2088 659 766 830 658 
2089 767 659 830 831 
2090 660 768 831 767 
2091 660 767 831 659 
2092 768 660 831 832 
2093 661 769 832 768 
2094 661 768 832 660 
2095 769 661 832 833 
2096 662 770 833 769 
2097 662 769 833 661 
2098 770 662 833 295 
2099 27 39 295 770 
2100 27 770 295 662 
2101 1 8 652 825 
2102 8 1 826 825 
2103 1 8 826 827 
2104 8 1 828 827 
2105 1 8 828 829 
2106 8 1 830 829 
2107 1 8 830 831 
2108 8 1 832 831 
2109 1 8 832 833 
2110 8 1 295 833 
2111 22 180 653 834 
2112 708 250 834 180 
2113 180 22 250 834 
2114 250 708 834 835 
2115 709 251 835 708 
2116 708 250 251 835 
2117 251 709 835 836 
2118 710 252 836 709 
2119 709 251 252 836 
2120 252 710 836 837 
2121 711 253 837 710 
2122 710 252 253 837 
2123 253 711 837 838 
2124 712 254 838 711 
2125 711 253 254 838 
2126 254 712 838 839 
2127 713 255 839 712 
2128 712 254 255 839 
2129 255 713 839 840 
2130 714 256 840 713 
2131 713 255 256 840 
2132 256 714 840 841 
2133 715 257 841 714 
2134 714 256 257 841 
2135 257 715 841 842 
2136 716 258 842 715 
2137 715 257 258 842 
2138 258 716 842 296 
2139 33 3 296 716 
2140 716 258 3 296 
2141 24 23 653 834 
2142 259 268 834 24 
2143 259 24 834 23 
2144 268 259 834 835 
2145 260 269 835 268 
2146 260 268 835 259 
2147 269 260 835 836 
2148 261 270 836 269 
2149 261 269 836 260 
2150 270 261 836 837 
2151 262 271 837 270 
2152 262 270 837 261 
2153 271 262 837 838 
2154 263 272 838 271 
2155 263 271 838 262 
2156 272 263 838 839 
2157 264 273 839 272 
2158 264 272 839 263 
2159 273 264 839 840 
2160 265 274 840 273 
2161 265 273 840 264 
2162 274 265 840 841 
2163 266 275 841 274 
2164 266 274 841 265 
2165 275 266 841 842 
2166 267 276 842 275 
2167 267 275 842 266 
2168 276 267 842 296 
2169 4 5 296 276 
2170 4 276 296 267 
2171 174 1 652 825 
2172 1 174 654 825 
2173 1 655 826 654 
2174 1 654 826 825 
2175 655 1 826 827 
2176 1 655 656 827 
2177 1 657 828 656 
2178 1 656 828 827 
2179 657 1 828 829 
2180 1 657 658 829 
2181 1 659 830 658 
2182 1 658 830 829 
2183 659 1 830 831 
2184 1 659 660 831 
2185 1 661 832 660 
2186 1 660 832 831 
2187 661 1 832 833 
2188 1 661 662 833 
2189 1 27 295 662 
2190 1 662 295 833 
2191 23 22 653 834 
2192 250 259 834 23 
2193 250 23 834 22 
2194 259 250 834 835 
2195 251 260 835 259 
2196 251 259 835 250 
2197 260 251 835 836 
2198 252 261 836 260 
2199 252 260 836 251 
2200 261 252 836 837 
2201 253 262 837 261 
2202 253 261 837 252 
2203 262 253 837 838 
2204 254 263 838 262 
2205 254 262 838 253 
2206 263 254 838 839 
2207 255 264 839 263 
2208 255 263 839 254 
2209 264 255 839 840 
2210 256 265 840 264 
2211 256 264 840 255 
2212 265 256 840 841 
2213 257 266 841 265 
2214 257 265 841 256 
2215 266 257 841 842 
2216 258 267 842 266 
2217 258 266 842 257 
2218 267 258 842 296 
2219 3 4 296 267 
2220 3 267 296 258 
2221 8 186 652 825 
2222 762 8 825 186 
2223 763 8 826 762 
2224 762 825 8 826 
2225 8 763 826 827 
2226 764 8 827 763 
2227 765 8 828 764 
2228 764 827 8 828 
2229 8 765 828 829 
2230 766 8 829 765 
2231 767 8 830 766 
2232 766 829 8 830 
2233 8 767 830 831 
2234 768 8 831 767 
2235 769 8 832 768 
2236 768 831 8 832 
2237 8 769 832 833 
2238 770 8 833 769 
2239 39 8 295 770 
2240 770 833 8 295 
2241 175 26 21 241 
2242 286 663 241 26 
2243 26 175 663 241 
2244 663 286 241 242 
2245 287 664 242 286 
2246 286 663 664 242 
2247 664 287 242 243 
2248 288 665 243 287 
2249 287 664 665 243 
2250 665 288 243 244 
2251 289 666 244 288 
2252 288 665 666 244 
2253 666 289 244 245 
2254 290 667 245 289 
2255 289 666 667 245 
2256 667 290 245 246 
2257 291 668 246 290 
2258 290 667 668 246 
2259 668 291 246 247 
2260 292 669 247 291 
2261 291 668 669 247 
2262 669 292 247 248 
2263 293 670 248 292 
2264 292 669 670 248 
2265 670 293 248 249 
2266 294 671 249 293 
2267 293 670 671 249 
2268 671 294 249 2 
2269 7 28 2 294 
2270 294 671 28 2 
2271 181 25 22 250 
2272 277 717 250 181 
2273 277 181 250 25 
2274 717 277 250 251 
2275 278 718 251 717 
2276 278 717 251 277 
2277 718 278 251 252 
2278 279 719 252 718 
2279 279 718 252 278 
2280 719 279 252 253 
2281 280 720 253 719 
2282 280 719 253 279 
2283 720 280 253 254 
2284 281 721 254 720 
2285 281 720 254 280 
2286 721 281 254 255 
2287 282 722 255 721 
2288 282 721 255 281 
2289 722 282 255 256 
2290 283 723 256 722 
2291 283 722 256 282 
2292 723 283 256 257 
2293 284 724 257 723 
2294 284 723 257 283 
2295 724 284 257 258 
2296 285 725 258 724 
2297 285 724 258 284 
2298 725 285 258 3 
2299 6 34 3 725 
2300 6 725 3 285 
2301 179 181 22 250 
2302 717 699 250 179 
2303 717 179 250 181 
2304 699 717 250 251 
2305 718 700 251 699 
2306 718 699 251 717 
2307 700 718 251 252 
2308 719 701 252 700 
2309 719 700 252 718 
2310 701 719 252 253 
2311 720 702 253 701 
2312 720 701 253 719 
2313 702 720 253 254 
2314 721 703 254 702 
2315 721 702 254 720 
2316 703 721 254 255 
2317 722 704 255 703 
2318 722 703 255 721 
2319 704 722 255 256 
2320 723 705 256 704 
2321 723 704 256 722 
2322 705 723 256 257 
2323 724 706 257 705 
2324 724 705 257 723 
2325 706 724 257 258 
2326 725 707 258 706 
2327 725 706 258 724 
2328 707 725 258 3 
2329 34 32 3 707 
2330 34 707 3 725 
2331 176 26 184 744 
2332 286 672 744 26 
2333 26 176 672 744 
2334 672 286 744 745 
2335 287 673 745 286 
2336 286 672 673 745 
2337 673 287 745 746 
2338 288 674 746 287 
2339 287 673 674 746 
2340 674 288 746 747 
2341 289 675 747 288 
2342 288 674 675 747 
2343 675 289 747 748 
2344 290 676 748 289 
2345 289 675 676 748 
2346 676 290 748 749 
2347 291 677 749 290 
2348 290 676 677 749 
2349 677 291 749 750 
2350 292 678 750 291 
2351 291 677 678 750 
2352 678 292 750 751 
2353 293 679 751 292 
2354 292 678 679 751 
2355 679 293 751 752 
2356 294 680 752 293 
2357 293 679 680 752 
2358 680 294 752 37 
2359 7 29 37 294 
2360 294 680 29 37 
2361 175 174 185 753 
2362 654 663 753 175 
2363 654 175 753 174 
2364 663 654 753 754 
2365 655 664 754 663 
2366 655 663 754 654 
2367 664 655 754 755 
2368 656 665 755 664 
2369 656 664 755 655 
2370 665 656 755 756 
2371 657 666 756 665 
2372 657 665 756 656 
2373 666 657 756 757 
2374 658 667 757 666 
2375 658 666 757 657 
2376 667 658 757 758 
2377 659 668 758 667 
2378 659 667 758 658 
2379 668 659 758 759 
2380 660 669 759 668 
2381 660 668 759 659 
2382 669 660 759 760 
2383 661 670 760 669 
2384 661 669 760 660 
2385 670 661 760 761 
2386 662 671 761 670 
2387 662 670 761 661 
2388 671 662 761 38 
2389 27 28 38 671 
2390 27 671 38 662 
2391 174 186 185 753 
2392 762 654 753 186 
2393 186 174 654 753 
2394 654 762 753 754 
2395 763 655 754 762 
2396 762 654 655 754 
2397 655 763 754 755 
2398 764 656 755 763 
2399 763 655 656 755 
2400 656 764 755 756 
2401 765 657 756 764 
2402 764 656 657 756 
2403 657 765 756 757 
2404 766 658 757 765 
2405 765 657 658 757 
2406 658 766 757 758 
2407 767 659 758 766 
2408 766 658 659 758 
2409 659 767 758 759 
2410 768 660 759 767 
2411 767 659 660 759 
2412 660 768 759 760 
2413 769 661 760 768 
2414 768 660 661 760 
2415 661 769 760 761 
2416 770 662 761 769 
2417 769 661 662 761 
2418 662 770 761 38 
2419 39 27 38 770 
2420 770 662 27 38 
2421 177 176 184 744 
2422 672 681 744 177 
2423 672 177 744 176 
2424 681 672 744 745 
2425 673 682 745 681 
2426 673 681 745 672 
2427 682 673 745 746 
2428 674 683 746 682 
2429 674 682 746 673 
2430 683 674 746 747 
2431 675 684 747 683 
2432 675 683 747 674 
2433 684 675 747 748 
2434 676 685 748 684 
2435 676 684 748 675 
2436 685 676 748 749 
2437 677 686 749 685 
2438 677 685 749 676 
2439 686 677 749 750 
2440 678 687 750 686 
2441 678 686 750 677 
2442 687 678 750 751 
2443 679 688 751 687 
2444 679 687 751 678 
2445 688 679 751 752 
2446 680 689 752 688 
2447 680 688 752 679 
2448 689 680 752 37 
2449 29 30 37 689 
2450 29 689 37 680 
2451 183 178 177 681 
2452 690 735 681 183 
2453 690 183 681 178 
2454 735 690 681 682 
2455 691 736 682 735 
2456 691 735 682 690 
2457 736 691 682 683 
2458 692 737 683 736 
2459 692 736 683 691 
2460 737 692 683 684 
2461 693 738 684 737 
2462 693 737 684 692 
2463 738 693 684 685 
2464 694 739 685 738 
2465 694 738 685 693 
2466 739 694 685 686 
2467 695 740 686 739 
2468 695 739 686 694 
2469 740 695 686 687 
2470 696 741 687 740 
2471 696 740 687 695 
2472 741 696 687 688 
2473 697 742 688 741 
2474 697 741 688 696 
2475 742 697 688 689 
2476 698 743 689 742 
2477 698 742 689 697 
2478 743 698 689 30 
2479 31 36 30 743 
2480 31 743 30 698 
2481 183 177 184 744 
2482 681 735 744 183 
2483 681 183 744 177 
2484 735 681 744 745 
2485 682 736 745 735 
2486 682 735 745 681 
2487 736 682 745 746 
2488 683 737 746 736 
2489 683 736 746 682 
2490 737 683 746 747 
2491 684 738 747 737 
2492 684 737 747 683 
2493 738 684 747 748 
2494 685 739 748 738 
2495 685 738 748 684 
2496 739 685 748 749 
2497 686 740 749 739 
2498 686 739 749 685 
2499 740 686 749 750 
2500 687 741 750 740 
2501 687 740 750 686 
2502 741 687 750 751 
2503 688 742 751 741 
2504 688 741 751 687 
2505 742 688 751 752 
2506 689 743 752 742 
2507 689 742 752 688 
2508 743 689 752 37 
2509 30 36 37 743 
2510 30 743 37 689 
2511 182 179 178 690 
2512 699 726 690 182 
2513 699 182 690 179 
2514 726 699 690 691 
2515 700 727 691 726 
2516 700 726 691 699 
2517 727 700 691 692 
2518 701 728 692 727 
2519 701 727 692 700 
2520 728 701 692 693 
2521 702 729 693 728 
2522 702 728 693 701 
2523 729 702 693 694 
2524 703 730 694 729 
2525 703 729 694 702 
2526 730 703 694 695 
2527 704 731 695 730 
2528 704 730 695 703 
2529 731 704 695 696 
2530 705 732 696 731 
2531 705 731 696 704 
2532 732 705 696 697 
2533 706 733 697 732 
2534 706 732 697 705 
2535 733 706 697 698 
2536 707 734 698 733 
2537 707 733 698 706 
2538 734 707 698 31 
2539 32 35 31 734 
2540 32 734 31 707 
2541 183 182 178 690 
2542 726 735 690 183 
2543 726 183 690 182 
2544 735 726 690 691 
2545 727 736 691 735 
2546 727 735 691 726 
2547 736 727 691 692 
2548 728 737 692 736 
2549 728 736 692 727 
2550 737 728 692 693 
2551 729 738 693 737 
2552 729 737 693 728 
2553 738 729 693 694 
2554 730 739 694 738 
2555 730 738 694 729 
2556 739 730 694 695 
2557 731 740 695 739 
2558 731 739 695 730 
2559 740 731 695 696 
2560 732 741 696 740 
2561 732 740 696 731 
2562 741 732 696 697 
2563 733 742 697 741 
2564 733 741 697 732 
2565 742 733 697 698 
2566 734 743 698 742 
2567 734 742 698 733 
2568 743 734 698 31 
2569 35 36 31 743 
2570 35 743 31 734 
2571 182 181 179 717 
2572 717 726 699 182 
2573 717 182 699 179 
2574 726 717 699 718 
2575 718 727 700 726 
2576 718 726 700 699 
2577 727 718 700 719 
2578 719 728 701 727 
2579 719 727 701 700 
2580 728 719 701 720 
2581 720 729 702 728 
2582 720 728 702 701 
2583 729 720 702 721 
2584 721 730 703 729 
2585 721 729 703 702 
2586 730 721 703 722 
2587 722 731 704 730 
2588 722 730 704 703 
2589 731 722 704 723 
2590 723 732 705 731 
2591 723 731 705 704 
2592 732 723 705 724 
2593 724 733 706 732 
2594 724 732 706 705 
2595 733 724 706 725 
2596 725 734 707 733 
2597 725 733 707 706 
2598 734 725 707 34 
2599 34 35 32 734 
2600 34 734 32 707 
$EndElements
