$MeshFormat
4.1 0 8
$EndMeshFormat
$PhysicalNames
5
2 2 "1_bottom"
2 3 "1_outside"
2 5 "2_well"
3 1 "body1"
3 4 "body2"
$EndPhysicalNames
$Entities
29 41 18 2
1 0 0 0 0 
2 12 0 0 0 
3 12 18 0 0 
4 15 18 0 0 
5 15 20 0 0 
6 10 20 0 0 
7 10 2 0 0 
8 0 2 0 0 
9 0 8 0 0 
10 6 8 0 0 
11 6 20 0 0 
12 15 22 0 0 
13 4 22 0 0 
14 4 9 0 0 
15 0 9 0 0 
17 11.08655439013544 0 -4.592201188381077 0 
21 11.08655439013544 18 -4.592201188381077 0 
25 13.8581929876693 18 -5.740251485476347 0 
29 13.8581929876693 20 -5.740251485476347 0 
33 9.238795325112868 20 -3.826834323650898 0 
37 9.238795325112868 2 -3.826834323650898 0 
62 0 18 0 0 
78 0 20 0 0 
80 5.54327719506772 8 -2.296100594190539 0 
84 5.54327719506772 20 -2.296100594190539 0 
96 13.8581929876693 22 -5.740251485476347 0 
100 3.695518130045147 22 -1.530733729460359 0 
104 3.695518130045147 9 -1.530733729460359 0 
153 0 22 0 0 
1 0 0 0 12 0 0 0 2 1 -2 
2 12 0 0 12 18 0 0 2 2 -3 
3 12 18 0 15 18 0 0 2 3 -4 
4 15 18 0 15 20 0 0 2 4 -5 
5 10 20 0 15 20 0 0 2 5 -6 
6 10 2 0 10 20 0 0 2 6 -7 
7 0 2 0 10 2 0 0 2 7 -8 
8 0 0 0 0 2 0 0 2 8 -1 
9 0 8 0 6 8 0 0 2 9 -10 
10 6 8 0 6 20 0 0 2 10 -11 
11 6 20 0 10 20 0 0 2 11 -6 
13 15 20 0 15 22 0 0 2 5 -12 
14 4 22 0 15 22 0 0 2 12 -13 
15 4 9 0 4 22 0 0 2 13 -14 
16 0 9 0 4 9 0 0 2 14 -15 
17 0 8 0 0 9 0 0 2 15 -9 
19 0 0 -4.592201188381077 11.08655439013544 0 0 0 2 1 -17 
20 11.08655439013544 0 -4.592201188381077 11.08655439013544 18 -4.592201188381077 0 2 17 -21 
21 11.08655439013544 18 -5.740251485476347 13.8581929876693 18 -4.592201188381077 0 2 21 -25 
22 13.8581929876693 18 -5.740251485476347 13.8581929876693 20 -5.740251485476347 0 2 25 -29 
23 9.238795325112868 20 -5.740251485476347 13.8581929876693 20 -3.826834323650898 0 2 29 -33 
24 9.238795325112868 2 -3.826834323650898 9.238795325112868 20 -3.826834323650898 0 2 33 -37 
25 0 2 -3.826834323650898 9.238795325112868 2 0 0 2 37 -8 
28 11.08655439013544 0 -4.592201188381078 12 0 0 0 2 2 -17 
32 11.08655439013544 18 -4.592201188381078 12 18 0 0 2 3 -21 
36 13.8581929876693 18 -5.740251485476347 15 18 0 0 2 4 -25 
40 13.8581929876693 20 -5.740251485476347 15 20 0 0 2 5 -29 
44 9.238795325112868 20 -3.826834323650898 10 20 0 0 2 6 -33 
48 9.238795325112868 2 -3.826834323650898 10 2 0 0 2 7 -37 
56 0 8 -2.296100594190539 5.54327719506772 8 0 0 2 9 -80 
57 5.54327719506772 8 -2.296100594190539 5.54327719506772 20 -2.296100594190539 0 2 80 -84 
58 5.54327719506772 20 -3.826834323650898 9.238795325112868 20 -2.296100594190539 0 2 84 -33 
60 13.8581929876693 20 -5.740251485476347 13.8581929876693 22 -5.740251485476347 0 2 29 -96 
61 3.695518130045148 22 -5.740251485476347 13.8581929876693 22 -1.530733729460359 0 2 96 -100 
62 3.695518130045147 9 -1.530733729460359 3.695518130045147 22 -1.530733729460359 0 2 100 -104 
63 0 9 -1.530733729460359 3.695518130045147 9 0 0 2 104 -15 
66 5.54327719506772 8 -2.296100594190539 6 8 0 0 2 10 -80 
70 5.54327719506772 20 -2.296100594190539 6 20 0 0 2 11 -84 
82 13.8581929876693 22 -5.740251485476347 15 22 0 0 2 12 -96 
86 3.695518130045147 22 -1.530733729460359 4 22 0 0 2 13 -100 
90 3.695518130045147 9 -1.530733729460359 4 9 0 0 2 14 -104 
1 0 0 0 15 20 0 0 8 1 2 3 4 5 6 7 8 
2 0 8 0 15 22 0 0 9 9 10 11 -5 13 14 15 16 17 
29 0 0 -4.592201188381078 12 0 0 1 2 3 1 28 -19 
33 11.08655439013544 0 -4.592201188381078 12 18 0 1 3 4 2 32 -20 -28 
37 11.08655439013544 18 -5.740251485476347 15 18 0 0 4 3 36 -21 -32 
41 13.8581929876693 18 -5.740251485476347 15 20 0 0 4 4 40 -22 -36 
45 9.238795325112868 20 -5.740251485476347 15 20 0 0 4 5 44 -23 -40 
49 9.238795325112868 2 -3.826834323650898 10 20 0 0 4 6 48 -24 -44 
52 0 2 -3.826834323650898 10 2 0 0 3 -25 -48 7 
54 0 0 -5.740251485476347 13.8581929876693 20 0 0 8 19 20 21 22 23 24 25 8 
67 0 8 -2.296100594190539 6 8 0 0 3 9 66 -56 
71 5.54327719506772 8 -2.296100594190539 6 20 0 0 4 10 70 -57 -66 
75 5.54327719506772 20 -3.826834323650898 10 20 0 0 4 11 44 -58 -70 
83 13.8581929876693 20 -5.740251485476347 15 22 0 0 4 13 82 -60 -40 
87 3.695518130045147 22 -5.740251485476347 15 22 0 0 4 14 86 -61 -82 
91 3.695518130045147 9 -1.530733729460359 4 22 0 1 5 4 15 90 -62 -86 
94 0 9 -1.530733729460359 4 9 0 1 5 3 -63 -90 16 
96 0 8 -5.740251485476347 13.8581929876693 22 0 0 9 56 57 58 -23 60 61 62 63 17 
1 0 0 -5.740251485476347 15 20 0 1 1 9 -1 54 29 33 37 41 45 49 52 
2 0 8 -5.740251485476347 15 22 0 1 4 10 -2 96 67 71 75 -45 83 87 91 94 
$EndEntities
$Nodes
87 3026 1 3026
0 1 0 1
1
0 0 0
0 2 0 1
2
12 0 0
0 3 0 1
3
12 18 0
0 4 0 1
4
15 18 0
0 5 0 1
5
15 20 0
0 6 0 1
6
10 20 0
0 7 0 1
7
10 2 0
0 8 0 1
8
0 2 0
0 9 0 1
9
0 8 0
0 10 0 1
10
6 8 0
0 11 0 1
11
6 20 0
0 12 0 1
12
15 22 0
0 13 0 1
13
4 22 0
0 14 0 1
14
4 9 0
0 15 0 1
15
0 9 0
0 17 0 1
16
11.08655439013544 0 -4.592201188381077
0 21 0 1
17
11.08655439013544 18 -4.592201188381077
0 25 0 1
18
13.8581929876693 18 -5.740251485476347
0 29 0 1
19
13.8581929876693 20 -5.740251485476347
0 33 0 1
20
9.238795325112868 20 -3.826834323650898
0 37 0 1
21
9.238795325112868 2 -3.826834323650898
0 80 0 1
22
5.54327719506772 8 -2.296100594190539
0 84 0 1
23
5.54327719506772 20 -2.296100594190539
0 96 0 1
24
13.8581929876693 22 -5.740251485476347
0 100 0 1
25
3.695518130045147 22 -1.530733729460359
0 104 0 1
26
3.695518130045147 9 -1.530733729460359
1 1 0 19
27
28
29
30
31
32
33
34
35
36
37
38
39
40
41
42
43
44
45
0.5999999999973198 0 0
1.199999999995041 0 0
1.799999999992346 0 0
2.399999999989808 0 0
2.999999999987669 0 0
3.599999999985531 0 0
4.199999999983392 0 0
4.799999999981255 0 0
5.399999999979116 0 0
5.999999999977151 0 0
6.59999999997928 0 0
7.199999999981582 0 0
7.799999999983886 0 0
8.399999999986186 0 0
8.999999999988489 0 0
9.599999999990793 0 0
10.19999999999309 0 0
10.79999999999539 0 0
11.3999999999977 0 0
1 2 0 29
46
47
48
49
50
51
52
53
54
55
56
57
58
59
60
61
62
63
64
65
66
67
68
69
70
71
72
73
74
12 0.5999999999985115 0
12 1.199999999996946 0
12 1.799999999995971 0
12 2.399999999994647 0
12 2.999999999992212 0
12 3.599999999989776 0
12 4.19999999998734 0
12 4.799999999984905 0
12 5.399999999982472 0
12 5.999999999980039 0
12 6.599999999977605 0
12 7.199999999975172 0
12 7.799999999972739 0
12 8.399999999970305 0
12 8.999999999968219 0
12 9.599999999971359 0
12 10.19999999997484 0
12 10.79999999997832 0
12 11.39999999998181 0
12 11.99999999998529 0
12 12.59999999998877 0
12 13.19999999999226 0
12 13.79999999999574 0
12 14.39999999999922 0
12 15.00000000000271 0
12 15.60000000000619 0
12 16.20000000000731 0
12 16.80000000000488 0
12 17.40000000000244 0
1 3 0 4
75
76
77
78
12.59999999998224 18 0
13.19999999996447 18 0
13.79999999996447 18 0
14.39999999998224 18 0
1 4 0 3
79
80
81
15 18.5 0
15 19 0
15 19.5 0
1 5 0 8
82
83
84
85
86
87
88
89
14.44444444444444 20 0
13.88888888888889 20 0
13.33333333333333 20 0
12.77777777777778 20 0
12.22222222222222 20 0
11.66666666666666 20 0
11.11111111111111 20 0
10.55555555555555 20 0
1 6 0 29
90
91
92
93
94
95
96
97
98
99
100
101
102
103
104
105
106
107
108
109
110
111
112
113
114
115
116
117
118
10 19.40000000000229 0
10 18.80000000000458 0
10 18.20000000000687 0
10 17.60000000000915 0
10 17.00000000001144 0
10 16.40000000001373 0
10 15.80000000001602 0
10 15.20000000001831 0
10 14.6000000000206 0
10 14.00000000002288 0
10 13.40000000002517 0
10 12.80000000002746 0
10 12.20000000002975 0
10 11.60000000003203 0
10 11.00000000003397 0
10 10.40000000003069 0
10 9.800000000027058 0
10 9.200000000023429 0
10 8.600000000019801 0
10 8.000000000016172 0
10 7.400000000012541 0
10 6.800000000008914 0
10 6.200000000005282 0
10 5.600000000001655 0
10 4.999999999998025 0
10 4.399999999994396 0
10 3.799999999993126 0
10 3.199999999995416 0
10 2.599999999997706 0
1 7 0 16
119
120
121
122
123
124
125
126
127
128
129
130
131
132
133
134
9.411764705882351 2 0
8.823529411764705 2 0
8.235294117647056 2 0
7.647058823529408 2 0
7.05882352941176 2 0
6.470588235294113 2 0
5.882352941176467 2 0
5.294117647058821 2 0
4.705882352941174 2 0
4.117647058823527 2 0
3.52941176470588 2 0
2.941176470588234 2 0
2.352941176470588 2 0
1.76470588235294 2 0
1.176470588235293 2 0
0.5882352941176467 2 0
1 8 0 3
135
136
137
0 1.500000000000695 0
0 1.000000000004123 0
0 0.5000000000020839 0
1 9 0 9
138
139
140
141
142
143
144
145
146
0.5999999999975206 8 0
1.199999999994904 8 0
1.799999999992765 8 0
2.399999999990627 8 0
2.999999999988575 8 0
3.599999999990791 8 0
4.199999999993093 8 0
4.799999999995396 8 0
5.399999999997697 8 0
1 10 0 19
147
148
149
150
151
152
153
154
155
156
157
158
159
160
161
162
163
164
165
6 8.599999999992054 0
6 9.199999999990769 0
6 9.799999999987264 0
6 10.39999999998501 0
6 10.99999999998595 0
6 11.59999999998688 0
6 12.19999999998782 0
6 12.79999999998876 0
6 13.39999999998969 0
6 13.99999999999063 0
6 14.59999999999157 0
6 15.1999999999925 0
6 15.79999999999344 0
6 16.39999999999438 0
6 16.99999999999532 0
6 17.59999999999625 0
6 18.19999999999719 0
6 18.79999999999812 0
6 19.39999999999906 0
1 11 0 6
166
167
168
169
170
171
6.571428571428569 20 0
7.142857142857139 20 0
7.714285714285708 20 0
8.285714285714278 20 0
8.857142857142851 20 0
9.428571428571425 20 0
1 13 0 3
172
173
174
15 20.5 0
15 21 0
15 21.5 0
1 14 0 18
175
176
177
178
179
180
181
182
183
184
185
186
187
188
189
190
191
192
14.42105263157895 22 0
13.8421052631579 22 0
13.26315789473684 22 0
12.68421052631579 22 0
12.10526315789474 22 0
11.52631578947369 22 0
10.94736842105264 22 0
10.36842105263159 22 0
9.789473684210535 22 0
9.210526315789483 22 0
8.63157894736843 22 0
8.052631578947381 22 0
7.473684210526327 22 0
6.894736842105276 22 0
6.315789473684225 22 0
5.736842105263174 22 0
5.157894736842117 22 0
4.578947368421058 22 0
1 15 0 21
193
194
195
196
197
198
199
200
201
202
203
204
205
206
207
208
209
210
211
212
213
4 21.40909090909063 0
4 20.81818181818125 0
4 20.22727272727187 0
4 19.6363636363625 0
4 19.04545454545313 0
4 18.45454545454375 0
4 17.86363636363438 0
4 17.272727272725 0
4 16.68181818181563 0
4 16.09090909090625 0
4 15.50000000000277 0
4 14.90909090909374 0
4 14.31818181818436 0
4 13.72727272727498 0
4 13.1363636363656 0
4 12.54545454545623 0
4 11.95454545454686 0
4 11.36363636363748 0
4 10.77272727272811 0
4 10.18181818181874 0
4 9.590909090909372 0
1 16 0 6
214
215
216
217
218
219
3.428571428569844 9 0
2.85714285714524 9 0
2.285714285720635 9 0
1.714285714292858 9 0
1.142857142861906 9 0
0.5714285714309533 9 0
1 17 0 1
220
0 8.500000000000002 0
1 19 0 19
221
222
223
224
225
226
227
228
229
230
231
232
233
234
235
236
237
238
239
0.5543277195042958 0 -0.2296100594180282
1.108655439008963 0 -0.4592201188362101
1.662983158513245 0 -0.6888301782542327
2.217310878017672 0 -0.918440237672315
2.771638597522468 0 -1.148050297090551
3.325966317027265 0 -1.377660356508786
3.880294036532061 0 -1.607270415927021
4.434621756036858 0 -1.836880475345257
4.988949475541654 0 -2.066490534763493
5.543277195046611 0 -2.296100594181794
6.09760491455535 0 -2.525710653601664
6.651932634064249 0 -2.755320713021598
7.206260353573149 0 -2.984930772441534
7.760588073082046 0 -3.214540831861468
8.314915792590947 0 -3.444150891281403
8.869243512099846 0 -3.673760950701339
9.423571231608744 0 -3.903371010121273
9.977898951117641 0 -4.132981069541207
10.53222667062654 0 -4.362591128961142
1 20 0 29
240
241
242
243
244
245
246
247
248
249
250
251
252
253
254
255
256
257
258
259
260
261
262
263
264
265
266
267
268
11.08655439013544 0.5999999999985115 -4.592201188381077
11.08655439013544 1.199999999996946 -4.592201188381077
11.08655439013544 1.799999999995971 -4.592201188381077
11.08655439013544 2.399999999994647 -4.592201188381077
11.08655439013544 2.999999999992212 -4.592201188381077
11.08655439013544 3.599999999989776 -4.592201188381077
11.08655439013544 4.19999999998734 -4.592201188381077
11.08655439013544 4.799999999984905 -4.592201188381077
11.08655439013544 5.399999999982472 -4.592201188381077
11.08655439013544 5.999999999980039 -4.592201188381077
11.08655439013544 6.599999999977605 -4.592201188381077
11.08655439013544 7.199999999975172 -4.592201188381077
11.08655439013544 7.799999999972739 -4.592201188381077
11.08655439013544 8.399999999970305 -4.592201188381077
11.08655439013544 8.999999999968219 -4.592201188381077
11.08655439013544 9.599999999971359 -4.592201188381077
11.08655439013544 10.19999999997484 -4.592201188381077
11.08655439013544 10.79999999997832 -4.592201188381077
11.08655439013544 11.39999999998181 -4.592201188381077
11.08655439013544 11.99999999998529 -4.592201188381077
11.08655439013544 12.59999999998877 -4.592201188381077
11.08655439013544 13.19999999999226 -4.592201188381077
11.08655439013544 13.79999999999574 -4.592201188381077
11.08655439013544 14.39999999999922 -4.592201188381077
11.08655439013544 15.00000000000271 -4.592201188381077
11.08655439013544 15.60000000000619 -4.592201188381077
11.08655439013544 16.20000000000731 -4.592201188381077
11.08655439013544 16.80000000000488 -4.592201188381077
11.08655439013544 17.40000000000244 -4.592201188381077
1 21 0 4
269
270
271
272
11.6408821096258 18 -4.821811247793334
12.19520982911616 18 -5.051421307205589
12.74953754862294 18 -5.281031366624644
13.30386526814612 18 -5.510641426050495
1 22 0 3
273
274
275
13.8581929876693 18.5 -5.740251485476347
13.8581929876693 19 -5.740251485476347
13.8581929876693 19.5 -5.740251485476347
1 23 0 8
276
277
278
279
280
281
282
283
13.34492658071859 20 -5.527649578606852
12.83166017376787 20 -5.315047671737357
12.31839376681716 20 -5.102445764867864
11.80512735986644 20 -4.889843857998368
11.29186095291573 20 -4.677241951128875
10.77859454596501 20 -4.46464004425938
10.2653281390143 20 -4.252038137389886
9.752061732063581 20 -4.039436230520391
1 24 0 29
284
285
286
287
288
289
290
291
292
293
294
295
296
297
298
299
300
301
302
303
304
305
306
307
308
309
310
311
312
9.238795325112868 19.40000000000229 -3.826834323650898
9.238795325112868 18.80000000000458 -3.826834323650898
9.238795325112868 18.20000000000687 -3.826834323650898
9.238795325112868 17.60000000000915 -3.826834323650898
9.238795325112868 17.00000000001144 -3.826834323650898
9.238795325112868 16.40000000001373 -3.826834323650898
9.238795325112868 15.80000000001602 -3.826834323650898
9.238795325112868 15.20000000001831 -3.826834323650898
9.238795325112868 14.6000000000206 -3.826834323650898
9.238795325112868 14.00000000002288 -3.826834323650898
9.238795325112868 13.40000000002517 -3.826834323650898
9.238795325112868 12.80000000002746 -3.826834323650898
9.238795325112868 12.20000000002975 -3.826834323650898
9.238795325112868 11.60000000003203 -3.826834323650898
9.238795325112868 11.00000000003397 -3.826834323650898
9.238795325112868 10.40000000003069 -3.826834323650898
9.238795325112868 9.800000000027058 -3.826834323650898
9.238795325112868 9.200000000023429 -3.826834323650898
9.238795325112868 8.600000000019801 -3.826834323650898
9.238795325112868 8.000000000016172 -3.826834323650898
9.238795325112868 7.400000000012541 -3.826834323650898
9.238795325112868 6.800000000008914 -3.826834323650898
9.238795325112868 6.200000000005282 -3.826834323650898
9.238795325112868 5.600000000001655 -3.826834323650898
9.238795325112868 4.999999999998025 -3.826834323650898
9.238795325112868 4.399999999994396 -3.826834323650898
9.238795325112868 3.799999999993126 -3.826834323650898
9.238795325112868 3.199999999995416 -3.826834323650898
9.238795325112868 2.599999999997706 -3.826834323650898
1 25 0 16
313
314
315
316
317
318
319
320
321
322
323
324
325
326
327
328
8.695336776576815 2 -3.601726422259668
8.151878228040765 2 -3.376618520868439
7.608419679504712 2 -3.151510619477209
7.064961130968659 2 -2.926402718085979
6.521502582432608 2 -2.701294816694749
5.978044033896557 2 -2.47618691530352
5.434585485360507 2 -2.251079013912291
4.891126936824457 2 -2.025971112521062
4.347668388288406 2 -1.800863211129833
3.804209839752355 2 -1.575755309738604
3.260751291216304 2 -1.350647408347375
2.717292742680254 2 -1.125539506956146
2.173834194144204 2 -0.900431605564917
1.630375645608152 2 -0.6753237041736875
1.086917097072101 2 -0.4502158027824583
0.5434585485360507 2 -0.2251079013912292
1 28 0 4
329
330
331
332
11.96300800479754 0 -0.9415091487341394
11.85226008714165 0 -1.877213580482771
11.66843904477212 0 -2.801344366270865
11.41267819554184 0 -3.708203932499369
1 32 0 4
333
334
335
336
11.96300800479754 18 -0.9415091487341394
11.85226008714165 18 -1.877213580482771
11.66843904477212 18 -2.801344366270865
11.41267819554184 18 -3.708203932499369
1 36 0 4
337
338
339
340
14.95376000599692 18 -1.176886435917674
14.81532510892707 18 -2.346516975603463
14.58554880596515 18 -3.501680457838581
14.2658477444273 18 -4.635254915624211
1 40 0 4
341
342
343
344
14.95376000599692 20 -1.176886435917674
14.81532510892707 20 -2.346516975603463
14.58554880596515 20 -3.501680457838581
14.2658477444273 20 -4.635254915624211
1 44 0 4
345
346
347
348
9.969173337331279 20 -0.7845909572784494
9.876883405951379 20 -1.564344650402309
9.723699203976766 20 -2.334453638559054
9.510565162951535 20 -3.090169943749474
1 48 0 4
349
350
351
352
9.969173337331279 2 -0.7845909572784494
9.876883405951379 2 -1.564344650402309
9.723699203976766 2 -2.334453638559054
9.510565162951535 2 -3.090169943749474
1 56 0 9
353
354
355
356
357
358
359
360
361
0.5543277195044815 8 -0.2296100594181051
1.108655439008836 8 -0.4592201188361575
1.662983158513632 8 -0.6888301782543931
2.217310878018429 8 -0.9184402376726287
2.771638597523305 8 -1.148050297090897
3.325966317032124 8 -1.377660356510799
3.880294036541023 8 -1.607270415930734
4.434621756049923 8 -1.836880475350669
4.988949475558821 8 -2.066490534770604
1 57 0 19
362
363
364
365
366
367
368
369
370
371
372
373
374
375
376
377
378
379
380
5.54327719506772 8.599999999992054 -2.296100594190539
5.54327719506772 9.199999999990769 -2.296100594190539
5.54327719506772 9.799999999987264 -2.296100594190539
5.54327719506772 10.39999999998501 -2.296100594190539
5.54327719506772 10.99999999998595 -2.296100594190539
5.54327719506772 11.59999999998688 -2.296100594190539
5.54327719506772 12.19999999998782 -2.296100594190539
5.54327719506772 12.79999999998876 -2.296100594190539
5.54327719506772 13.39999999998969 -2.296100594190539
5.54327719506772 13.99999999999063 -2.296100594190539
5.54327719506772 14.59999999999157 -2.296100594190539
5.54327719506772 15.1999999999925 -2.296100594190539
5.54327719506772 15.79999999999344 -2.296100594190539
5.54327719506772 16.39999999999438 -2.296100594190539
5.54327719506772 16.99999999999532 -2.296100594190539
5.54327719506772 17.59999999999625 -2.296100594190539
5.54327719506772 18.19999999999719 -2.296100594190539
5.54327719506772 18.79999999999812 -2.296100594190539
5.54327719506772 19.39999999999906 -2.296100594190539
1 58 0 6
381
382
383
384
385
386
6.07120835650274 20 -2.514776841256304
6.599139517937759 20 -2.733453088322068
7.127070679372777 20 -2.952129335387833
7.655001840807797 20 -3.170805582453598
8.182933002242819 20 -3.389481829519364
8.710864163677844 20 -3.608158076585131
1 60 0 3
387
388
389
13.8581929876693 20.5 -5.740251485476347
13.8581929876693 21 -5.740251485476347
13.8581929876693 21.5 -5.740251485476347
1 61 0 18
390
391
392
393
394
395
396
397
398
399
400
401
402
403
404
405
406
407
13.32331536358382 22 -5.518697919370243
12.78843773949834 22 -5.297144353264138
12.25356011541286 22 -5.075590787158034
11.71868249132738 22 -4.85403722105193
11.1838048672419 22 -4.632483654945825
10.64892724315642 22 -4.410930088839722
10.11404961907093 22 -4.189376522733617
9.579171994985453 22 -3.967822956627512
9.044294370899973 22 -3.746269390521408
8.509416746814493 22 -3.524715824415304
7.97453912272901 22 -3.303162258309199
7.439661498643531 22 -3.081608692203096
6.904783874558048 22 -2.860055126096991
6.369906250472568 22 -2.638501559990887
5.835028626387087 22 -2.416947993884783
5.300151002301607 22 -2.195394427778679
4.765273378216121 22 -1.973840861672573
4.230395754130634 22 -1.752287295566466
1 62 0 21
408
409
410
411
412
413
414
415
416
417
418
419
420
421
422
423
424
425
426
427
428
3.695518130045147 21.40909090909063 -1.530733729460359
3.695518130045147 20.81818181818125 -1.530733729460359
3.695518130045147 20.22727272727187 -1.530733729460359
3.695518130045147 19.6363636363625 -1.530733729460359
3.695518130045147 19.04545454545313 -1.530733729460359
3.695518130045147 18.45454545454375 -1.530733729460359
3.695518130045147 17.86363636363438 -1.530733729460359
3.695518130045147 17.272727272725 -1.530733729460359
3.695518130045147 16.68181818181563 -1.530733729460359
3.695518130045147 16.09090909090625 -1.530733729460359
3.695518130045147 15.50000000000277 -1.530733729460359
3.695518130045147 14.90909090909374 -1.530733729460359
3.695518130045147 14.31818181818436 -1.530733729460359
3.695518130045147 13.72727272727498 -1.530733729460359
3.695518130045147 13.1363636363656 -1.530733729460359
3.695518130045147 12.54545454545623 -1.530733729460359
3.695518130045147 11.95454545454686 -1.530733729460359
3.695518130045147 11.36363636363748 -1.530733729460359
3.695518130045147 10.77272727272811 -1.530733729460359
3.695518130045147 10.18181818181874 -1.530733729460359
3.695518130045147 9.590909090909372 -1.530733729460359
1 63 0 6
429
430
431
432
433
434
3.167586968608662 9 -1.312057482393987
2.639655807177306 9 -1.09338123532974
2.11172464574595 9 -0.8747049882654921
1.583793484311663 9 -0.6560287412000307
1.055862322874443 9 -0.437352494133354
0.5279311614372215 9 -0.2186762470666771
1 66 0 4
435
436
437
438
5.981504002398768 8 -0.4707545743670697
5.926130043570827 8 -0.9386067902413853
5.834219522386059 8 -1.400672183135432
5.706339097770921 8 -1.854101966249684
1 70 0 4
439
440
441
442
5.981504002398768 20 -0.4707545743670697
5.926130043570827 20 -0.9386067902413853
5.834219522386059 20 -1.400672183135432
5.706339097770921 20 -1.854101966249684
1 82 0 4
443
444
445
446
14.95376000599692 22 -1.176886435917674
14.81532510892707 22 -2.346516975603463
14.58554880596515 22 -3.501680457838581
14.2658477444273 22 -4.635254915624211
1 86 0 4
447
448
449
450
3.987669334932512 22 -0.3138363829113798
3.950753362380551 22 -0.6257378601609235
3.889479681590706 22 -0.9337814554236216
3.804226065180614 22 -1.23606797749979
1 90 0 4
451
452
453
454
3.987669334932512 9 -0.3138363829113798
3.950753362380551 9 -0.6257378601609235
3.889479681590706 9 -0.9337814554236216
3.804226065180614 9 -1.23606797749979
2 1 0 173
455
456
457
458
459
460
461
462
463
464
465
466
467
468
469
470
471
472
473
474
475
476
477
478
479
480
481
482
483
484
485
486
487
488
489
490
491
492
493
494
495
496
497
498
499
500
501
502
503
504
505
506
507
508
509
510
511
512
513
514
515
516
517
518
519
520
521
522
523
524
525
526
527
528
529
530
531
532
533
534
535
536
537
538
539
540
541
542
543
544
545
546
547
548
549
550
551
552
553
554
555
556
557
558
559
560
561
562
563
564
565
566
567
568
569
570
571
572
573
574
575
576
577
578
579
580
581
582
583
584
585
586
587
588
589
590
591
592
593
594
595
596
597
598
599
600
601
602
603
604
605
606
607
608
609
610
611
612
613
614
615
616
617
618
619
620
621
622
623
624
625
626
627
11.42540874517357 19.49225570734221 0
10.52878325815353 18.51250674891785 0
11.48038475773059 1.499999999996459 0
10.46647508903842 0.496975271856145 0
13.58110949641637 19.5174296527111 0
12.46610385901712 19.49375461367515 0
1.476614335737234 1.504287836502415 0
2.647058823529411 1.490573291891508 0
3.823529411764704 1.490573291891507 0
5.017647363269641 1.516544058750898 0
6.21782635615642 1.517344798129743 0
7.402139354491858 1.518024640993506 0
8.586452457352362 1.518607947965781 0
11.51310374611968 2.73295804981364 0
11.52001571056555 3.966666666656938 0
11.48038475773145 16.50000000000609 0
10.47998936038187 15.43334620501459 0
11.52001571056696 5.166666666655708 0
10.47998270372173 14.23333333334709 0
11.52001571056753 6.366666666654806 0
10.4799842894324 13.03333333334781 0
11.52001571056776 7.566666666653984 0
10.47998428943205 11.83333333334851 0
11.52001571056811 8.766666666653913 0
10.4963691047026 10.68307987092777 0
9.721022757991429 1.509393746090524 0
11.49454346016758 17.69986694553839 0
10.50613794579641 9.500000000025235 0
0.8641172929994735 0.5176790313652218 0
14.13103063023898 18.51479365310736 0
2.086257182256187 0.5112317602845788 0
3.278813442571097 0.5133460347784641 0
4.470970305313352 0.5151463877681901 0
12.8874521495206 18.58162252920651 0
14.56698729810778 19.25 0
5.700561367349743 0.508069802295952 0
0.4152260140087261 1.23573737850668 0
10.34084019191009 1.516024724962352 0
10.6301051019318 1.984046258363431 0
6.900560640195506 0.5074092542286498 0
11.49647032474645 18.29979972921696 0
8.100560017568856 0.5068436568115529 0
9.28377224704654 0.505987188739248 0
11.98080710262884 18.61738816237743 0
10.4804310028687 17.23333333334223 0
10.506137945795 3.499999999994651 0
10.50613794579671 4.699999999996865 0
11.49385081352766 14.70001208063952 0
10.5061379457972 5.900000000003459 0
11.49386205420296 13.49999999999429 0
10.50613794579704 7.100000000010425 0
11.49386205420316 12.29999999998732 0
10.50613794579681 8.300000000017928 0
11.49717004129206 11.11641320421856 0
11.52001571056758 9.966666666658663 0
10.0620587156329 0.9926149708895036 0
11.00651231642788 18.07030924054936 0
11.48431240911337 18.89159849256312 0
11.96326535550221 19.17140967398019 0
10.9456383865621 19.13054969211196 0
13.50382211892258 18.5194278593606 0
13.26999541707987 19.05830909081616 0
1.494348758896388 0.5162456766069281 0
7.500365346466439 0.5034669135466179 0
7.757729440351238 1.003032925004816 0
6.300366298583173 0.5043318191960389 0
6.564267121499325 1.003761856694239 0
8.697566658313452 0.5026643052144757 0
8.95095167972954 1.020192418568818 0
5.079569308706888 0.5145471644867734 0
5.348828273950933 1.014309353025999 0
2.67653137864393 0.5101504288596513 0
3.866140428563796 0.5126982518844383 0
11.0946362765212 0.5061190203896084 0
10.79999878909016 1.036811165075356 0
11.51018208499337 2.134806826632494 0
11.49629845696185 17.09997782426066 0
10.98310636360051 16.85558650629904 0
10.9772117122918 16.27595866058126 0
11.49658886952275 15.91268647681522 0
11.49879926982626 15.30212929791375 0
10.99910293569028 15.05592834280373 0
10.50164551363851 5.299999999999914 0
11.00096351966136 5.544444444440565 0
10.50164551363777 4.099999999994404 0
11.00096351966069 4.344444444437381 0
10.50164551363847 6.500000000006938 0
11.00096351966129 6.74444444444438 0
10.5016455136382 7.700000000014191 0
11.00096351966099 7.944444444448386 0
11.49835261291565 14.1000020134374 0
10.99903590381258 13.8555558911324 0
11.49835448636177 12.89999999999072 0
10.99903648033895 12.65555555555534 0
10.50001737345476 10.09717997851169 0
11.00277247816367 10.32423429025165 0
10.50164551363789 8.900000000021672 0
11.00096351966055 9.144444444452969 0
11.4989058175434 11.70273553402345 0
10.98129871203155 11.45368586868746 0
10.51961524226867 2.899999999996577 0
11.01782408006062 3.13236339985519 0
2.059084969976595 1.494085934540063 0
3.235294117647056 1.490573291891508 0
4.414705933093958 1.510014787020895 0
14.59062305140258 18.76818053146602 0
12.42044574774368 18.91576759187717 0
0.4034043410594122 0.7662843242629702 0
13.8071130079022 19.02476737350735 0
0.8531230074886176 1.486183675116248 0
1.202569567290754 1.006207620862822 0
11.48920152376304 0.880456811036599 0
10.96849153920857 2.450960699647522 0
14.14798761329515 19.5143446077792 0
13.03669607652073 19.54440040079738 0
1.778635998437958 1.00812549236029 0
2.364790803905386 1.00563292677767 0
2.955316721833793 1.005469095835591 0
3.541348740059296 1.010941797164539 0
4.137096195289379 1.011197899877884 0
10.93417807051178 1.571022619545733 0
4.744802896604025 1.01362660848844 0
5.626974423155465 1.503742692538982 0
5.959803973449176 1.008593386980158 0
6.81911903187348 1.501570992121965 0
7.157363489146308 1.006211097098299 0
8.004956675329428 1.501094431062489 0
8.349702821440811 1.008739280771322 0
11.09234333900067 18.58095278067185 0
9.165867743043602 1.51346907159763 0
9.875662542278615 0.4769751185411106 0
10.50955997862671 17.83602488713878 0
10.99507526310887 17.46584978952141 0
10.46823694196047 16.66010458336819 0
10.49450682359655 16.02824865370492 0
10.99103316188492 15.66804960613891 0
11.50155170707293 3.371998019383314 0
11.00802307946543 3.735912088386979 0
11.49989360774742 4.579629629620017 0
11.00493663617861 4.939197530858406 0
10.98484448646991 14.47413861022993 0
11.49989360774772 5.779629629619802 0
11.00493663617893 6.139197530861658 0
10.50010603187952 13.62037042631128 0
10.99506320767136 13.26080253438863 0
11.49989360774763 6.979629629619739 0
11.00493663617882 7.339197530865182 0
10.5001063922525 12.42037037038237 0
10.9921989576336 12.06094677699741 0
11.49989360774743 8.179629629619921 0
11.00493663617863 8.539197530869131 0
10.47515155432637 11.26054503553775 0
11.49989360774686 9.379629629622018 0
11.51756811378787 10.53640397457548 0
11.00496677256497 9.735359168253702 0
10.47582144812232 14.85199362993821 0
10.43214974076826 19.11896857249445 0
10.82181405665449 19.57851489967102 0
9.505773116670078 1.017561695588453 0
10.99505500071735 10.89572704069978 0
11.94444444444445 19.63764935784778 0
12.41875575928757 18.43077114237462 0
11.56018931923627 0.4398106807627138 0
10.43277293257166 2.421541937049533 0
14.24874832018934 19.01441723317199 0
10.39466976708628 19.59176667656693 0
12.8092009144117 19.14109604593373 0
14.62765329390736 19.64492341298345 0
14.62433073632476 18.35659483691468 0
0.3735043268112411 0.3567926711260552 0
0.3713168631229981 1.644384210724725 0
0.7476880445693967 1.002418406022789 0
11.07050707294282 1.976988400987648 0
2 2 0 129
628
629
630
631
632
633
634
635
636
637
638
639
640
641
642
643
644
645
646
647
648
649
650
651
652
653
654
655
656
657
658
659
660
661
662
663
664
665
666
667
668
669
670
671
672
673
674
675
676
677
678
679
680
681
682
683
684
685
686
687
688
689
690
691
692
693
694
695
696
697
698
699
700
701
702
703
704
705
706
707
708
709
710
711
712
713
714
715
716
717
718
719
720
721
722
723
724
725
726
727
728
729
730
731
732
733
734
735
736
737
738
739
740
741
742
743
744
745
746
747
748
749
750
751
752
753
754
755
756
5.459516034229953 21.48547529669336 0
13.58554701670114 20.49189409127206 0
12.4915755995021 20.48459476128773 0
11.37560270356765 20.48477987535871 0
4.511742284054688 20.52272727272657 0
10.27777777777778 20.48112522432469 0
9.06880902860782 20.49299652724808 0
7.921174767270108 20.49273134025268 0
6.834979482658423 20.47238419714449 0
4.490526892121286 9.365113788879222 0
4.480349174809445 10.55165167545566 0
4.521451959608568 11.65252915026758 0
4.484270766665205 19.26379205299671 0
4.511742284054686 12.84090909091092 0
4.511742284054686 18.15909090908907 0
4.511742284054689 14.02272727272967 0
4.511742284054686 16.97727272727032 0
4.511742284049582 15.7954545454545 0
5.480826577517131 14.90095133226022 0
14.15591693896139 21.48660233799928 0
12.9756757366021 21.50157907396819 0
11.81469850909296 21.50423008591501 0
10.65729502563262 21.50485335698249 0
14.5955801209931 20.76107210032793 0
9.499651009298836 21.50573761272074 0
8.342109736024506 21.50570262082841 0
7.194021218497193 21.50441574152814 0
5.480384757734296 8.89999999999141 0
5.5018405517284 19.69811806253646 0
5.500491915340363 20.27993538020938 0
5.970590672005498 20.59635798938737 0
5.494306545953561 10.09970788328292 0
5.494313807839974 11.30043158057726 0
5.494467626034568 12.50043144967731 0
5.49623568137091 18.50279148544184 0
5.494119348549299 13.7007696126053 0
5.494515477821043 17.30001126107321 0
5.494604682514154 16.10001130378856 0
4.587081089169475 8.754797664278314 0
5.008513229126949 20.06726371975962 0
5.486000940622277 20.87057396870846 0
6.000147791016098 21.15752006041805 0
4.967044866094986 21.0878041727681 0
5.50160266056436 19.10333758372075 0
4.968844185638812 18.80915774157435 0
12.39761147803154 21.50258510297699 0
12.10525618221852 21.00294181195436 0
13.55665579404686 21.49951078672068 0
13.2856544784555 20.99780171978537 0
11.23620237764153 21.50578182875953 0
10.99905736039554 21.00247226827874 0
13.82710239368473 20.98952749178807 0
10.07867479604703 21.50629793143543 0
9.857995386147135 21.0031410060948 0
5.495280753312089 9.499644220657562 0
4.998950451676219 9.741921650689694 0
5.499070130570451 16.70016242279734 0
4.963069832755497 16.40088331500695 0
5.496877852249282 15.50002434221836 0
4.963069833864802 15.19999890952671 0
4.985399872201754 14.50684079259383 0
5.500449120054825 14.28480794071806 0
5.498574485213005 10.7001597679119 0
4.954613760958483 11.0102119174096 0
5.499294112111682 17.90033091066109 0
4.963069833864445 17.59999890953043 0
5.498812006363981 11.90028018302504 0
4.963069833864456 12.20000109045363 0
5.498933414676904 13.10033639079581 0
4.963069833864447 13.40000109045551 0
7.764915891269347 21.5077140264224 0
7.552137417509887 21.00517721395964 0
8.920881934783271 21.50782597592234 0
8.694289296522264 21.00675974193818 0
6.547855213312526 21.45499983533387 0
13.04590538721867 20.48685280403928 0
12.70056475606514 21.00675964602439 0
14.56698729810773 21.25 0
11.91097203762675 20.49251581108259 0
11.55950111322298 21.0056094528383 0
0.8951118464995311 8.517049046178208 0
10.81431244869927 20.48034167302706 0
10.42472361279105 21.00519904228339 0
1.450098349075527 8.508706033193228 0
5.116105846835797 8.540737109319517 0
2.026372252443041 8.510093769742426 0
9.640500165600058 20.50228479330477 0
6.452487077854497 20.8595285848844 0
14.1534642516436 20.48818386959736 0
2.605180370188656 8.512309510974063 0
9.280354470159896 21.00312427620482 0
8.479964895175092 20.50493063106654 0
8.125765333961866 21.00383592907797 0
3.184290180122158 8.514293406310562 0
7.374462859144131 20.48845503398956 0
3.672837456058582 8.591593218957689 0
4.507870304082479 19.85456293698198 0
5.094758647047853 20.56566090283443 0
5.008977500590655 19.45001569145584 0
6.980892883542369 20.98279290131858 0
5.029522481230419 9.152610953101654 0
4.444515310800863 21.12891684918891 0
4.501597207037722 9.972038740156865 0
4.39297144727174 18.7464081407314 0
5.013383533477558 10.37282343718302 0
5.086452273727093 11.61269078434662 0
4.391282979075299 11.07015127589969 0
5.086256598499012 12.80833582245864 0
5.087837219408107 18.19427399125935 0
4.399252815505542 12.23868786632704 0
5.090956091745003 13.98302934182048 0
5.085872897086663 15.79927448319901 0
5.086293511813225 16.99566572713565 0
4.397310880394764 13.42545476354734 0
4.397310880394764 17.57454523644984 0
4.397310880171953 16.38926757209073 0
4.382164503924369 15.20363614554335 0
4.473729415674269 14.69341264127861 0
4.846532906127288 21.56715332161309 0
6.0263157894737 21.62356396227328 0
0.4278139361345216 8.587600399520415 0
6.365897160789397 20.38565415428326 0
5.56076951546142 8.43923048453583 0
4.418747568764436 21.57788845024561 0
14.62765329390733 20.35507658701656 0
4.151325671610117 8.443672688477879 0
14.25981020067811 20.99507715994253 0
14.62879137372961 21.64732046759985 0
0.2740663333995719 8.249999999999998 0
2 29 0 76
757
758
759
760
761
762
763
764
765
766
767
768
769
770
771
772
773
774
775
776
777
778
779
780
781
782
783
784
785
786
787
788
789
790
791
792
793
794
795
796
797
798
799
800
801
802
803
804
805
806
807
808
809
810
811
812
813
814
815
816
817
818
819
820
821
822
823
824
825
826
827
828
829
830
831
832
0.5981504002372048 0 -0.04707545743649668
0.5926130043544354 0 -0.09386067902371924
0.5834219522359998 0 -0.1400672183129175
0.5706339097745431 0 -0.1854101966241402
1.19630080047481 0 -0.09415091487302488
1.185226008709268 0 -0.1877213580475013
1.16684390447239 0 -0.2801344366259289
1.141267819549468 0 -0.3708203932484045
1.794451200712 0 -0.1412263723095204
1.777839013063689 0 -0.2815820370712183
1.750265856708376 0 -0.420201654938843
1.711901729323997 0 -0.5562305898725403
2.392601600949346 0 -0.1883018297460282
2.370452017418264 0 -0.3754427160949597
2.333687808944513 0 -0.5602688732517935
2.282535639098675 0 -0.7416407864967242
2.990752001187091 0 -0.2353772871825674
2.963065021773235 0 -0.4693033951187637
2.91710976118104 0 -0.7003360915648377
2.853169548873733 0 -0.9270509831210318
3.588902401424836 0 -0.2824527446191066
3.555678026128205 0 -0.5631640741425676
3.500531713417566 0 -0.8404033098778816
3.423803458648792 0 -1.112461179745339
4.187052801662581 0 -0.3295282020556457
4.148291030483175 0 -0.6570247531663717
4.083953665654093 0 -0.9804705281909256
3.99443736842385 0 -1.297871376369647
4.785203201900327 0 -0.376603659492185
4.740904034838147 0 -0.7508854321901758
4.66737561789062 0 -1.12053774650397
4.565071278198909 0 -1.483281572993955
5.383353602138071 0 -0.4236791169287241
5.333517039193117 0 -0.8447461112139797
5.250797570127146 0 -1.260604964817014
5.135705187973967 0 -1.668691769618262
5.981504002375989 0 -0.4707545743652769
5.926130043548259 0 -0.9386067902378108
5.834219522363841 0 -1.400672183130098
5.70633909774919 0 -1.854101966242623
6.579654402617988 0 -0.5178300318021509
6.518743047907445 0 -1.032467469262282
6.417641474604518 0 -1.540739401444139
6.276973007528308 0 -2.03951216286825
7.17780480286016 0 -0.5649054892390385
7.1113560522668 0 -1.126328148286781
7.001063426845362 0 -1.680806619758219
6.847606917307589 0 -2.22492235949393
7.775955203102334 0 -0.6119809466759263
7.703969056626159 0 -1.22018882731128
7.584485379086208 0 -1.8208738380723
7.418240827086872 0 -2.41033255611961
8.374105603344503 0 -0.6590564041128136
8.296582060985513 0 -1.314049506335778
8.167907331327051 0 -1.96094105638638
7.988874736866151 0 -2.595742752745289
8.972256003586676 0 -0.7061318615497013
8.889195065344872 0 -1.407910185360277
8.751329283567896 0 -2.101008274700461
8.559508646645435 0 -2.781152949370969
9.57040640382885 0 -0.7532073189865891
9.481808069704229 0 -1.501770864384776
9.334751235808742 0 -2.241075493014542
9.130142556424717 0 -2.96656314599665
10.16855680407102 0 -0.8002827764234764
10.07442107406358 0 -1.595631543409274
9.918173188049584 0 -2.381142711328622
9.700776466203997 0 -3.151973342622329
10.76670720431319 0 -0.847358233860364
10.66703407842294 0 -1.689492222433773
10.50159514029043 0 -2.521209929642703
10.27141037598328 0 -3.337383539248009
11.36485760455536 0 -0.8944336912972516
11.2596470827823 0 -1.783352901458272
11.08501709253127 0 -2.661277147956784
10.84204428576256 0 -3.522793735873688
2 33 0 116
833
834
835
836
837
838
839
840
841
842
843
844
845
846
847
848
849
850
851
852
853
854
855
856
857
858
859
860
861
862
863
864
865
866
867
868
869
870
871
872
873
874
875
876
877
878
879
880
881
882
883
884
885
886
887
888
889
890
891
892
893
894
895
896
897
898
899
900
901
902
903
904
905
906
907
908
909
910
911
912
913
914
915
916
917
918
919
920
921
922
923
924
925
926
927
928
929
930
931
932
933
934
935
936
937
938
939
940
941
942
943
944
945
946
947
948
11.96300800479754 0.5999999999985115 -0.9415091487341394
11.85226008714165 0.5999999999985115 -1.877213580482771
11.66843904477212 0.5999999999985115 -2.801344366270865
11.41267819554184 0.5999999999985115 -3.708203932499369
11.96300800479754 1.199999999996946 -0.9415091487341394
11.85226008714165 1.199999999996946 -1.877213580482771
11.66843904477212 1.199999999996946 -2.801344366270865
11.41267819554184 1.199999999996946 -3.708203932499369
11.96300800479754 1.799999999995971 -0.9415091487341394
11.85226008714165 1.799999999995971 -1.877213580482771
11.66843904477212 1.799999999995971 -2.801344366270865
11.41267819554184 1.799999999995971 -3.708203932499369
11.96300800479754 2.399999999994647 -0.9415091487341394
11.85226008714165 2.399999999994647 -1.877213580482771
11.66843904477212 2.399999999994647 -2.801344366270865
11.41267819554184 2.399999999994647 -3.708203932499369
11.96300800479754 2.999999999992212 -0.9415091487341394
11.85226008714165 2.999999999992212 -1.877213580482771
11.66843904477212 2.999999999992212 -2.801344366270865
11.41267819554184 2.999999999992212 -3.708203932499369
11.96300800479754 3.599999999989776 -0.9415091487341394
11.85226008714165 3.599999999989776 -1.877213580482771
11.66843904477212 3.599999999989776 -2.801344366270865
11.41267819554184 3.599999999989776 -3.708203932499369
11.96300800479754 4.19999999998734 -0.9415091487341394
11.85226008714165 4.19999999998734 -1.877213580482771
11.66843904477212 4.19999999998734 -2.801344366270865
11.41267819554184 4.19999999998734 -3.708203932499369
11.96300800479754 4.799999999984905 -0.9415091487341394
11.85226008714165 4.799999999984905 -1.877213580482771
11.66843904477212 4.799999999984905 -2.801344366270865
11.41267819554184 4.799999999984905 -3.708203932499369
11.96300800479754 5.399999999982472 -0.9415091487341394
11.85226008714165 5.399999999982472 -1.877213580482771
11.66843904477212 5.399999999982472 -2.801344366270865
11.41267819554184 5.399999999982472 -3.708203932499369
11.96300800479754 5.999999999980039 -0.9415091487341394
11.85226008714165 5.999999999980039 -1.877213580482771
11.66843904477212 5.999999999980039 -2.801344366270865
11.41267819554184 5.999999999980039 -3.708203932499369
11.96300800479754 6.599999999977605 -0.9415091487341394
11.85226008714165 6.599999999977605 -1.877213580482771
11.66843904477212 6.599999999977605 -2.801344366270865
11.41267819554184 6.599999999977605 -3.708203932499369
11.96300800479754 7.199999999975172 -0.9415091487341394
11.85226008714165 7.199999999975172 -1.877213580482771
11.66843904477212 7.199999999975172 -2.801344366270865
11.41267819554184 7.199999999975172 -3.708203932499369
11.96300800479754 7.799999999972739 -0.9415091487341394
11.85226008714165 7.799999999972739 -1.877213580482771
11.66843904477212 7.799999999972739 -2.801344366270865
11.41267819554184 7.799999999972739 -3.708203932499369
11.96300800479754 8.399999999970305 -0.9415091487341394
11.85226008714165 8.399999999970305 -1.877213580482771
11.66843904477212 8.399999999970305 -2.801344366270865
11.41267819554184 8.399999999970305 -3.708203932499369
11.96300800479754 8.999999999968219 -0.9415091487341394
11.85226008714165 8.999999999968219 -1.877213580482771
11.66843904477212 8.999999999968219 -2.801344366270865
11.41267819554184 8.999999999968219 -3.708203932499369
11.96300800479754 9.599999999971359 -0.9415091487341394
11.85226008714165 9.599999999971359 -1.877213580482771
11.66843904477212 9.599999999971359 -2.801344366270865
11.41267819554184 9.599999999971359 -3.708203932499369
11.96300800479754 10.19999999997484 -0.9415091487341394
11.85226008714165 10.19999999997484 -1.877213580482771
11.66843904477212 10.19999999997484 -2.801344366270865
11.41267819554184 10.19999999997484 -3.708203932499369
11.96300800479754 10.79999999997832 -0.9415091487341394
11.85226008714165 10.79999999997832 -1.877213580482771
11.66843904477212 10.79999999997832 -2.801344366270865
11.41267819554184 10.79999999997832 -3.708203932499369
11.96300800479754 11.39999999998181 -0.9415091487341394
11.85226008714165 11.39999999998181 -1.877213580482771
11.66843904477212 11.39999999998181 -2.801344366270865
11.41267819554184 11.39999999998181 -3.708203932499369
11.96300800479754 11.99999999998529 -0.9415091487341394
11.85226008714165 11.99999999998529 -1.877213580482771
11.66843904477212 11.99999999998529 -2.801344366270865
11.41267819554184 11.99999999998529 -3.708203932499369
11.96300800479754 12.59999999998877 -0.9415091487341394
11.85226008714165 12.59999999998877 -1.877213580482771
11.66843904477212 12.59999999998877 -2.801344366270865
11.41267819554184 12.59999999998877 -3.708203932499369
11.96300800479754 13.19999999999226 -0.9415091487341394
11.85226008714165 13.19999999999226 -1.877213580482771
11.66843904477212 13.19999999999226 -2.801344366270865
11.41267819554184 13.19999999999226 -3.708203932499369
11.96300800479754 13.79999999999574 -0.9415091487341394
11.85226008714165 13.79999999999574 -1.877213580482771
11.66843904477212 13.79999999999574 -2.801344366270865
11.41267819554184 13.79999999999574 -3.708203932499369
11.96300800479754 14.39999999999922 -0.9415091487341394
11.85226008714165 14.39999999999922 -1.877213580482771
11.66843904477212 14.39999999999922 -2.801344366270865
11.41267819554184 14.39999999999922 -3.708203932499369
11.96300800479754 15.00000000000271 -0.9415091487341394
11.85226008714165 15.00000000000271 -1.877213580482771
11.66843904477212 15.00000000000271 -2.801344366270865
11.41267819554184 15.00000000000271 -3.708203932499369
11.96300800479754 15.60000000000619 -0.9415091487341394
11.85226008714165 15.60000000000619 -1.877213580482771
11.66843904477212 15.60000000000619 -2.801344366270865
11.41267819554184 15.60000000000619 -3.708203932499369
11.96300800479754 16.20000000000731 -0.9415091487341394
11.85226008714165 16.20000000000731 -1.877213580482771
11.66843904477212 16.20000000000731 -2.801344366270865
11.41267819554184 16.20000000000731 -3.708203932499369
11.96300800479754 16.80000000000488 -0.9415091487341394
11.85226008714165 16.80000000000488 -1.877213580482771
11.66843904477212 16.80000000000488 -2.801344366270865
11.41267819554184 16.80000000000488 -3.708203932499369
11.96300800479754 17.40000000000244 -0.9415091487341394
11.85226008714165 17.40000000000244 -1.877213580482771
11.66843904477212 17.40000000000244 -2.801344366270865
11.41267819554184 17.40000000000244 -3.708203932499369
2 37 0 16
949
950
951
952
953
954
955
956
957
958
959
960
961
962
963
964
12.5611584050197 18 -0.9885846061694525
12.44487309148119 18 -1.97107425950413
12.25186099699345 18 -2.941411584580261
11.98331210530204 18 -3.893614129118848
13.15930880524187 18 -1.035660063604766
13.03748609582073 18 -2.06493493852549
12.83528294921478 18 -3.081478802889657
12.55394601506224 18 -4.079024325738327
13.75745920548175 18 -1.082735521041473
13.63009910017781 18 -2.158795617549628
13.41870490145339 18 -3.221546021203201
13.12457992483933 18 -4.264434522363296
14.35560960573933 18 -1.129810978479574
14.22271210455244 18 -2.252656296576546
14.00212685370927 18 -3.361613239520891
13.69521383463332 18 -4.449844718993753
2 41 0 12
965
966
967
968
969
970
971
972
973
974
975
976
14.95376000599692 18.5 -1.176886435917674
14.81532510892707 18.5 -2.346516975603463
14.58554880596515 18.5 -3.501680457838581
14.2658477444273 18.5 -4.635254915624211
14.95376000599692 19 -1.176886435917674
14.81532510892707 19 -2.346516975603463
14.58554880596515 19 -3.501680457838581
14.2658477444273 19 -4.635254915624211
14.95376000599692 19.5 -1.176886435917674
14.81532510892707 19.5 -2.346516975603463
14.58554880596515 19.5 -3.501680457838581
14.2658477444273 19.5 -4.635254915624211
2 45 0 32
977
978
979
980
981
982
983
984
985
986
987
988
989
990
991
992
993
994
995
996
997
998
999
1000
1001
1002
1003
1004
1005
1006
1007
1008
14.39991704281185 20 -1.133298049402205
14.26660936415199 20 -2.259608939470001
14.0453432946331 20 -3.371988589029744
13.73748301315222 20 -4.463578807638129
13.84607407962677 20 -1.089709662886735
13.71789361937691 20 -2.172700903336539
13.50513778330106 20 -3.242296720220907
13.20911828187713 20 -4.291902699652046
13.29223111644171 20 -1.046121276371266
13.16917787460184 20 -2.085792867203078
12.96493227196902 20 -3.112604851412072
12.68075355060205 20 -4.120226591665965
12.73838815325663 20 -1.002532889855796
12.62046212982676 20 -1.998884831069616
12.42472676063698 20 -2.982912982603235
12.15238881932696 20 -3.948550483679882
12.18454519007156 20 -0.958944503340327
12.07174638505168 20 -1.911976794936155
11.88452124930494 20 -2.853221113794399
11.62402408805188 20 -3.776874375693801
11.63070222688649 20 -0.9153561168248575
11.52303064027661 20 -1.825068758802693
11.34431573797289 20 -2.723529244985562
11.09565935677679 20 -3.605198267707719
11.07685926370142 20 -0.8717677303093883
10.97431489550153 20 -1.738160722669232
10.80411022664085 20 -2.593837376176726
10.56729462550171 20 -3.433522159721638
10.52301630051635 20 -0.8281793437939187
10.42559915072645 20 -1.65125268653577
10.26390471530881 20 -2.46414550736789
10.03892989422662 20 -3.261846051735555
2 49 0 116
1009
1010
1011
1012
1013
1014
1015
1016
1017
1018
1019
1020
1021
1022
1023
1024
1025
1026
1027
1028
1029
1030
1031
1032
1033
1034
1035
1036
1037
1038
1039
1040
1041
1042
1043
1044
1045
1046
1047
1048
1049
1050
1051
1052
1053
1054
1055
1056
1057
1058
1059
1060
1061
1062
1063
1064
1065
1066
1067
1068
1069
1070
1071
1072
1073
1074
1075
1076
1077
1078
1079
1080
1081
1082
1083
1084
1085
1086
1087
1088
1089
1090
1091
1092
1093
1094
1095
1096
1097
1098
1099
1100
1101
1102
1103
1104
1105
1106
1107
1108
1109
1110
1111
1112
1113
1114
1115
1116
1117
1118
1119
1120
1121
1122
1123
1124
9.969173337331279 19.40000000000229 -0.7845909572784494
9.876883405951379 19.40000000000229 -1.564344650402309
9.723699203976766 19.40000000000229 -2.334453638559054
9.510565162951535 19.40000000000229 -3.090169943749474
9.969173337331279 18.80000000000458 -0.7845909572784494
9.876883405951379 18.80000000000458 -1.564344650402309
9.723699203976766 18.80000000000458 -2.334453638559054
9.510565162951535 18.80000000000458 -3.090169943749474
9.969173337331279 18.20000000000687 -0.7845909572784494
9.876883405951379 18.20000000000687 -1.564344650402309
9.723699203976766 18.20000000000687 -2.334453638559054
9.510565162951535 18.20000000000687 -3.090169943749474
9.969173337331279 17.60000000000915 -0.7845909572784494
9.876883405951379 17.60000000000915 -1.564344650402309
9.723699203976766 17.60000000000915 -2.334453638559054
9.510565162951535 17.60000000000915 -3.090169943749474
9.969173337331279 17.00000000001144 -0.7845909572784494
9.876883405951379 17.00000000001144 -1.564344650402309
9.723699203976766 17.00000000001144 -2.334453638559054
9.510565162951535 17.00000000001144 -3.090169943749474
9.969173337331279 16.40000000001373 -0.7845909572784494
9.876883405951379 16.40000000001373 -1.564344650402309
9.723699203976766 16.40000000001373 -2.334453638559054
9.510565162951535 16.40000000001373 -3.090169943749474
9.969173337331279 15.80000000001602 -0.7845909572784494
9.876883405951379 15.80000000001602 -1.564344650402309
9.723699203976766 15.80000000001602 -2.334453638559054
9.510565162951535 15.80000000001602 -3.090169943749474
9.969173337331279 15.20000000001831 -0.7845909572784494
9.876883405951379 15.20000000001831 -1.564344650402309
9.723699203976766 15.20000000001831 -2.334453638559054
9.510565162951535 15.20000000001831 -3.090169943749474
9.969173337331279 14.6000000000206 -0.7845909572784494
9.876883405951379 14.6000000000206 -1.564344650402309
9.723699203976766 14.6000000000206 -2.334453638559054
9.510565162951535 14.6000000000206 -3.090169943749474
9.969173337331279 14.00000000002288 -0.7845909572784494
9.876883405951379 14.00000000002288 -1.564344650402309
9.723699203976766 14.00000000002288 -2.334453638559054
9.510565162951535 14.00000000002288 -3.090169943749474
9.969173337331279 13.40000000002517 -0.7845909572784494
9.876883405951379 13.40000000002517 -1.564344650402309
9.723699203976766 13.40000000002517 -2.334453638559054
9.510565162951535 13.40000000002517 -3.090169943749474
9.969173337331279 12.80000000002746 -0.7845909572784494
9.876883405951379 12.80000000002746 -1.564344650402309
9.723699203976766 12.80000000002746 -2.334453638559054
9.510565162951535 12.80000000002746 -3.090169943749474
9.969173337331279 12.20000000002975 -0.7845909572784494
9.876883405951379 12.20000000002975 -1.564344650402309
9.723699203976766 12.20000000002975 -2.334453638559054
9.510565162951535 12.20000000002975 -3.090169943749474
9.969173337331279 11.60000000003203 -0.7845909572784494
9.876883405951379 11.60000000003203 -1.564344650402309
9.723699203976766 11.60000000003203 -2.334453638559054
9.510565162951535 11.60000000003203 -3.090169943749474
9.969173337331279 11.00000000003397 -0.7845909572784494
9.876883405951379 11.00000000003397 -1.564344650402309
9.723699203976766 11.00000000003397 -2.334453638559054
9.510565162951535 11.00000000003397 -3.090169943749474
9.969173337331279 10.40000000003069 -0.7845909572784494
9.876883405951379 10.40000000003069 -1.564344650402309
9.723699203976766 10.40000000003069 -2.334453638559054
9.510565162951535 10.40000000003069 -3.090169943749474
9.969173337331279 9.800000000027058 -0.7845909572784494
9.876883405951379 9.800000000027058 -1.564344650402309
9.723699203976766 9.800000000027058 -2.334453638559054
9.510565162951535 9.800000000027058 -3.090169943749474
9.969173337331279 9.200000000023429 -0.7845909572784494
9.876883405951379 9.200000000023429 -1.564344650402309
9.723699203976766 9.200000000023429 -2.334453638559054
9.510565162951535 9.200000000023429 -3.090169943749474
9.969173337331279 8.600000000019801 -0.7845909572784494
9.876883405951379 8.600000000019801 -1.564344650402309
9.723699203976766 8.600000000019801 -2.334453638559054
9.510565162951535 8.600000000019801 -3.090169943749474
9.969173337331279 8.000000000016172 -0.7845909572784494
9.876883405951379 8.000000000016172 -1.564344650402309
9.723699203976766 8.000000000016172 -2.334453638559054
9.510565162951535 8.000000000016172 -3.090169943749474
9.969173337331279 7.400000000012541 -0.7845909572784494
9.876883405951379 7.400000000012541 -1.564344650402309
9.723699203976766 7.400000000012541 -2.334453638559054
9.510565162951535 7.400000000012541 -3.090169943749474
9.969173337331279 6.800000000008914 -0.7845909572784494
9.876883405951379 6.800000000008914 -1.564344650402309
9.723699203976766 6.800000000008914 -2.334453638559054
9.510565162951535 6.800000000008914 -3.090169943749474
9.969173337331279 6.200000000005282 -0.7845909572784494
9.876883405951379 6.200000000005282 -1.564344650402309
9.723699203976766 6.200000000005282 -2.334453638559054
9.510565162951535 6.200000000005282 -3.090169943749474
9.969173337331279 5.600000000001655 -0.7845909572784494
9.876883405951379 5.600000000001655 -1.564344650402309
9.723699203976766 5.600000000001655 -2.334453638559054
9.510565162951535 5.600000000001655 -3.090169943749474
9.969173337331279 4.999999999998025 -0.7845909572784494
9.876883405951379 4.999999999998025 -1.564344650402309
9.723699203976766 4.999999999998025 -2.334453638559054
9.510565162951535 4.999999999998025 -3.090169943749474
9.969173337331279 4.399999999994396 -0.7845909572784494
9.876883405951379 4.399999999994396 -1.564344650402309
9.723699203976766 4.399999999994396 -2.334453638559054
9.510565162951535 4.399999999994396 -3.090169943749474
9.969173337331279 3.799999999993126 -0.7845909572784494
9.876883405951379 3.799999999993126 -1.564344650402309
9.723699203976766 3.799999999993126 -2.334453638559054
9.510565162951535 3.799999999993126 -3.090169943749474
9.969173337331279 3.199999999995416 -0.7845909572784494
9.876883405951379 3.199999999995416 -1.564344650402309
9.723699203976766 3.199999999995416 -2.334453638559054
9.510565162951535 3.199999999995416 -3.090169943749474
9.969173337331279 2.599999999997706 -0.7845909572784494
9.876883405951379 2.599999999997706 -1.564344650402309
9.723699203976766 2.599999999997706 -2.334453638559054
9.510565162951535 2.599999999997706 -3.090169943749474
2 52 0 64
1125
1126
1127
1128
1129
1130
1131
1132
1133
1134
1135
1136
1137
1138
1139
1140
1141
1142
1143
1144
1145
1146
1147
1148
1149
1150
1151
1152
1153
1154
1155
1156
1157
1158
1159
1160
1161
1162
1163
1164
1165
1166
1167
1168
1169
1170
1171
1172
1173
1174
1175
1176
1177
1178
1179
1180
1181
1182
1183
1184
1185
1186
1187
1188
9.382751376311791 2 -0.7384385480267758
9.295890264424825 2 -1.472324376849232
9.151716897860483 2 -2.197132836290874
8.95112015336615 2 -2.908395241175975
8.796329415292304 2 -0.6922861387751024
8.714897122898273 2 -1.380304103296154
8.579734591744204 2 -2.059812034022694
8.391675143780766 2 -2.726620538602477
8.209907454272816 2 -0.6461337295234287
8.13390398137172 2 -1.288283829743077
8.007752285627921 2 -1.922491231754514
7.832230134195379 2 -2.544845836028978
7.623485493253328 2 -0.5999813202717551
7.552910839845167 2 -1.19626355619
7.43576997951164 2 -1.785170429486334
7.272785124609994 2 -2.363071133455479
7.03706353223384 2 -0.5538289110200816
6.971917698318615 2 -1.104243282636923
6.863787673395359 2 -1.647849627218155
6.713340115024609 2 -2.18129643088198
6.450641571214353 2 -0.5076765017684082
6.390924556792064 2 -1.012223009083846
6.291805367279079 2 -1.510528824949975
6.153895105439225 2 -1.999521728308482
5.864219610194866 2 -0.4615240925167347
5.809931415265512 2 -0.9202027355307691
5.719823061162799 2 -1.373208022681796
5.594450095853841 2 -1.817747025734983
5.277797649175381 2 -0.4153716832650612
5.228938273738962 2 -0.8281824619776924
5.14784075504652 2 -1.235887220413616
5.035005086268457 2 -1.635972323161485
4.691375688155894 2 -0.3692192740133878
4.647945132212411 2 -0.7361621884246154
4.57585844893024 2 -1.098566418145437
4.475560076683073 2 -1.454197620587987
4.104953727136407 2 -0.3230668647617143
4.066951990685859 2 -0.6441419148715385
4.00387614281396 2 -0.961245615877257
3.916115067097689 2 -1.272422918014489
3.51853176611692 2 -0.2769144555100408
3.485958849159308 2 -0.5521216413184616
3.43189383669768 2 -0.8239248136090774
3.356670057512305 2 -1.09064821544099
2.932109805097434 2 -0.2307620462583674
2.904965707632757 2 -0.4601013677653847
2.8599115305814 2 -0.6866040113408979
2.797225047926921 2 -0.9088735128674919
2.345687844077948 2 -0.1846096370066939
2.323972566106206 2 -0.3680810942123079
2.287929224465121 2 -0.5492832090727184
2.237780038341537 2 -0.7270988102939938
1.75926588305846 2 -0.1384572277550204
1.742979424579654 2 -0.2760608206592308
1.71594691834884 2 -0.4119624068045387
1.678335028756152 2 -0.5453241077204951
1.172843922038973 2 -0.09230481850334694
1.161986283053103 2 -0.1840405471061539
1.14396461223256 2 -0.2746416045363592
1.118890019170768 2 -0.3635494051469967
0.5864219610194867 2 -0.04615240925167347
0.5809931415265513 2 -0.09202027355307693
0.57198230611628 2 -0.1373208022681796
0.5594450095853841 2 -0.1817747025734984
2 54 0 173
1189
1190
1191
1192
1193
1194
1195
1196
1197
1198
1199
1200
1201
1202
1203
1204
1205
1206
1207
1208
1209
1210
1211
1212
1213
1214
1215
1216
1217
1218
1219
1220
1221
1222
1223
1224
1225
1226
1227
1228
1229
1230
1231
1232
1233
1234
1235
1236
1237
1238
1239
1240
1241
1242
1243
1244
1245
1246
1247
1248
1249
1250
1251
1252
1253
1254
1255
1256
1257
1258
1259
1260
1261
1262
1263
1264
1265
1266
1267
1268
1269
1270
1271
1272
1273
1274
1275
1276
1277
1278
1279
1280
1281
1282
1283
1284
1285
1286
1287
1288
1289
1290
1291
1292
1293
1294
1295
1296
1297
1298
1299
1300
1301
1302
1303
1304
1305
1306
1307
1308
1309
1310
1311
1312
1313
1314
1315
1316
1317
1318
1319
1320
1321
1322
1323
1324
1325
1326
1327
1328
1329
1330
1331
1332
1333
1334
1335
1336
1337
1338
1339
1340
1341
1342
1343
1344
1345
1346
1347
1348
1349
1350
1351
1352
1353
1354
1355
1356
1357
1358
1359
1360
1361
10.55570129024133 19.49225570734221 -4.372314634777137
9.727327354455548 18.51250674891785 -4.029190915858287
10.60649250302184 1.499999999996459 -4.393353043960201
9.669762112301846 0.496975271856145 -4.005346611836933
12.54730909253375 19.5174296527111 -5.197265597414732
11.51717820550588 19.49375461367515 -4.770571412988362
1.36421376220038 1.504287836502415 -0.5650758422794216
2.445563468412228 1.490573291891508 -1.012985556260531
3.53248056548433 1.490573291891507 -1.46320135904299
4.635701700284047 1.516544058750898 -1.920170515373669
5.74452250716215 1.517344798129743 -2.379459131824058
6.838685046411336 1.518024640993506 -2.832676095021654
7.932847682229089 1.518607947965781 -3.285893098219261
10.63672090671899 2.73295804981364 -4.405874058740451
10.64310672919998 3.966666666656938 -4.408519153018982
10.60649250302263 16.50000000000609 -4.393353043960531
9.68224767099286 15.43334620501459 -4.010518299580555
10.64310672920128 5.166666666655708 -4.408519153019524
9.682241521040805 14.23333333334709 -4.010515752187006
10.64310672920181 6.366666666654806 -4.40851915301974
9.682242986046433 13.03333333334781 -4.010516359012206
10.64310672920202 7.566666666653984 -4.408519153019828
9.682242986046109 11.83333333334851 -4.010516359012072
10.64310672920234 8.766666666653913 -4.408519153019962
9.697380581518548 10.68307987092777 -4.016786556358474
8.981053961184701 1.509393746090524 -3.720074355127311
10.6195734384103 17.69986694553839 -4.398771344806627
9.706405813861474 9.500000000025235 -4.020524929998483
0.7983402806912722 0.5176790313652218 -0.3306833716510685
13.05536997256787 18.51479365310736 -5.407711304436072
1.92745031024116 0.5112317602845788 -0.7983760593021183
3.029228630514308 0.5133460347784641 -1.254747582287904
4.130637955544745 0.5151463877681901 -1.710966262439707
11.90645326716067 18.58162252920651 -4.931814423019398
13.45814141507367 19.25 -5.574544698458552
5.266631971118982 0.508069802295952 -2.181510390465229
0.3836188157089068 1.23573737850668 -0.1589001162481341
9.553690602275815 1.516024724962352 -3.957268218179026
9.820936532118596 1.984046258363431 -4.067965106808914
6.37528673832961 0.5074092542286498 -2.640730231033458
10.62135362915663 18.29979972921696 -4.39950872395737
7.483941602111136 0.5068436568115529 -3.099950111602662
8.577087163542616 0.505987188739248 -3.552745828795532
11.06882246508464 18.61738816237743 -4.584856384538052
9.682655695447133 17.23333333334223 -4.010687308843295
9.706405813860179 3.499999999994651 -4.020524929997945
9.706405813861753 4.699999999996865 -4.020524929998597
10.6189335163564 14.70001208063952 -4.398506280413043
9.70640581386221 5.900000000003459 -4.020524929998787
10.61894390138625 13.49999999999429 -4.398510582033251
9.706405813862057 7.100000000010425 -4.020524929998724
10.61894390138644 12.29999999998732 -4.398510582033328
9.706405813861846 8.300000000017928 -4.020524929998636
10.62200008295168 11.11641320421856 -4.399776493886726
10.64310672920185 9.966666666658663 -4.40851915301976
9.296130102300046 0.9926149708895036 -3.850583165957467
10.16869145348111 18.07030924054936 -4.212009911619257
10.61012117974523 18.89159849256312 -4.394856091072499
11.05261600394985 19.17140967398019 -4.57814344853795
10.11245127561459 19.13054969211196 -4.188714467196667
12.47590486634577 18.5194278593606 -5.167688998516913
12.25987716235866 19.05830909081616 -5.078207393677134
1.380598232778017 0.5162456766069281 -0.5718625122049819
6.929434029957269 0.5034669135466179 -2.870265554777953
7.167207448700748 1.003032925004816 -2.968754529593319
5.820779470584887 0.5043318191960389 -2.411045800299145
6.064592039490006 1.003761856694239 -2.51203627301667
8.035503818268387 0.5026643052144757 -3.328414662027556
8.269601053399644 1.020192418568818 -3.425380911732966
4.692910118286799 0.5145471644867734 -1.943867017992318
4.941672965220941 1.014309353025999 -2.046907963006982
2.472792558853344 0.5101504288596513 -1.024264214812325
3.571848011764506 0.5126982518844383 -1.479507889208233
10.25010737653517 0.5061190203896084 -4.245733491141372
9.977897832387082 1.036811165075356 -4.132980606147837
10.63402164380347 2.134806826632494 -4.40475598743243
10.62119484402814 17.09997782426066 -4.399442953003647
10.14706717272498 16.85558650629904 -4.203052841253505
10.14162122502957 16.27595866058126 -4.20079705585809
10.62146315024914 15.91268647681522 -4.399554089079254
10.62350529384821 15.30212929791375 -4.4003999726543
10.16184607826906 15.05592834280373 -4.209174464366891
9.702255347739596 5.299999999999914 -4.01880575064063
10.16356503371845 5.544444444440565 -4.209886479027147
9.702255347738916 4.099999999994404 -4.018805750640349
10.16356503371784 4.344444444437381 -4.209886479026892
9.702255347739559 6.500000000006938 -4.018805750640615
10.16356503371839 6.74444444444438 -4.20988647902712
9.70225534773931 7.700000000014191 -4.018805750640512
10.16356503371812 7.944444444448386 -4.209886479027008
10.62309263667044 14.1000020134374 -4.400229044454659
10.16178414888922 13.8555558911324 -4.209148812377856
10.62309436750897 12.89999999999072 -4.400229761391452
10.16178468153013 12.65555555555534 -4.209149033004944
9.700751142347777 10.09717997851169 -4.018182688366744
10.1652362934539 10.32423429025165 -4.210578737475818
9.702255347739023 8.900000000021672 -4.018805750640393
10.16356503371771 9.144444444452969 -4.20988647902684
10.62360373110331 11.70273553402345 -4.400440746700405
10.1453971204385 11.45368586868746 -4.202361082946571
9.718857212225789 2.899999999996577 -4.025682468071492
10.179142160378 3.13236339985519 -4.216338736152336
1.902346459462993 1.494085934540063 -0.787977703842011
2.989022016948278 1.490573291891508 -1.23809345765176
4.07865645364165 1.510014787020895 -1.689434819358922
13.47997800377822 18.76818053146602 -5.583589709655939
11.47499561100723 18.91576759187717 -4.753098810250936
0.3726970140309934 0.7662843242629702 -0.1543761578675932
12.75610911107119 19.02476737350735 -5.283753396916691
0.788182885333207 1.486183675116248 -0.3264760407353723
1.111029409640883 1.006207620862822 -0.4602034496686267
10.61463813270216 0.880456811036599 -4.396727074247858
10.13356483559802 2.450960699647522 -4.197459990091781
13.0710361821466 19.5143446077792 -5.414200460914561
12.0443366766677 19.54440040079738 -4.988927601263454
1.643245394744606 1.00812549236029 -0.680654528810346
2.184781822399097 1.00563292677767 -0.9049662616639129
2.730356631390593 1.005469095835591 -1.130950746837301
3.271779618425417 1.010941797164539 -1.355215491047677
3.822178498858174 1.011197899877884 -1.583198172037893
10.10186332417959 1.571022619545733 -4.184328794114544
4.383626281972726 1.01362660848844 -1.815757458368248
5.198646499517839 1.503742692538982 -2.153349886083705
5.506140908849134 1.008593386980158 -2.280718240782631
6.300044503306089 1.501570992121965 -2.609563876823452
6.612541634365843 1.006211097098299 -2.739004426711084
7.395615630976456 1.501094431062489 -3.063364296448903
7.714119539280908 1.008739280771322 -3.195292934937444
10.24798897849062 18.58095278067185 -4.244856021940816
8.468157605503405 1.51346907159763 -3.507625728512385
9.123922492799592 0.4769751185411106 -3.779252438558529
9.709567359952972 17.83602488713878 -4.021834485267648
10.15812499400744 17.46584978952141 -4.207633140798996
9.671389852155821 16.66010458336819 -4.006020843760464
9.695660058120884 16.02824865370492 -4.016073892232781
10.15439057941829 15.66804960613891 -4.206086295628646
10.62604821428493 3.371998019383314 -4.401453284787227
10.17008721652997 3.735912088386979 -4.212588055603955
10.62451633025523 4.579629629620017 -4.40081875764614
10.16723571474902 4.939197530858406 -4.211406924893155
10.148672988869 14.47413861022993 -4.203717992079036
10.6245163302555 5.779629629619802 -4.400818757646254
10.16723571474932 6.139197530861658 -4.211406924893277
9.700833052051793 13.62037042631128 -4.018216616477037
10.15811385623547 13.26080253438863 -4.20762852738279
10.62451633025542 6.979629629619739 -4.40081875764622
10.16723571474922 7.339197530865182 -4.211406924893234
9.700833384993011 12.42037037038237 -4.018216754385805
10.15546763424958 12.06094677699741 -4.206532426347188
10.62451633025523 8.179629629619921 -4.400818757646141
10.16723571474904 8.539197530869131 -4.211406924893163
9.677778120995923 11.26054503553775 -4.008666951354119
10.6245163302547 9.379629629622018 -4.400818757645924
10.64084544463324 10.53640397457548 -4.407582498283055
10.16726355713957 9.735359168253702 -4.211418457588928
9.678397022162965 14.85199362993821 -4.008923308611276
9.638049625588721 19.11896857249445 -3.992210869743779
9.998052511586025 19.57851489967102 -4.141328947617318
8.782189223187508 1.017561695588453 -3.637701883571102
10.15810627399863 10.89572704069978 -4.20762538671746
11.03522774944038 19.63764935784778 -4.570940997694131
11.47343426526245 18.43077114237462 -4.752452079667894
10.68022230399797 0.4398106807627138 -4.423892927475586
9.638625379740715 2.421541937049533 -3.992449354922128
13.16412693692751 19.01441723317199 -5.452759914076363
9.603422645024882 19.59176667656693 -3.977867904770207
11.83415855264983 19.14109604593373 -4.901868971781115
13.51418948691231 19.64492341298345 -5.59776056995898
13.51111984396616 18.35659483691468 -5.596489082219041
0.3450730028453123 0.3567926711260552 -0.142933917787338
0.3430520499156329 1.644384210724725 -0.1420968116749471
0.6907736810810524 1.002418406022789 -0.286127827234159
10.22781489921331 1.976988400987648 -4.236499644695761
2 67 0 36
1362
1363
1364
1365
1366
1367
1368
1369
1370
1371
1372
1373
1374
1375
1376
1377
1378
1379
1380
1381
1382
1383
1384
1385
1386
1387
1388
1389
1390
1391
1392
1393
1394
1395
1396
1397
0.5981504002374051 8 -0.04707545743651244
0.5926130043546338 8 -0.09386067902375066
0.5834219522361951 8 -0.1400672183129644
0.570633909774734 8 -0.1854101966242023
1.196300800474673 8 -0.09415091487301409
1.185226008709132 8 -0.1877213580474798
1.166843904472256 8 -0.2801344366258968
1.141267819549338 8 -0.3708203932483621
1.794451200712418 8 -0.1412263723095533
1.777839013064102 8 -0.2815820370712838
1.750265856708783 8 -0.4202016549389408
1.711901729324396 8 -0.5562305898726697
2.392601600950163 8 -0.1883018297460925
2.370452017419074 8 -0.3754427160950879
2.33368780894531 8 -0.5602688732519849
2.282535639099454 8 -0.7416407864969775
2.990752001187995 8 -0.2353772871826385
2.963065021774129 8 -0.4693033951189054
2.917109761181921 8 -0.7003360915650492
2.853169548874595 8 -0.9270509831213117
3.58890240143008 8 -0.2824527446195192
3.5556780261334 8 -0.5631640741433905
3.500531713422681 8 -0.8404033098791096
3.423803458653794 8 -1.112461179746965
4.187052801672252 8 -0.3295282020564068
4.148291030492756 8 -0.6570247531678891
4.083953665663525 8 -0.9804705281931901
3.994437368433076 8 -1.297871376372645
4.785203201914425 8 -0.3766036594932946
4.740904034852115 8 -0.750885432192388
4.667375617904371 8 -1.120537746507271
4.565071278212359 8 -1.483281572998325
5.383353602156595 8 -0.423679116930182
5.333517039211469 8 -0.8447461112168865
5.250797570145214 8 -1.260604964821352
5.135705187991639 8 -1.668691769624004
2 71 0 76
1398
1399
1400
1401
1402
1403
1404
1405
1406
1407
1408
1409
1410
1411
1412
1413
1414
1415
1416
1417
1418
1419
1420
1421
1422
1423
1424
1425
1426
1427
1428
1429
1430
1431
1432
1433
1434
1435
1436
1437
1438
1439
1440
1441
1442
1443
1444
1445
1446
1447
1448
1449
1450
1451
1452
1453
1454
1455
1456
1457
1458
1459
1460
1461
1462
1463
1464
1465
1466
1467
1468
1469
1470
1471
1472
1473
5.981504002398768 8.599999999992054 -0.4707545743670697
5.926130043570827 8.599999999992054 -0.9386067902413853
5.834219522386059 8.599999999992054 -1.400672183135432
5.706339097770921 8.599999999992054 -1.854101966249684
5.981504002398768 9.199999999990769 -0.4707545743670697
5.926130043570827 9.199999999990769 -0.9386067902413853
5.834219522386059 9.199999999990769 -1.400672183135432
5.706339097770921 9.199999999990769 -1.854101966249684
5.981504002398768 9.799999999987264 -0.4707545743670697
5.926130043570827 9.799999999987264 -0.9386067902413853
5.834219522386059 9.799999999987264 -1.400672183135432
5.706339097770921 9.799999999987264 -1.854101966249684
5.981504002398768 10.39999999998501 -0.4707545743670697
5.926130043570827 10.39999999998501 -0.9386067902413853
5.834219522386059 10.39999999998501 -1.400672183135432
5.706339097770921 10.39999999998501 -1.854101966249684
5.981504002398768 10.99999999998595 -0.4707545743670697
5.926130043570827 10.99999999998595 -0.9386067902413853
5.834219522386059 10.99999999998595 -1.400672183135432
5.706339097770921 10.99999999998595 -1.854101966249684
5.981504002398768 11.59999999998688 -0.4707545743670697
5.926130043570827 11.59999999998688 -0.9386067902413853
5.834219522386059 11.59999999998688 -1.400672183135432
5.706339097770921 11.59999999998688 -1.854101966249684
5.981504002398768 12.19999999998782 -0.4707545743670697
5.926130043570827 12.19999999998782 -0.9386067902413853
5.834219522386059 12.19999999998782 -1.400672183135432
5.706339097770921 12.19999999998782 -1.854101966249684
5.981504002398768 12.79999999998876 -0.4707545743670697
5.926130043570827 12.79999999998876 -0.9386067902413853
5.834219522386059 12.79999999998876 -1.400672183135432
5.706339097770921 12.79999999998876 -1.854101966249684
5.981504002398768 13.39999999998969 -0.4707545743670697
5.926130043570827 13.39999999998969 -0.9386067902413853
5.834219522386059 13.39999999998969 -1.400672183135432
5.706339097770921 13.39999999998969 -1.854101966249684
5.981504002398768 13.99999999999063 -0.4707545743670697
5.926130043570827 13.99999999999063 -0.9386067902413853
5.834219522386059 13.99999999999063 -1.400672183135432
5.706339097770921 13.99999999999063 -1.854101966249684
5.981504002398768 14.59999999999157 -0.4707545743670697
5.926130043570827 14.59999999999157 -0.9386067902413853
5.834219522386059 14.59999999999157 -1.400672183135432
5.706339097770921 14.59999999999157 -1.854101966249684
5.981504002398768 15.1999999999925 -0.4707545743670697
5.926130043570827 15.1999999999925 -0.9386067902413853
5.834219522386059 15.1999999999925 -1.400672183135432
5.706339097770921 15.1999999999925 -1.854101966249684
5.981504002398768 15.79999999999344 -0.4707545743670697
5.926130043570827 15.79999999999344 -0.9386067902413853
5.834219522386059 15.79999999999344 -1.400672183135432
5.706339097770921 15.79999999999344 -1.854101966249684
5.981504002398768 16.39999999999438 -0.4707545743670697
5.926130043570827 16.39999999999438 -0.9386067902413853
5.834219522386059 16.39999999999438 -1.400672183135432
5.706339097770921 16.39999999999438 -1.854101966249684
5.981504002398768 16.99999999999532 -0.4707545743670697
5.926130043570827 16.99999999999532 -0.9386067902413853
5.834219522386059 16.99999999999532 -1.400672183135432
5.706339097770921 16.99999999999532 -1.854101966249684
5.981504002398768 17.59999999999625 -0.4707545743670697
5.926130043570827 17.59999999999625 -0.9386067902413853
5.834219522386059 17.59999999999625 -1.400672183135432
5.706339097770921 17.59999999999625 -1.854101966249684
5.981504002398768 18.19999999999719 -0.4707545743670697
5.926130043570827 18.19999999999719 -0.9386067902413853
5.834219522386059 18.19999999999719 -1.400672183135432
5.706339097770921 18.19999999999719 -1.854101966249684
5.981504002398768 18.79999999999812 -0.4707545743670697
5.926130043570827 18.79999999999812 -0.9386067902413853
5.834219522386059 18.79999999999812 -1.400672183135432
5.706339097770921 18.79999999999812 -1.854101966249684
5.981504002398768 19.39999999999906 -0.4707545743670697
5.926130043570827 19.39999999999906 -0.9386067902413853
5.834219522386059 19.39999999999906 -1.400672183135432
5.706339097770921 19.39999999999906 -1.854101966249684
2 75 0 24
1474
1475
1476
1477
1478
1479
1480
1481
1482
1483
1484
1485
1486
1487
1488
1489
1490
1491
1492
1493
1494
1495
1496
1497
6.551171050246268 20 -0.5155883433544095
6.490523381053761 20 -1.027997913121517
6.389859476899016 20 -1.534069533910235
6.249799964225293 20 -2.030683105892511
7.120838098093767 20 -0.5604221123417493
7.054916718536695 20 -1.117389036001649
6.945499431411972 20 -1.667466884685038
6.793260830679664 20 -2.207264245535337
7.690505145941267 20 -0.6052558813290891
7.619310056019629 20 -1.20678015888178
7.501139385924928 20 -1.80086423545984
7.336721697134036 20 -2.383845385178164
8.260172193788767 20 -0.6500896503164288
8.183703393502562 20 -1.296171281761912
8.056779340437883 20 -1.934261586234643
7.880182563588408 20 -2.56042652482099
8.82983924163627 20 -0.694923419303769
8.7480967309855 20 -1.385562404642044
8.612419294950843 20 -2.067658937009446
8.423643430042782 20 -2.737007664463818
9.399506289483774 20 -0.7397571882911093
9.312490068468438 20 -1.474953527522176
9.168059249463804 20 -2.20105628778425
8.967104296497158 20 -2.913588804106646
2 83 0 12
1498
1499
1500
1501
1502
1503
1504
1505
1506
1507
1508
1509
14.95376000599692 20.5 -1.176886435917674
14.81532510892707 20.5 -2.346516975603463
14.58554880596515 20.5 -3.501680457838581
14.2658477444273 20.5 -4.635254915624211
14.95376000599692 21 -1.176886435917674
14.81532510892707 21 -2.346516975603463
14.58554880596515 21 -3.501680457838581
14.2658477444273 21 -4.635254915624211
14.95376000599692 21.5 -1.176886435917674
14.81532510892707 21.5 -2.346516975603463
14.58554880596515 21.5 -3.501680457838581
14.2658477444273 21.5 -4.635254915624211
2 87 0 72
1510
1511
1512
1513
1514
1515
1516
1517
1518
1519
1520
1521
1522
1523
1524
1525
1526
1527
1528
1529
1530
1531
1532
1533
1534
1535
1536
1537
1538
1539
1540
1541
1542
1543
1544
1545
1546
1547
1548
1549
1550
1551
1552
1553
1554
1555
1556
1557
1558
1559
1560
1561
1562
1563
1564
1565
1566
1567
1568
1569
1570
1571
1572
1573
1574
1575
1576
1577
1578
1579
1580
1581
14.37659733909879 22 -1.131462748917343
14.24350554331936 22 -2.255949653738067
14.02259779941913 22 -3.36652787876411
13.71523607709853 22 -4.456350339933453
13.79943467220067 22 -1.086039061917012
13.67168597771165 22 -2.16538233187267
13.45964679287311 22 -3.231375299689638
13.16462440976976 22 -4.277445764242693
13.22227200530254 22 -1.04061537491668
13.09986641210394 22 -2.074815010007273
12.89669578632708 22 -3.096222720615167
12.61401274244099 22 -4.098541188551935
12.64510933840442 22 -0.9951916879163493
12.52804684649622 22 -1.984247688141876
12.33374477978106 22 -2.961070141540695
12.06340107511221 22 -3.919636612861176
12.06794667150629 22 -0.9497680009160181
11.95622728088851 22 -1.89368036627648
11.77079377323504 22 -2.825917562466224
11.51278940778344 22 -3.740732037170417
11.49078400460817 22 -0.9043443139156869
11.3844077152808 22 -1.803113044411083
11.20784276668901 22 -2.690764983391753
10.96217774045467 22 -3.561827461479659
10.91362133771004 22 -0.8589206269153556
10.81258814967309 22 -1.712545722545686
10.64489176014299 22 -2.555612404317281
10.4115660731259 22 -3.382922885788899
10.33645867081191 22 -0.8134969399150245
10.24076858406538 22 -1.62197840068029
10.08194075359697 22 -2.42045982524281
9.860954405797125 22 -3.204018310098141
9.759296003913787 22 -0.7680732529146933
9.668949018457672 22 -1.531411078814893
9.518989747050947 22 -2.285307246168339
9.310342738468353 22 -3.025113734407382
9.182133337015662 22 -0.722649565914362
9.097129452849963 22 -1.440843756949496
8.956038740504924 22 -2.150154667093868
8.759731071139582 22 -2.846209158716624
8.604970670117535 22 -0.6772258789140307
8.525309887242251 22 -1.350276435084099
8.393087733958902 22 -2.015002088019396
8.209119403810808 22 -2.667304583025865
8.027808003219411 22 -0.6318021919136997
7.953490321634543 22 -1.259709113218703
7.830136727412881 22 -1.879849508944925
7.658507736482037 22 -2.488400007335107
7.450645336321283 22 -0.5863785049133684
7.381670756026831 22 -1.169141791353306
7.267185720866857 22 -1.744696929870454
7.107896069153264 22 -2.309495431644347
6.873482669423159 22 -0.5409548179130372
6.809851190419121 22 -1.07857446948791
6.704234714320835 22 -1.609544350795982
6.557284401824492 22 -2.130590855953589
6.296320002525033 22 -0.495531130912706
6.238031624811411 22 -0.988007147622513
6.141283707774813 22 -1.474391771721511
6.00667273449572 22 -1.95168628026283
5.719157335626908 22 -0.4501074439123748
5.6662120592037 22 -0.8974398257571163
5.578332701228791 22 -1.33923919264704
5.456061067166948 22 -1.772781704572072
5.141994668728777 22 -0.4046837569120432
5.094392493595985 22 -0.8068725038917189
5.015381694682764 22 -1.204086613572567
4.905449399838171 22 -1.593877128881311
4.564832001830644 22 -0.3592600699117115
4.522572927988268 22 -0.7163051820263212
4.452430688136735 22 -1.068934034498094
4.354837732509393 22 -1.41497255319055
2 91 0 84
1582
1583
1584
1585
1586
1587
1588
1589
1590
1591
1592
1593
1594
1595
1596
1597
1598
1599
1600
1601
1602
1603
1604
1605
1606
1607
1608
1609
1610
1611
1612
1613
1614
1615
1616
1617
1618
1619
1620
1621
1622
1623
1624
1625
1626
1627
1628
1629
1630
1631
1632
1633
1634
1635
1636
1637
1638
1639
1640
1641
1642
1643
1644
1645
1646
1647
1648
1649
1650
1651
1652
1653
1654
1655
1656
1657
1658
1659
1660
1661
1662
1663
1664
1665
3.987669334932512 21.40909090909063 -0.3138363829113798
3.950753362380551 21.40909090909063 -0.6257378601609235
3.889479681590706 21.40909090909063 -0.9337814554236216
3.804226065180614 21.40909090909063 -1.23606797749979
3.987669334932512 20.81818181818125 -0.3138363829113798
3.950753362380551 20.81818181818125 -0.6257378601609235
3.889479681590706 20.81818181818125 -0.9337814554236216
3.804226065180614 20.81818181818125 -1.23606797749979
3.987669334932512 20.22727272727187 -0.3138363829113798
3.950753362380551 20.22727272727187 -0.6257378601609235
3.889479681590706 20.22727272727187 -0.9337814554236216
3.804226065180614 20.22727272727187 -1.23606797749979
3.987669334932512 19.6363636363625 -0.3138363829113798
3.950753362380551 19.6363636363625 -0.6257378601609235
3.889479681590706 19.6363636363625 -0.9337814554236216
3.804226065180614 19.6363636363625 -1.23606797749979
3.987669334932512 19.04545454545313 -0.3138363829113798
3.950753362380551 19.04545454545313 -0.6257378601609235
3.889479681590706 19.04545454545313 -0.9337814554236216
3.804226065180614 19.04545454545313 -1.23606797749979
3.987669334932512 18.45454545454375 -0.3138363829113798
3.950753362380551 18.45454545454375 -0.6257378601609235
3.889479681590706 18.45454545454375 -0.9337814554236216
3.804226065180614 18.45454545454375 -1.23606797749979
3.987669334932512 17.86363636363438 -0.3138363829113798
3.950753362380551 17.86363636363438 -0.6257378601609235
3.889479681590706 17.86363636363438 -0.9337814554236216
3.804226065180614 17.86363636363438 -1.23606797749979
3.987669334932512 17.272727272725 -0.3138363829113798
3.950753362380551 17.272727272725 -0.6257378601609235
3.889479681590706 17.272727272725 -0.9337814554236216
3.804226065180614 17.272727272725 -1.23606797749979
3.987669334932512 16.68181818181563 -0.3138363829113798
3.950753362380551 16.68181818181563 -0.6257378601609235
3.889479681590706 16.68181818181563 -0.9337814554236216
3.804226065180614 16.68181818181563 -1.23606797749979
3.987669334932512 16.09090909090625 -0.3138363829113798
3.950753362380551 16.09090909090625 -0.6257378601609235
3.889479681590706 16.09090909090625 -0.9337814554236216
3.804226065180614 16.09090909090625 -1.23606797749979
3.987669334932512 15.50000000000277 -0.3138363829113798
3.950753362380551 15.50000000000277 -0.6257378601609235
3.889479681590706 15.50000000000277 -0.9337814554236216
3.804226065180614 15.50000000000277 -1.23606797749979
3.987669334932512 14.90909090909374 -0.3138363829113798
3.950753362380551 14.90909090909374 -0.6257378601609235
3.889479681590706 14.90909090909374 -0.9337814554236216
3.804226065180614 14.90909090909374 -1.23606797749979
3.987669334932512 14.31818181818436 -0.3138363829113798
3.950753362380551 14.31818181818436 -0.6257378601609235
3.889479681590706 14.31818181818436 -0.9337814554236216
3.804226065180614 14.31818181818436 -1.23606797749979
3.987669334932512 13.72727272727498 -0.3138363829113798
3.950753362380551 13.72727272727498 -0.6257378601609235
3.889479681590706 13.72727272727498 -0.9337814554236216
3.804226065180614 13.72727272727498 -1.23606797749979
3.987669334932512 13.1363636363656 -0.3138363829113798
3.950753362380551 13.1363636363656 -0.6257378601609235
3.889479681590706 13.1363636363656 -0.9337814554236216
3.804226065180614 13.1363636363656 -1.23606797749979
3.987669334932512 12.54545454545623 -0.3138363829113798
3.950753362380551 12.54545454545623 -0.6257378601609235
3.889479681590706 12.54545454545623 -0.9337814554236216
3.804226065180614 12.54545454545623 -1.23606797749979
3.987669334932512 11.95454545454686 -0.3138363829113798
3.950753362380551 11.95454545454686 -0.6257378601609235
3.889479681590706 11.95454545454686 -0.9337814554236216
3.804226065180614 11.95454545454686 -1.23606797749979
3.987669334932512 11.36363636363748 -0.3138363829113798
3.950753362380551 11.36363636363748 -0.6257378601609235
3.889479681590706 11.36363636363748 -0.9337814554236216
3.804226065180614 11.36363636363748 -1.23606797749979
3.987669334932512 10.77272727272811 -0.3138363829113798
3.950753362380551 10.77272727272811 -0.6257378601609235
3.889479681590706 10.77272727272811 -0.9337814554236216
3.804226065180614 10.77272727272811 -1.23606797749979
3.987669334932512 10.18181818181874 -0.3138363829113798
3.950753362380551 10.18181818181874 -0.6257378601609235
3.889479681590706 10.18181818181874 -0.9337814554236216
3.804226065180614 10.18181818181874 -1.23606797749979
3.987669334932512 9.590909090909372 -0.3138363829113798
3.950753362380551 9.590909090909372 -0.6257378601609235
3.889479681590706 9.590909090909372 -0.9337814554236216
3.804226065180614 9.590909090909372 -1.23606797749979
2 94 0 24
1666
1667
1668
1669
1670
1671
1672
1673
1674
1675
1676
1677
1678
1679
1680
1681
1682
1683
1684
1685
1686
1687
1688
1689
3.418002287083431 9 -0.2690026139239155
3.38636002489605 9 -0.5363467372805437
3.333839727076208 9 -0.8003841046484487
3.260765198724734 9 -1.059486837856473
2.848335239239884 9 -0.2241688449368868
2.821966687417033 9 -0.4469556144010323
2.778199772567107 9 -0.6669867538745716
2.717304332274133 9 -0.8829056982148716
2.278668191396337 9 -0.179335075949858
2.257573349938015 9 -0.357564491521521
2.222559818058006 9 -0.5335894031006946
2.173843465823532 9 -0.7063245585732705
1.709001143549627 9 -0.1345013069625804
1.693180012455864 9 -0.2681733686415134
1.666919863545821 9 -0.400192052326077
1.630382599369915 9 -0.5297434189306889
1.139334095699752 9 -0.08966753797505365
1.128786674970576 9 -0.178782245761009
1.111279909030548 9 -0.2667947015507181
1.086921732913277 9 -0.3531622792871261
0.5696670478498762 9 -0.04483376898752685
0.5643933374852884 9 -0.08939112288050453
0.555639954515274 9 -0.1333973507753591
0.5434608664566387 9 -0.1765811396435631
2 96 0 129
1690
1691
1692
1693
1694
1695
1696
1697
1698
1699
1700
1701
1702
1703
1704
1705
1706
1707
1708
1709
1710
1711
1712
1713
1714
1715
1716
1717
1718
1719
1720
1721
1722
1723
1724
1725
1726
1727
1728
1729
1730
1731
1732
1733
1734
1735
1736
1737
1738
1739
1740
1741
1742
1743
1744
1745
1746
1747
1748
1749
1750
1751
1752
1753
1754
1755
1756
1757
1758
1759
1760
1761
1762
1763
1764
1765
1766
1767
1768
1769
1770
1771
1772
1773
1774
1775
1776
1777
1778
1779
1780
1781
1782
1783
1784
1785
1786
1787
1788
1789
1790
1791
1792
1793
1794
1795
1796
1797
1798
1799
1800
1801
1802
1803
1804
1805
1806
1807
1808
1809
1810
1811
1812
1813
1814
1815
1816
1817
1818
5.043935121442243 21.48547529669336 -2.089266335031361
12.55140882669995 20.49189409127206 -5.198963762908496
11.5407110251974 20.48459476128773 -4.780319026065468
10.50968650780621 20.48477987535871 -4.353254687822862
4.16830635220385 20.52272727272657 -1.726569023208758
9.495428528588226 20.48112522432469 -3.933135277085645
8.378487045784329 20.49299652724808 -3.470482966531156
7.318211240925708 20.49273134025268 -3.031302348302666
6.3146976491627 20.47238419714449 -2.615633408568691
4.148705885822375 9.365113788879222 -1.718450244204713
4.139302901110279 10.55165167545566 -1.714555400410176
4.177276922715405 11.65252915026758 -1.730284755176868
4.142925979560679 19.26379205299671 -1.716056128641873
4.168306352203849 12.84090909091092 -1.726569023208757
4.168306352203849 18.15909090908907 -1.726569023208757
4.168306352203851 14.02272727272967 -1.726569023208758
4.168306352203849 16.97727272727032 -1.726569023208757
4.168306352199133 15.7954545454545 -1.726569023206804
5.063623496211963 14.90095133226022 -2.097421526882064
13.07836192383625 21.48660233799928 -5.417234882476859
11.98796123355 21.50157907396819 -4.965576128139308
10.9153581353426 21.50423008591501 -4.521289377818403
9.846056746116323 21.50485335698249 -4.078370240136487
13.48455773891413 20.76107210032793 -5.585486698061311
8.776533133491382 21.50573761272074 -3.635359054508968
7.707104443076174 21.50570262082841 -3.192387186948091
6.646408960221464 21.50441574152814 -2.753032732401791
5.063215307957543 8.89999999999141 -2.097252449771081
5.083037876882474 19.69811806253646 -2.105463226660864
5.081791899326767 20.27993538020938 -2.104947125858877
5.516106518868689 20.59635798938737 -2.284846131610052
5.076077363149279 10.09970788328292 -2.10258008747149
5.076084072257503 11.30043158057726 -2.102582866475108
5.076226181739216 12.50043144967731 -2.102641730149775
5.07785965187681 18.50279148544184 -2.103318335634498
5.075904415298941 13.7007696126053 -2.102508450126297
5.076270391025335 17.30001126107321 -2.102660042235668
5.076352805415504 16.10001130378856 -2.102694179393811
4.237910332253258 8.754797664278314 -1.755399935740369
4.627262860702401 20.06726371975962 -1.91667503356826
5.068403984378588 20.87057396870846 -2.099401669915444
5.543413736162583 21.15752006041805 -2.296157151363852
4.588951088850423 21.0878041727681 -1.900805778068627
5.082818094105052 19.10333758372075 -2.105372189653679
4.590613443349411 18.80915774157435 -1.90149434784758
11.45389949658035 21.50258510297699 -4.744360513541945
11.18379842255741 21.00294181195436 -4.632480985470107
12.52471681742044 21.49951078672068 -5.187907570657933
12.27434424866195 20.99780171978537 -5.084199857031979
10.38089739985767 21.50578182875953 -4.299908492624645
10.16180397218706 21.00247226827874 -4.20915702345667
12.77457689546315 20.98952749178807 -5.291403003678822
9.311481358905214 21.50629793143543 -3.856941864642797
9.107600168852036 21.0031410060948 -3.772491510610004
5.076977413388245 9.499644220657562 -2.102952900487287
4.618428006341711 9.741921650689694 -1.913015517070471
5.080478341478209 16.70016242279734 -2.104403032383042
4.585278636907019 16.40088331500695 -1.899284598666506
5.078452940407713 15.50002434221836 -2.103564083790398
4.585278637931883 15.19999890952671 -1.899284599091018
4.605908903311585 14.50684079259383 -1.907829934806647
5.081752361638371 14.28480794071806 -2.104930748812119
5.08002042487708 10.7001597679119 -2.10421335711642
4.577466245248312 11.0102119174096 -1.896048600086899
5.080685273439812 17.90033091066109 -2.104488746408027
4.585278637931553 17.59999890953043 -1.899284599090882
5.080239865807005 11.90028018302504 -2.104304252525734
4.585278637931562 12.20000109045363 -1.899284599090886
5.080352032462391 13.10033639079581 -2.104350713475641
4.585278637931554 13.40000109045551 -1.899284599090882
7.173846863615386 21.5077140264224 -2.971504665297184
6.977265186750031 21.00517721395964 -2.890077868625509
8.241820231495952 21.50782597592234 -3.413873718526585
8.032475930788873 21.00675974193818 -3.327160469968202
6.049429413426768 21.45499983533387 -2.505755707660084
12.05284497033006 20.48685280403928 -4.992451851891056
11.73379182946279 21.00675964602439 -4.860295713826098
13.45814141507362 21.25 -5.574544698458532
11.00430327787761 20.49251581108259 -4.558131662163611
10.67958648454814 21.0056094528383 -4.423629562436244
0.8269755142893015 8.517049046178208 -0.342544473769094
9.991121929535273 20.48034167302706 -4.138458206536757
9.631188777944768 21.00519904228339 -3.989369013600278
1.339716184839287 8.508706033193228 -0.5549286134911728
4.726665478052917 8.540737109319517 -1.957848945810227
1.872123849280919 8.510093769742426 -0.7754590888142809
8.906660786169564 20.50228479330477 -3.689259693088046
5.961320745023331 20.8595285848844 -2.469259902244747
13.0760959362237 20.48818386959736 -5.416296279675569
2.406872822517476 8.512309510974063 -0.99695936599395
8.573929549430355 21.00312427620482 -3.551437902205493
7.834466003066487 20.50493063106654 -3.245142072421073
7.507228278037108 21.00383592907797 -3.109595768593787
2.94190052299154 8.514293406310562 -1.218575095775597
6.813115298827927 20.48845503398956 -2.82208475878615
3.393259351893347 8.591593218957689 -1.405534044203563
4.164729109157233 19.85456293698198 -1.725087280622944
4.706943237092406 20.56566090283443 -1.949679726123994
4.627691791605248 19.45001569145584 -1.91685270256554
6.449504053758492 20.98279290131858 -2.671472049647023
4.646672878714167 9.152610953101654 -1.92471492627464
4.106196727581958 21.12891684918891 -1.700842374336468
4.158933523192125 9.972038740156865 -1.722686670314297
4.058576407040846 18.7464081407314 -1.681117391723785
4.631762435209029 10.37282343718302 -1.918538818353814
4.699269148791958 11.61269078434662 -1.946501014671099
4.057016465832858 11.07015127589969 -1.680471242918932
4.699088368453714 12.80833582245864 -1.946426133003188
4.700548671760287 18.19427399125935 -1.947031010437949
4.064379634588222 12.23868786632704 -1.683521167279446
4.703430134076861 13.98302934182048 -1.948224551208941
4.69873387457225 15.79927448319901 -1.946279296829707
4.699122471909194 16.99566572713565 -1.946440259116971
4.06258552048591 13.42545476354734 -1.682778020885823
4.06258552048591 17.57454523644984 -1.682778020885823
4.062585520280058 16.38926757209073 -1.682778020800557
4.048592093273201 15.20363614554335 -1.676981753550238
4.133187041135136 14.69341264127861 -1.712022128262897
4.477612555613447 21.56715332161309 -1.854687847587144
5.567589814344348 21.62356396227328 -2.306171210831731
0.3952485393177753 8.587600399520415 -0.163717305493578
5.881322092925036 20.38565415428326 -2.436123375574066
5.137481140347511 8.43923048453583 -2.128014364767933
4.082390438115472 21.57788845024561 -1.69098148636967
13.51418948691228 20.35507658701656 -5.597760569958967
3.835324820789258 8.443672688477879 -1.588643556877071
13.17434678190217 20.99507715994253 -5.45699311247022
13.51524093556646 21.64732046759985 -5.598196094251665
0.2532042759782789 8.249999999999998 -0.1048806451610632
3 1 0 692
1819
1820
1821
1822
1823
1824
1825
1826
1827
1828
1829
1830
1831
1832
1833
1834
1835
1836
1837
1838
1839
1840
1841
1842
1843
1844
1845
1846
1847
1848
1849
1850
1851
1852
1853
1854
1855
1856
1857
1858
1859
1860
1861
1862
1863
1864
1865
1866
1867
1868
1869
1870
1871
1872
1873
1874
1875
1876
1877
1878
1879
1880
1881
1882
1883
1884
1885
1886
1887
1888
1889
1890
1891
1892
1893
1894
1895
1896
1897
1898
1899
1900
1901
1902
1903
1904
1905
1906
1907
1908
1909
1910
1911
1912
1913
1914
1915
1916
1917
1918
1919
1920
1921
1922
1923
1924
1925
1926
1927
1928
1929
1930
1931
1932
1933
1934
1935
1936
1937
1938
1939
1940
1941
1942
1943
1944
1945
1946
1947
1948
1949
1950
1951
1952
1953
1954
1955
1956
1957
1958
1959
1960
1961
1962
1963
1964
1965
1966
1967
1968
1969
1970
1971
1972
1973
1974
1975
1976
1977
1978
1979
1980
1981
1982
1983
1984
1985
1986
1987
1988
1989
1990
1991
1992
1993
1994
1995
1996
1997
1998
1999
2000
2001
2002
2003
2004
2005
2006
2007
2008
2009
2010
2011
2012
2013
2014
2015
2016
2017
2018
2019
2020
2021
2022
2023
2024
2025
2026
2027
2028
2029
2030
2031
2032
2033
2034
2035
2036
2037
2038
2039
2040
2041
2042
2043
2044
2045
2046
2047
2048
2049
2050
2051
2052
2053
2054
2055
2056
2057
2058
2059
2060
2061
2062
2063
2064
2065
2066
2067
2068
2069
2070
2071
2072
2073
2074
2075
2076
2077
2078
2079
2080
2081
2082
2083
2084
2085
2086
2087
2088
2089
2090
2091
2092
2093
2094
2095
2096
2097
2098
2099
2100
2101
2102
2103
2104
2105
2106
2107
2108
2109
2110
2111
2112
2113
2114
2115
2116
2117
2118
2119
2120
2121
2122
2123
2124
2125
2126
2127
2128
2129
2130
2131
2132
2133
2134
2135
2136
2137
2138
2139
2140
2141
2142
2143
2144
2145
2146
2147
2148
2149
2150
2151
2152
2153
2154
2155
2156
2157
2158
2159
2160
2161
2162
2163
2164
2165
2166
2167
2168
2169
2170
2171
2172
2173
2174
2175
2176
2177
2178
2179
2180
2181
2182
2183
2184
2185
2186
2187
2188
2189
2190
2191
2192
2193
2194
2195
2196
2197
2198
2199
2200
2201
2202
2203
2204
2205
2206
2207
2208
2209
2210
2211
2212
2213
2214
2215
2216
2217
2218
2219
2220
2221
2222
2223
2224
2225
2226
2227
2228
2229
2230
2231
2232
2233
2234
2235
2236
2237
2238
2239
2240
2241
2242
2243
2244
2245
2246
2247
2248
2249
2250
2251
2252
2253
2254
2255
2256
2257
2258
2259
2260
2261
2262
2263
2264
2265
2266
2267
2268
2269
2270
2271
2272
2273
2274
2275
2276
2277
2278
2279
2280
2281
2282
2283
2284
2285
2286
2287
2288
2289
2290
2291
2292
2293
2294
2295
2296
2297
2298
2299
2300
2301
2302
2303
2304
2305
2306
2307
2308
2309
2310
2311
2312
2313
2314
2315
2316
2317
2318
2319
2320
2321
2322
2323
2324
2325
2326
2327
2328
2329
2330
2331
2332
2333
2334
2335
2336
2337
2338
2339
2340
2341
2342
2343
2344
2345
2346
2347
2348
2349
2350
2351
2352
2353
2354
2355
2356
2357
2358
2359
2360
2361
2362
2363
2364
2365
2366
2367
2368
2369
2370
2371
2372
2373
2374
2375
2376
2377
2378
2379
2380
2381
2382
2383
2384
2385
2386
2387
2388
2389
2390
2391
2392
2393
2394
2395
2396
2397
2398
2399
2400
2401
2402
2403
2404
2405
2406
2407
2408
2409
2410
2411
2412
2413
2414
2415
2416
2417
2418
2419
2420
2421
2422
2423
2424
2425
2426
2427
2428
2429
2430
2431
2432
2433
2434
2435
2436
2437
2438
2439
2440
2441
2442
2443
2444
2445
2446
2447
2448
2449
2450
2451
2452
2453
2454
2455
2456
2457
2458
2459
2460
2461
2462
2463
2464
2465
2466
2467
2468
2469
2470
2471
2472
2473
2474
2475
2476
2477
2478
2479
2480
2481
2482
2483
2484
2485
2486
2487
2488
2489
2490
2491
2492
2493
2494
2495
2496
2497
2498
2499
2500
2501
2502
2503
2504
2505
2506
2507
2508
2509
2510
11.3901880230496 19.49225570734221 -0.8964272384673302
11.28474300414166 19.49225570734221 -1.787327704917203
11.10972379205534 19.49225570734221 -2.667208701719488
10.86620943843296 19.49225570734221 -3.530645469938777
10.49632653317242 18.51250674891785 -0.8260788135491992
10.39915646473153 18.51250674891785 -1.647064576513787
10.23787213861514 18.51250674891785 -2.457895638659616
10.01346792632624 18.51250674891785 -3.253572956859871
11.44499456290722 1.499999999996459 -0.9007406066992762
11.33904217075664 1.499999999996459 -1.795927848031605
11.16318081300919 1.499999999996459 -2.680042596974208
10.91849473341523 1.499999999996459 -3.547633992101865
10.43421043934839 0.496975271856145 -0.8211901709439701
10.33761541257271 0.496975271856145 -1.637317431410628
10.17728554917256 0.496975271856145 -2.443350085449345
9.954209336070891 0.496975271856145 -3.234318673714914
13.53924346830507 19.5174296527111 -1.065561570069676
13.41390350195635 19.5174296527111 -2.124553598724694
13.20586235994251 19.5174296527111 -3.170447047957811
12.91640268508478 19.5174296527111 -4.196793636859642
12.4276750211716 19.49375461367515 -0.9780792360278813
12.31262543419926 19.49375461367515 -1.9501282883213
12.12166441706164 19.49375461367515 -2.910154151233757
11.85596930793039 19.49375461367515 -3.852237946079403
1.472062426535277 1.504287836502415 -0.1158538255207158
1.4584347629633 1.504287836502415 -0.23099337368179
1.435815364098882 1.504287836502415 -0.3447087708810245
1.404343686057736 1.504287836502415 -0.4562989238804794
2.638898824587691 1.490573291891508 -0.2076858416325306
2.614469136869481 1.490573291891508 -0.4140912309888463
2.57392037752326 1.490573291891508 -0.6179436102068082
2.517502543134229 1.490573291891508 -0.8179861615807428
3.811742746626664 1.490573291891507 -0.2999906601358776
3.776455419922584 1.490573291891507 -0.5981317780950001
3.71788498975582 1.490573291891507 -0.8925852147431672
3.636392562304997 1.490573291891507 -1.181535566727739
5.00217963100383 1.516544058750898 -0.3936800748033416
4.95587179791936 1.516544058750898 -0.7849329810336113
4.879009367206113 1.516544058750898 -1.171346514419106
4.772066221308788 1.516544058750898 -1.550538307030964
6.198658872595028 1.517344798129743 -0.4878450332967939
6.141274595820846 1.517344798129743 -0.9726823397383775
6.046027318982393 1.517344798129743 -1.451522736105774
5.913504273214313 1.517344798129743 -1.921414012124788
7.37932102920108 1.518024640993506 -0.5807651602049251
7.311006735892027 1.518024640993506 -1.157949710073174
7.197617654899757 1.518024640993506 -1.727995114921469
7.039852867614283 1.518024640993506 -2.287386855269587
8.559983290009981 1.518607947965781 -0.6736852953139985
8.480738979201398 1.518607947965781 -1.343217096759292
8.34920809245415 1.518607947965781 -2.004467518138055
8.166201561423497 1.518607947965781 -2.653359730714408
11.47761268957451 2.73295804981364 -0.9033077089414139
11.37135833410461 2.73295804981364 -1.80104622547691
11.19499577314458 2.73295804981364 -2.687680693123695
10.94961234052926 2.73295804981364 -3.557744715552849
11.48450334674075 3.966666666656938 -0.9038500154215399
11.3781852007984 3.966666666656938 -1.802127494937376
11.2017167594626 3.966666666656938 -2.689294259178721
10.95618600935591 3.966666666656938 -3.559880630031139
11.44499456290808 16.50000000000609 -0.9007406066993439
11.33904217075749 16.50000000000609 -1.79592784803174
11.16318081301003 16.50000000000609 -2.680042596974408
10.91849473341605 16.50000000000609 -3.547633992102131
10.44768305070344 15.43334620501459 -0.8222504884529975
10.35096330081027 15.43334620501459 -1.639431529218649
10.19042642012301 15.43334620501459 -2.446504929440362
9.967062171895053 15.43334620501459 -3.238494813226632
11.48450334674216 5.166666666655708 -0.903850015421651
11.3781852007998 5.166666666655708 -1.802127494937598
11.20171675946398 5.166666666655708 -2.689294259179051
10.95618600935725 5.166666666655708 -3.559880630031577
10.44767641456357 14.23333333334709 -0.8222499661774626
10.35095672610466 14.23333333334709 -1.639430487887581
10.19041994738693 14.23333333334709 -2.446503375473914
9.967055841035053 14.23333333334709 -3.238492756205524
11.48450334674273 6.366666666654806 -0.9038500154216953
11.37818520080036 6.366666666654806 -1.802127494937686
11.20171675946453 6.366666666654806 -2.689294259179183
10.95618600935779 6.366666666654806 -3.559880630031751
10.44767799538601 13.03333333334781 -0.8222500905908875
10.3509582922926 13.03333333334781 -1.639430735947381
10.19042148928428 13.03333333334781 -2.446503745650718
9.967057349135514 13.03333333334781 -3.238493246217068
11.48450334674295 7.566666666653984 -0.9038500154217134
11.37818520080059 7.566666666653984 -1.802127494937722
11.20171675946476 7.566666666653984 -2.689294259179237
10.95618600935801 7.566666666653984 -3.559880630031822
10.44767799538567 11.83333333334851 -0.82225009059086
10.35095829229225 11.83333333334851 -1.639430735947326
10.19042148928394 11.83333333334851 -2.446503745650636
9.967057349135182 11.83333333334851 -3.23849324621696
11.4845033467433 8.766666666653913 -0.9038500154217407
11.37818520080093 8.766666666653913 -1.802127494937777
11.20171675946509 8.766666666653913 -2.689294259179318
10.95618600935834 8.766666666653913 -3.55988063003193
10.46401230173889 10.68307987092777 -0.8235356283806552
10.36714138329778 10.68307987092777 -1.641993885758958
10.20635359080429 10.68307987092777 -2.450328704813181
9.982640234466531 10.68307987092777 -3.243556432585254
9.691056089055873 1.509393746090524 -0.7627026551418088
9.601340836728124 1.509393746090524 -1.520702994790299
9.452430125372128 1.509393746090524 -2.269327694790846
9.245242039041234 1.509393746090524 -3.003961234924973
11.45910961878983 17.69986694553839 -0.9018514856891625
11.35302655607161 17.69986694553839 -1.798142757073
11.17694830937079 17.69986694553839 -2.683347880416339
10.93196045963022 17.69986694553839 -3.552009271773195
10.4737510287558 9.500000000025235 -0.8243020828191846
10.37678995374726 9.500000000025235 -1.643522069189531
10.21585251804106 9.500000000025235 -2.452609195476777
9.991930954445452 9.500000000025235 -3.24657517049859
0.8614535077697232 0.5176790313652218 -0.06779786141153192
0.8534785752022124 0.5176790313652218 -0.1351777264623851
0.8402416634081538 0.5176790313652218 -0.2017241758784421
0.8218243823504777 0.5176790313652218 -0.2670269286701131
14.08746937879901 18.51479365310736 -1.108707884951029
13.95705419407981 18.51479365310736 -2.210580217108552
13.74058912906261 18.51479365310736 -3.298823587135084
13.4394087628552 18.51479365310736 -4.366728612776769
2.079825947616426 0.5112317602845788 -0.1636858519755422
2.060571894397301 0.5112317602845788 -0.326362526242586
2.028613730239529 0.5112317602845788 -0.4870270670087914
1.984148487852312 0.5112317602845788 -0.6446889239539537
3.268705954976316 0.5133460347784641 -0.2572527377644305
3.238445808214077 0.5133460347784641 -0.5129194268553272
3.188219566151689 0.5133460347784641 -0.7654237971166434
3.118336890273387 0.5133460347784641 -1.013209075139494
4.457187795972976 0.5151463877681901 -0.3507882871809324
4.415925241705081 0.5151463877681901 -0.6994138479224519
4.34743703987792 0.5151463877681901 -1.043727289712824
4.252145443030395 0.5151463877681901 -1.381605805687573
12.84772443551335 18.58162252920651 -1.011137841887258
12.72878622805924 18.58162252920651 -2.016041682741829
12.53137082075821 18.58162252920651 -3.008515956220407
12.25669534524355 18.58162252920651 -3.982441728395811
14.52208213775395 19.25 -1.14291265088854
14.38764351193853 19.25 -2.278778865227329
14.16450027949503 19.25 -3.400595650091124
13.85402819265414 19.25 -4.501446631959303
5.68298843912038 0.508069802295952 -0.4472608900233482
5.630377997378417 0.508069802295952 -0.891764267930364
5.54305440299194 0.508069802295952 -1.330769622583878
5.421556034958384 0.508069802295952 -1.761570339988358
0.4139460107822136 1.23573737850668 -0.03257825758180212
0.4101138927482121 1.23573737850668 -0.06495565937224247
0.4037532861887095 1.23573737850668 -0.09693258792270432
0.3949034063582616 1.23573737850668 -0.1283118948352663
10.30896283267937 1.516024724962352 -0.8113329705234199
10.21352728950718 1.516024724962352 -1.617663803487973
10.05512195425271 1.516024724962352 -2.414021201176221
9.834723448482913 1.516024724962352 -3.195495355415709
10.59733603552077 1.984046258363431 -0.8340284337895201
10.49923086847893 1.984046258363431 -1.66291480494213
10.33639445178436 1.984046258363431 -2.481548753346985
10.1098307260946 1.984046258363431 -3.284883128488759
6.87928851468747 0.5074092542286498 -0.5414117478448982
6.815603287890821 0.5074092542286498 -1.079485512226657
6.709897600406244 0.5074092542286498 -1.610903889460179
6.562823162947792 0.5074092542286498 -2.132390508535278
11.46103054348826 18.29979972921696 -0.9020026657416104
11.35492969775007 18.29979972921696 -1.7984441851026
11.17882193452796 18.29979972921696 -2.683797698019054
10.93379301674397 18.29979972921696 -3.552604705673923
8.075588694459924 0.5068436568115529 -0.6355626138675882
8.000828681643904 0.5068436568115529 -1.267206772874667
7.87674089946003 0.5068436568115529 -1.891038180737961
7.704090390348844 0.5068436568115529 -2.503210709382999
9.255153475511248 0.505987188739248 -0.7283963754465347
9.169473605148591 0.505987188739248 -1.452301945022068
9.027260880850804 0.505987188739248 -2.167253590167136
8.829392091353713 0.505987188739248 -2.868843396243874
11.94387427272367 18.61738816237743 -0.9400032913620011
11.83330348618592 18.61738816237743 -1.874211149849942
11.64977644868313 18.61738816237743 -2.796863873360606
11.39442466543042 18.61738816237743 -3.702273001040387
10.44812333175388 17.23333333334223 -0.8222851393231495
10.35139950594522 17.23333333334223 -1.639500617324816
10.19085585999278 17.23333333334223 -2.446608028831395
9.967482198860029 17.23333333334223 -3.238631288260502
10.4737510287544 3.499999999994651 -0.8243020828190745
10.37678995374588 3.499999999994651 -1.643522069189312
10.2158525180397 3.499999999994651 -2.452609195476449
9.991930954444117 3.499999999994651 -3.246575170498156
10.4737510287561 4.699999999996865 -0.8243020828192081
10.37678995374756 4.699999999996865 -1.643522069189578
10.21585251804135 4.699999999996865 -2.452609195476847
9.991930954445737 4.699999999996865 -3.246575170498683
11.45841910734834 14.70001208063952 -0.901797141260135
11.35234243706121 14.70001208063952 -1.798034403266421
11.17627480061266 14.70001208063952 -2.683186185269458
10.93130171352983 14.70001208063952 -3.551795232190361
10.47375102875659 5.900000000003459 -0.824302082819247
10.37678995374805 5.900000000003459 -1.643522069189655
10.21585251804184 5.900000000003459 -2.452609195476962
9.991930954446209 5.900000000003459 -3.246575170498835
11.45843031337239 13.49999999999429 -0.9017980231933546
11.35235353934514 13.49999999999429 -1.798036161695449
11.17628573070721 13.49999999999429 -2.683188809352994
10.93131240404732 13.49999999999429 -3.551798705750058
10.47375102875642 7.100000000010425 -0.824302082819234
10.37678995374789 7.100000000010425 -1.64352206918963
10.21585251804168 7.100000000010425 -2.452609195476924
9.991930954446051 7.100000000010425 -3.246575170498785
11.45843031337259 12.29999999998732 -0.9017980231933704
11.35235353934534 12.29999999998732 -1.798036161695481
11.1762857307074 12.29999999998732 -2.683188809353041
10.93131240404752 12.29999999998732 -3.55179870575012
10.4737510287562 8.300000000017928 -0.824302082819216
10.37678995374766 8.300000000017928 -1.643522069189594
10.21585251804145 8.300000000017928 -2.452609195476871
9.991930954445833 8.300000000017928 -3.246575170498714
11.46172810304128 11.11641320421856 -0.9020575648690448
11.35562079962389 11.11641320421856 -1.798553644886092
11.17950231784971 11.11641320421856 -2.68396104360264
10.93445848672423 11.11641320421856 -3.552820929977762
11.48450334674278 9.966666666658663 -0.9038500154216994
11.37818520080041 9.966666666658663 -1.802127494937694
11.20171675946458 9.966666666658663 -2.689294259179195
10.95618600935784 9.966666666658663 -3.559880630031767
10.03104074665494 0.9926149708895036 -0.7894600279890386
9.938178075814307 0.9926149708895036 -1.574052772383426
9.784043232356716 0.9926149708895036 -2.348940958010407
9.569586508847117 0.9926149708895036 -3.109347141529124
10.97258291219412 18.07030924054936 -0.8635610034643194
10.8710038855526 18.07030924054936 -1.721797866179108
10.70240150498102 18.07030924054936 -2.569419272493011
10.4678152602216 18.07030924054936 -3.401199354573384
11.44891010665158 18.89159849256312 -0.9010487666751038
11.34292146623334 18.89159849256312 -1.796542268074536
11.16699994307162 18.89159849256312 -2.680959488980361
10.92223015185657 18.89159849256312 -3.548847703127126
11.92638660094916 19.17140967398019 -0.9386269817449585
11.81597770707527 19.17140967398019 -1.871467016022315
11.63271938142596 19.17140967398019 -2.79276883381996
11.37774147251843 19.17140967398019 -3.696852303067228
10.91189663633846 19.13054969211196 -0.85878488997365
10.81087941477796 19.13054969211196 -1.712275085525658
10.64320952664314 19.13054969211196 -2.555208535786154
10.40992071255025 19.13054969211196 -3.382388275730468
13.46219434200274 18.5194278593606 -1.059497672320337
13.33756766033056 18.5194278593606 -2.112463189172091
13.13071043884113 18.5194278593606 -3.152404667997305
12.84289802109195 18.5194278593606 -4.172910523763389
13.22908844984609 19.05830909081616 -1.041151840736733
13.10661975320069 19.05830909081616 -2.075884634157204
12.90334438738348 19.05830909081616 -3.097818908506406
12.62051561262063 19.05830909081616 -4.100654099155347
1.489742180386396 0.5162456766069281 -0.117245252325038
1.475950845944777 0.5162456766069281 -0.2337676486814894
1.453059783734448 0.5162456766069281 -0.348848789748188
1.421210124765985 0.5162456766069281 -0.4617791620220948
7.477244223223671 0.5034669135466179 -0.5884718827122213
7.408023402908713 0.5034669135466179 -1.173315640580763
7.293129654897063 0.5034669135466179 -1.750925517358082
7.133271337351264 0.5034669135466179 -2.31774035607907
7.733814949497948 1.003032925004816 -0.6086644367912388
7.662218917726562 1.003032925004816 -1.213576254928196
7.543382758381045 1.003032925004816 -1.811005971898464
7.3780391359008 1.003032925004816 -2.397270234831383
6.280944371925593 0.5043318191960389 -0.4943210425410253
6.222798334589144 0.5043318191960389 -0.9855944314763581
6.126286676229523 0.5043318191960389 -1.470791302998233
5.992004423313904 0.5043318191960389 -1.946920257049384
6.544031676677142 1.003761856694239 -0.5150264624688607
6.48345010045689 1.003761856694239 -1.026877615532923
6.382895898401385 1.003761856694239 -1.532397726625767
6.242989020603964 1.003761856694239 -2.028470096160009
8.670754962971998 0.5026643052144757 -0.6824032150439275
8.590485179965212 0.5026643052144757 -1.360599187345013
8.457252199197736 0.5026643052144757 -2.030406613210975
8.271877446300472 0.5026643052144757 -2.687695907127778
8.923358882930037 1.020192418568818 -0.7022835746952145
8.840750611299331 1.020192418568818 -1.400237337619447
8.703636172302062 1.020192418568818 -2.08955817173109
8.512860922049828 1.020192418568818 -2.765996184865409
5.063910691748698 0.5145471644867734 -0.3985384146480569
5.017031381454697 0.5145471644867734 -0.7946197074423373
4.939220404361797 0.5145471644867734 -1.185801905502369
4.830957491018554 0.5145471644867734 -1.569673240495832
5.332339621463533 1.014309353025999 -0.4196642295777199
5.282975322026952 1.014309353025999 -0.8367410896275757
5.201039722962511 1.014309353025999 -1.24865916261523
5.087037984484794 1.014309353025999 -1.652878836644055
2.66828052565076 0.5101504288596513 -0.2099982316556049
2.64357883592364 0.5101504288596513 -0.4187017543815548
2.602578603593882 0.5101504288596513 -0.6248238415592804
2.545532608727761 0.5101504288596513 -0.8270936819787815
3.854222407881672 0.5126982518844383 -0.3033338819819784
3.818541824395951 0.5126982518844383 -0.6047976097127864
3.759318660768817 0.5126982518844383 -0.9025325590641013
3.676918047497736 0.5126982518844383 -1.194703095066255
11.06043521552835 0.5061190203896084 -0.870475129685198
10.95804289346384 0.5061190203896084 -1.735583490733533
10.78809059304209 0.5061190203896084 -2.589991402421419
10.55162612671009 0.5061190203896084 -3.428431155853839
10.76670599714078 1.036811165075356 -0.8473581388538345
10.66703288242596 1.036811165075356 -1.689492033006461
10.50159396284261 1.036811165075356 -2.521209646962491
10.27140922434397 1.036811165075356 -3.337383165057713
11.47470003495441 2.134806826632494 -0.9030784780514211
11.36847264347499 2.134806826632494 -1.800589176981588
11.19215483774777 2.134806826632494 -2.686998644879002
10.94683367567669 2.134806826632494 -3.556841872613018
11.46085920551468 17.09997782426066 -0.9019891811506461
11.3547599459431 17.09997782426066 -1.798417299057659
11.17865481546393 17.09997782426066 -2.683757576281543
10.93362956076749 17.09997782426066 -3.552551595607697
10.94924911210798 16.85558650629904 -0.8617245935708358
10.84788609884449 16.85558650629904 -1.718136368469802
10.67964226049345 16.85558650629904 -2.563955261318832
10.44555487626504 16.85558650629904 -3.393966517380189
10.943372632042 16.27595866058126 -0.861262104559523
10.842064020475 16.27595866058126 -1.717214241845724
10.67391047886962 16.27595866058126 -2.562579182299265
10.4399487297266 16.27595866058126 -3.392144969949882
11.46114872283058 15.91268647681522 -0.9020119666575623
11.35504678304346 15.91268647681522 -1.798462729591265
11.17893720390265 15.91268647681522 -2.683825371747491
10.93390575952595 15.91268647681522 -3.552641338024396
11.46335230920763 15.30212929791375 -0.9021853926665718
11.35722996965128 15.30212929791375 -1.798808512380268
11.18108653066982 15.30212929791375 -2.68434137945061
10.93600797513822 15.30212929791375 -3.55332438928255
10.96519637210457 15.05592834280373 -0.8629796701517438
10.86368572658704 15.05592834280373 -1.720638783667142
10.69519684602301 15.05592834280373 -2.567689586910774
10.46076852038939 15.05592834280373 -3.39890973000767
10.46927244526697 5.299999999999914 -0.823949610654457
10.37235283088399 5.299999999999914 -1.64281929796818
10.21148421214129 5.299999999999914 -2.451560458017078
9.987658397567667 5.299999999999914 -3.245186932615722
10.96705122051621 5.544444444440565 -0.8631256498876404
10.86552340368197 5.544444444440565 -1.720929843125319
10.69700602191086 5.544444444440565 -2.568123931612887
10.4625380408992 5.544444444440565 -3.399484682074195
10.46927244526623 4.099999999994404 -0.8239496106543993
10.37235283088326 4.099999999994404 -1.642819297968065
10.21148421214058 4.099999999994404 -2.451560458016906
9.987658397566967 4.099999999994404 -3.245186932615495
10.96705122051554 4.344444444437381 -0.8631256498875881
10.86552340368131 4.344444444437381 -1.720929843125215
10.69700602191021 4.344444444437381 -2.568123931612731
10.46253804089857 4.344444444437381 -3.399484682073989
10.46927244526693 6.500000000006938 -0.8239496106544538
10.37235283088395 6.500000000006938 -1.642819297968174
10.21148421214125 6.500000000006938 -2.451560458017068
9.987658397567628 6.500000000006938 -3.245186932615709
10.96705122051614 6.74444444444438 -0.863125649887635
10.8655234036819 6.74444444444438 -1.720929843125309
10.69700602191079 6.74444444444438 -2.568123931612871
10.46253804089914 6.74444444444438 -3.399484682074173
10.46927244526666 7.700000000014191 -0.8239496106544328
10.37235283088368 7.700000000014191 -1.642819297968132
10.21148421214099 7.700000000014191 -2.451560458017006
9.987658397567373 7.700000000014191 -3.245186932615627
10.96705122051585 7.944444444448386 -0.863125649887612
10.86552340368161 7.944444444448386 -1.720929843125263
10.6970060219105 7.944444444448386 -2.568123931612802
10.46253804089886 7.944444444448386 -3.399484682074083
11.46290702919121 14.1000020134374 -0.9021503483692649
11.35678881182842 14.1000020134374 -1.7987386398454
11.18065221492521 14.1000020134374 -2.684237109465594
10.93558317917283 14.1000020134374 -3.553186364706516
10.96512954686378 13.8555558911324 -0.8629744108912347
10.86361951998299 13.8555558911324 -1.720628297571213
10.69513166624142 13.8555558911324 -2.567673938629695
10.46070476928531 13.8555558911324 -3.398889016018297
11.46290889686213 12.89999999999072 -0.9021504953581537
11.35679066220932 12.89999999999072 -1.798738932916943
11.18065403660786 12.89999999999072 -2.684237546812906
10.93558496092598 12.89999999999072 -3.553186943633207
10.96513012161291 12.65555555555534 -0.862974456124972
10.86362008941136 12.65555555555534 -1.720628387759807
10.69513222683832 12.65555555555534 -2.567674073217102
10.46070531759447 12.65555555555534 -3.398889194174741
10.46764932409604 10.09717997851169 -0.8238218682479224
10.37074473580765 10.09717997851169 -1.642564600729526
10.20990105760043 10.09717997851169 -2.451180376239475
9.986109944236476 10.09717997851169 -3.244683809629721
10.96885460260317 10.32423429025165 -0.8632675791359412
10.86731009090333 10.32423429025165 -1.721212826580909
10.69876499874576 10.32423429025165 -2.56854622458866
10.46425846267053 10.32423429025165 -3.400043680993529
10.46927244526635 8.900000000021672 -0.8239496106544084
10.37235283088338 8.900000000021672 -1.642819297968084
10.21148421214069 8.900000000021672 -2.451560458016933
9.987658397567078 8.900000000021672 -3.24518693261553
10.96705122051541 9.144444444452969 -0.8631256498875773
10.86552340368118 9.144444444452969 -1.720929843125194
10.69700602191008 9.144444444452969 -2.568123931612699
10.46253804089844 9.144444444452969 -3.399484682073947
11.46345852847372 11.70273553402345 -0.9021937523041104
11.35733520558921 11.70273553402345 -1.7988251801154
11.18119013446505 11.70273553402345 -2.684366252521205
10.9361093080389 11.70273553402345 -3.553357314337857
10.94744703292552 11.45368586868746 -0.8615827668633435
10.84610070246596 11.45368586868746 -1.717853589463631
10.67788455448122 11.45368586868746 -2.563533273440589
10.44383569746118 11.45368586868746 -3.393407922325469
10.48718677922086 2.899999999996577 -0.8253594993132547
10.39010132233567 2.899999999996577 -1.645630382853359
10.22895743573898 2.899999999996577 -2.455755407855539
10.00474862507744 2.899999999996577 -3.25073988414675
10.98385980543469 3.13236339985519 -0.8644485142100313
10.88217638260423 3.13236339985519 -1.723567415871657
10.71340072368415 3.13236339985519 -2.572059951270107
10.47857338673531 3.13236339985519 -3.404694881772253
2.052737498199024 1.494085934540063 -0.1615539447711604
2.033734217140572 1.494085934540063 -0.3221118557506684
2.002192288348193 1.494085934540063 -0.4806838400264121
1.958306178301651 1.494085934540063 -0.636292248584796
3.225320785607176 1.490573291891508 -0.253838250884204
3.195462278396032 1.490573291891508 -0.506111504541923
3.145902683639539 1.490573291891508 -0.7552644124749874
3.076947552719612 1.490573291891508 -0.9997608641542408
4.401096868035849 1.510014787020895 -0.3463738354149039
4.360353577273081 1.510014787020895 -0.6906121609534867
4.292727256741722 1.510014787020895 -1.030592632867943
4.198634845195885 1.510014787020895 -1.364219158493942
14.54564502990938 18.76818053146602 -1.144767090718896
14.41098826988898 18.76818053146602 -2.282476311649824
14.18748297504483 18.76818053146602 -3.406113307119036
13.8765071298427 18.76818053146602 -4.508750481402249
12.3821576586176 18.91576759187717 -0.9744969419047261
12.26752945004089 18.91576759187717 -1.942985786109493
12.07726784303718 18.91576759187717 -2.899495476834557
11.81254586368206 18.91576759187717 -3.838128813764849
0.4021607801053186 0.7662843242629702 -0.03165073981220863
0.3984377642098458 0.7662843242629702 -0.06310634228853598
0.3922582470040178 0.7662843242629702 -0.09417287317966623
0.3836603272663066 0.7662843242629702 -0.1246587969919857
13.76455028638985 19.02476737350735 -1.083293601212172
13.63712453518446 19.02476737350735 -2.159908337141193
13.42562137641558 19.02476737350735 -3.223206519929333
13.13134479738896 19.02476737350735 -4.266632562697176
0.8504931139719401 1.486183675116248 -0.06693525971217643
0.842619647589966 1.486183675116248 -0.1334578412899948
0.8295511508811335 1.486183675116248 -0.1991576108970246
0.8113681954733688 1.486183675116248 -0.2636295076062484
1.1988624466521 1.006207620862822 -0.09435252079945837
1.187763940367618 1.006207620862822 -0.1881233269327911
1.169342474419179 1.006207620862822 -0.2807342901982289
1.143711623270115 1.006207620862822 -0.37161443321097
11.45378414979244 0.880456811036599 -0.901432362189426
11.34775038776864 0.880456811036599 -1.797307094109276
11.17175397109433 0.880456811036599 -2.682100830128685
10.92687997620304 0.880456811036599 -3.550358522641319
10.93467934034218 2.450960699647522 -0.8605779276648223
10.83345120719272 2.450960699647522 -1.715850106234391
10.66543124486282 2.450960699647522 -2.560543498320964
10.43165535229257 2.450960699647522 -3.389450288273272
14.10437408913552 19.5143446077792 -1.110038314507888
13.97380240853605 19.5143446077792 -2.213232873681639
13.75707758932712 19.5143446077792 -3.302782116214528
13.45553581208747 19.5143446077792 -4.371968608714452
12.99650829329418 19.54440040079738 -1.022847385442561
12.87619271466191 19.54440040079738 -2.039388576622598
12.67649112617517 19.54440040079738 -3.043356259062237
12.39863475453451 19.54440040079738 -4.028560638146106
1.773153057244529 1.00812549236029 -0.1395501720664348
1.756738037819962 1.00812549236029 -0.2782399709169388
1.729492144217559 1.00812549236029 -0.4152143278225606
1.691583356431556 1.00812549236029 -0.5496287503243813
2.357500943065977 1.00563292677767 -0.18553934805994
2.335676304963952 1.00563292677767 -0.3699347843409965
2.299451445750637 1.00563292677767 -0.5520494496607917
2.249049703729071 1.00563292677767 -0.7307605465483579
2.946206466667473 1.005469095835591 -0.2318714775844585
2.918931868921081 1.005469095835591 -0.4623133904045182
2.873661085559448 1.005469095835591 -0.6899049874379314
2.810673226016061 1.005469095835591 -0.9132430908071012
3.530431943759085 1.010941797164539 -0.2778510198019954
3.497748860537848 1.010941797164539 -0.5539889956720715
3.44350099247187 1.010941797164539 -0.8267114451637945
3.368022795707025 1.010941797164539 -1.09433694368663
4.124342908405356 1.011197899877884 -0.3245928264215125
4.086161676007825 1.011197899877884 -0.6471844301300685
4.022787898091064 1.011197899877884 -0.9657859266162109
3.934612295069851 1.011197899877884 -1.278433031708354
10.90047164861784 1.571022619545733 -0.8578857239395868
10.79956019423553 1.571022619545733 -1.710482297115134
10.63206586003756 1.571022619545733 -2.552533178135885
10.3990213042918 1.571022619545733 -3.378846843310013
4.730176252771707 1.01362660848844 -0.3722729446744111
4.686386499397832 1.01362660848844 -0.7422507028515885
4.613703614873521 1.01362660848844 -1.10765223862228
4.512575713351377 1.01362660848844 -1.46622473001012
5.609628338916652 1.503742692538982 -0.4414873249244897
5.557697030577704 1.503742692538982 -0.8802527336813869
5.471500671923441 1.503742692538982 -1.313591091621401
5.351570692168168 1.503742692538982 -1.738830723668205
5.941431886783055 1.008593386980158 -0.4676008304720396
5.886428896808326 1.008593386980158 -0.9323187463311642
5.795134115248532 1.008593386980158 -1.391288607091714
5.668110404790587 1.008593386980158 -1.841680710939133
6.798097963664139 1.501570992121965 -0.5350219129013307
6.73516436091184 1.501570992121965 -1.066745237796785
6.630706230205098 1.501570992121965 -1.591891723572434
6.485367590655573 1.501570992121965 -2.107223667514544
7.135299726158575 1.006211097098299 -0.5615602671539125
7.069244467631142 1.006211097098299 -1.119658328523083
6.959604966198432 1.006211097098299 -1.670853323972732
6.807057185845612 1.006211097098299 -2.211746953064978
7.980280065418618 1.501094431062489 -0.6280616620869229
7.906402375192093 1.501094431062489 -1.252251115175384
7.783779085176925 1.501094431062489 -1.868720023723037
7.61316620873244 1.501094431062489 -2.473667651911971
8.32396347421475 1.008739280771322 -0.6551101329664816
8.246904124171415 1.008739280771322 -1.306181294117
8.118999867828657 1.008739280771322 -1.94919941323993
7.941039277459312 1.008739280771322 -2.580200069805657
11.05814934636897 18.58095278067185 -0.8702952278807765
10.9557781858091 18.58095278067185 -1.735224796279138
10.78586100956778 18.58095278067185 -2.589456126787639
10.54944541353973 18.58095278067185 -3.427722599192955
9.137612431745511 1.51346907159763 -0.719145694680224
9.053020701241236 1.51346907159763 -1.433857617012534
8.912614087678939 1.51346907159763 -2.13972933032992
8.717258244521171 1.51346907159763 -2.832408900793617
9.84521917049652 0.4769751185411106 -0.7748355527805304
9.754076748660724 0.4769751185411106 -1.544893986719202
9.602797200109773 0.4769751185411106 -2.305427635500367
9.392313213566039 0.4769751185411106 -3.051747556276189
10.47716251260093 17.83602488713878 -0.8245705724206009
10.38016985567488 17.83602488713878 -1.644057393064689
10.21917999983186 17.83602488713878 -2.453408053175973
9.995185501067684 17.83602488713878 -3.247632636798462
10.96118111549357 17.46584978952141 -0.862663662603119
10.85970764133865 17.46584978952141 -1.720008716861512
10.69128045835564 17.46584978952141 -2.566749345419516
10.45693797613534 17.46584978952141 -3.397665110732238
10.43596686106586 16.66010458336819 -0.8213284043310393
10.33935557416166 16.66010458336819 -1.637593045929968
10.17899872195812 16.66010458336819 -2.443761381845792
9.955884957773156 16.66010458336819 -3.234863116209415
10.46215576142399 16.02824865370492 -0.8233895154890833
10.36530202996242 16.02824865370492 -1.641702560810378
10.20454276467345 16.02824865370492 -2.449893963922777
9.980869099885448 16.02824865370492 -3.242980956075181
10.9571514747187 15.66804960613891 -0.862346522996247
10.85571530508824 15.66804960613891 -1.719376392918904
10.68735004071026 15.66804960613891 -2.565805735628547
10.45309370942678 15.66804960613891 -3.396416032761052
11.46609626160885 3.371998019383314 -0.9024013464039935
11.35994851982804 3.371998019383314 -1.799239088428508
11.18376291785627 3.371998019383314 -2.68498392316515
10.93862569851736 3.371998019383314 -3.554174939167722
10.97408901805341 3.735912088386979 -0.8636795365661043
10.87249604859018 3.735912088386979 -1.722034201586689
10.70387052551558 3.735912088386979 -2.56977195312001
10.46925208125304 3.735912088386979 -3.401666206026459
11.4644432736502 4.579629629620017 -0.9022712534302872
11.35831083445669 4.579629629620017 -1.798979704547539
11.18215063194711 4.579629629620017 -2.684596847564798
10.93704875234917 4.579629629620017 -3.553662558297779
10.9710120892412 4.939197530858406 -0.8634373770168052
10.86944760454189 4.939197530858406 -1.721551375482238
10.70086936090247 4.939197530858406 -2.569051437243898
10.46631669925293 4.939197530858406 -3.400712442598657
10.95098187692463 14.47413861022993 -0.8618609651194321
10.84960282253711 14.47413861022993 -1.71840827079105
10.6813323588896 14.47413861022993 -2.564361018044504
10.44720792934609 14.47413861022993 -3.394503626885143
11.4644432736505 5.779629629619802 -0.9022712534303107
11.35831083445698 5.779629629619802 -1.798979704547585
11.1821506319474 5.779629629619802 -2.684596847564868
10.93704875234945 5.779629629619802 -3.553662558297872
10.97101208924151 6.139197530861658 -0.8634373770168302
10.8694476045422 6.139197530861658 -1.721551375482288
10.70086936090278 6.139197530861658 -2.569051437243973
10.46631669925323 6.139197530861658 -3.400712442598755
10.46773770921646 13.62037042631128 -0.8238288243077574
10.37083230270008 13.62037042631128 -1.642578469962774
10.20998726638585 13.62037042631128 -2.451201073137701
9.986194263409065 13.62037042631128 -3.244711206589665
10.96116909721895 13.26080253438863 -0.8626627167443932
10.85969573432358 13.26080253438863 -1.720006830975594
10.69126873601082 13.26080253438863 -2.566746531133519
10.45692651073294 13.26080253438863 -3.397661385397172
11.46444327365041 6.979629629619739 -0.9022712534303036
11.35831083445689 6.979629629619739 -1.798979704547571
11.18215063194731 6.979629629619739 -2.684596847564846
10.93704875234937 6.979629629619739 -3.553662558297844
10.9710120892414 7.339197530865182 -0.8634373770168216
10.86944760454209 7.339197530865182 -1.721551375482271
10.70086936090267 7.339197530865182 -2.569051437243947
10.46631669925313 7.339197530865182 -3.400712442598722
10.46773806847853 12.42037037038237 -0.8238288525822953
10.37083265863627 12.42037037038237 -1.642578526337528
10.2099876168017 12.42037037038237 -2.451201157265102
9.986194606144133 12.42037037038237 -3.244711317951039
10.95831367670816 12.06094677699741 -0.8624379902764919
10.85686674795673 12.06094677699741 -1.719558763553195
10.68848362542961 12.06094677699741 -2.566077885241279
10.45420244707023 12.06094677699741 -3.396776283459364
11.46444327365021 8.179629629619921 -0.9022712534302876
11.35831083445669 8.179629629619921 -1.798979704547539
11.18215063194712 8.179629629619921 -2.684596847564799
10.93704875234917 8.179629629619921 -3.553662558297781
10.97101208924122 8.539197530869131 -0.863437377016807
10.86944760454191 8.539197530869131 -1.721551375482242
10.70086936090249 8.539197530869131 -2.569051437243904
10.46631669925295 8.539197530869131 -3.400712442598664
10.44286015798947 11.26054503553775 -0.8218709185645762
10.34618505617519 11.26054503553775 -1.638674729616388
10.18572228303393 11.26054503553775 -2.445375566045472
9.962461144921397 11.26054503553775 -3.236999848939992
11.46444327364964 9.379629629622018 -0.9022712534302429
11.35831083445613 9.379629629622018 -1.79897970454745
11.18215063194656 9.379629629622018 -2.684596847564666
10.93704875234863 9.379629629622018 -3.553662558297605
11.4820632950871 10.53640397457548 -0.903657979191657
11.37576773799861 10.53640397457548 -1.801744606444826
11.19933678997873 10.53640397457548 -2.688722879058383
10.95385820649124 10.53640397457548 -3.55912428103146
10.97104213272714 9.735359168253702 -0.8634397414904279
10.86947736989933 9.735359168253702 -1.721556089851717
10.70089866461808 9.735359168253702 -2.569058472443579
10.46634536065956 9.735359168253702 -3.400721755254193
10.44352798672642 14.85199362993821 -0.8219234778260407
10.34684670246689 14.85199362993821 -1.638779524093993
10.18637366761098 14.85199362993821 -2.445531949646414
9.963098251781268 14.85199362993821 -3.23720685750737
10.39999090467144 19.11896857249445 -0.8184970351581498
10.3037126662994 19.11896857249445 -1.631947763916666
10.14390861300748 19.11896857249445 -2.435336992032936
9.921563989924451 19.11896857249445 -3.223711557761594
10.78845401551568 19.57851489967102 -0.8490697450199929
10.68857956784621 19.57851489967102 -1.692904692717596
10.52280647282759 19.57851489967102 -2.52630232003666
10.29215677671574 19.57851489967102 -3.344124453471928
9.47646999054278 1.017561695588453 -0.7458143629279926
9.38874127567774 1.017561695588453 -1.487030532300092
9.243127848774858 1.017561695588453 -2.21907866395273
9.040527465032367 1.017561695588453 -2.937445437723563
10.96116091556424 10.89572704069978 -0.8626620728342028
10.85968762841079 10.89572704069978 -1.720005547125134
10.69126075581561 10.89572704069978 -2.566744615258154
10.45691870545585 10.89572704069978 -3.397658849308911
11.90762370847904 19.63764935784778 -0.937150310082593
11.79738851266415 19.63764935784778 -1.868522776869425
11.61441849363892 19.63764935784778 -2.788375179389983
11.35984172241434 19.63764935784778 -3.691036321700763
12.38047287983189 18.43077114237462 -0.9743643469386692
12.26586026814705 18.43077114237462 -1.942721413669437
12.07562454909664 18.43077114237462 -2.899100956864507
11.81093858914841 18.43077114237462 -3.837606578611613
11.5245531135832 0.4398106807627138 -0.907002000429969
11.41786420568211 0.4398106807627138 -1.808412031918516
11.24078036812784 0.4398106807627138 -2.698672601872262
10.99439338166529 0.4398106807627138 -3.572294957835761
10.40061217538249 2.421541937049533 -0.8185459302235099
10.30432818557758 2.421541937049533 -1.632045252593049
10.14451458597174 2.421541937049533 -2.435482473270233
9.92215668054998 2.421541937049533 -3.223904134619601
14.20482418439754 19.01441723317199 -1.117943908455705
14.07332258392556 19.01441723317199 -2.228995320961707
13.85505426986903 19.01441723317199 -3.326304236097821
13.55136493896569 19.01441723317199 -4.40310537950999
10.36262646924001 19.59176667656693 -0.8155563903151584
10.2666941332879 19.59176667656693 -1.626084604284004
10.10746421398182 19.59176667656693 -2.426587465939437
9.885918416723635 19.59176667656693 -3.212129608945137
12.76971442284726 19.14109604593373 -1.004998320741026
12.65149839550501 19.14109604593373 -2.00380049263883
12.45528167350435 19.14109604593373 -2.990248568168235
12.18227399818509 19.14109604593373 -3.958260766916331
14.58256112053473 19.64492341298345 -1.147672450060404
14.44756260866036 19.64492341298345 -2.288269117826369
14.22349006900151 19.64492341298345 -3.414757845554237
13.91172498327686 19.64492341298345 -4.520193455642051
14.57924880528831 18.35659483691468 -1.14741176519697
14.44428095727507 18.35659483691468 -2.28774935530837
14.2202593139494 18.35659483691468 -3.413982209890435
13.90856504323717 18.35659483691468 -4.519166728884239
0.3723529376224493 0.3567926711260552 -0.02930481173204745
0.3689058687532987 0.3567926711260552 -0.05842894955492806
0.3631843725296343 0.3567926711260552 -0.08719285347420518
0.3552237238782655 0.3567926711260552 -0.1154191844572478
0.3701722171547281 1.644384210724725 -0.02913318530913041
0.3667453363729459 1.644384210724725 -0.05808675484306284
0.3610573486372246 1.644384210724725 -0.08668220021758172
0.3531433222834029 1.644384210724725 -0.1147432210030026
0.7453831718562591 1.002418406022789 -0.05866292786343549
0.7384827640235709 1.002418406022789 -0.1169641792691899
0.7270293643802388 1.002418406022789 -0.1745443076152132
0.7110935869437059 1.002418406022789 -0.2310483122629167
11.03638039423189 1.976988400987648 -0.8685819741918052
10.93421076042163 1.976988400987648 -1.731808851679902
10.76462808127932 1.976988400987648 -2.584358551712511
10.52867789041385 1.976988400987648 -3.420974821887386
3 2 0 516
2511
2512
2513
2514
2515
2516
2517
2518
2519
2520
2521
2522
2523
2524
2525
2526
2527
2528
2529
2530
2531
2532
2533
2534
2535
2536
2537
2538
2539
2540
2541
2542
2543
2544
2545
2546
2547
2548
2549
2550
2551
2552
2553
2554
2555
2556
2557
2558
2559
2560
2561
2562
2563
2564
2565
2566
2567
2568
2569
2570
2571
2572
2573
2574
2575
2576
2577
2578
2579
2580
2581
2582
2583
2584
2585
2586
2587
2588
2589
2590
2591
2592
2593
2594
2595
2596
2597
2598
2599
2600
2601
2602
2603
2604
2605
2606
2607
2608
2609
2610
2611
2612
2613
2614
2615
2616
2617
2618
2619
2620
2621
2622
2623
2624
2625
2626
2627
2628
2629
2630
2631
2632
2633
2634
2635
2636
2637
2638
2639
2640
2641
2642
2643
2644
2645
2646
2647
2648
2649
2650
2651
2652
2653
2654
2655
2656
2657
2658
2659
2660
2661
2662
2663
2664
2665
2666
2667
2668
2669
2670
2671
2672
2673
2674
2675
2676
2677
2678
2679
2680
2681
2682
2683
2684
2685
2686
2687
2688
2689
2690
2691
2692
2693
2694
2695
2696
2697
2698
2699
2700
2701
2702
2703
2704
2705
2706
2707
2708
2709
2710
2711
2712
2713
2714
2715
2716
2717
2718
2719
2720
2721
2722
2723
2724
2725
2726
2727
2728
2729
2730
2731
2732
2733
2734
2735
2736
2737
2738
2739
2740
2741
2742
2743
2744
2745
2746
2747
2748
2749
2750
2751
2752
2753
2754
2755
2756
2757
2758
2759
2760
2761
2762
2763
2764
2765
2766
2767
2768
2769
2770
2771
2772
2773
2774
2775
2776
2777
2778
2779
2780
2781
2782
2783
2784
2785
2786
2787
2788
2789
2790
2791
2792
2793
2794
2795
2796
2797
2798
2799
2800
2801
2802
2803
2804
2805
2806
2807
2808
2809
2810
2811
2812
2813
2814
2815
2816
2817
2818
2819
2820
2821
2822
2823
2824
2825
2826
2827
2828
2829
2830
2831
2832
2833
2834
2835
2836
2837
2838
2839
2840
2841
2842
2843
2844
2845
2846
2847
2848
2849
2850
2851
2852
2853
2854
2855
2856
2857
2858
2859
2860
2861
2862
2863
2864
2865
2866
2867
2868
2869
2870
2871
2872
2873
2874
2875
2876
2877
2878
2879
2880
2881
2882
2883
2884
2885
2886
2887
2888
2889
2890
2891
2892
2893
2894
2895
2896
2897
2898
2899
2900
2901
2902
2903
2904
2905
2906
2907
2908
2909
2910
2911
2912
2913
2914
2915
2916
2917
2918
2919
2920
2921
2922
2923
2924
2925
2926
2927
2928
2929
2930
2931
2932
2933
2934
2935
2936
2937
2938
2939
2940
2941
2942
2943
2944
2945
2946
2947
2948
2949
2950
2951
2952
2953
2954
2955
2956
2957
2958
2959
2960
2961
2962
2963
2964
2965
2966
2967
2968
2969
2970
2971
2972
2973
2974
2975
2976
2977
2978
2979
2980
2981
2982
2983
2984
2985
2986
2987
2988
2989
2990
2991
2992
2993
2994
2995
2996
2997
2998
2999
3000
3001
3002
3003
3004
3005
3006
3007
3008
3009
3010
3011
3012
3013
3014
3015
3016
3017
3018
3019
3020
3021
3022
3023
3024
3025
3026
5.442686168317786 21.48547529669336 -0.4283486911573522
5.392300332301129 21.48547529669336 -0.8540564701933254
5.308669171614018 21.48547529669336 -1.274498707087961
5.192308300172272 21.48547529669336 -1.687083235639572
13.54366730919575 20.49189409127206 -1.065909733898493
13.41828638900277 20.49189409127206 -2.125247779836547
13.21017727118858 20.49189409127206 -3.171482966495307
12.9206230176678 20.49189409127206 -4.198164906040518
12.45306824078143 20.48459476128773 -0.9800777257529473
12.33778357529094 20.48459476128773 -1.954112946417712
12.14643237132941 20.48459476128773 -2.916100410959317
11.88019437270001 20.48459476128773 -3.86010914676557
11.34053551684802 20.48477987535871 -0.8925195014811458
11.23555015755629 20.48477987535871 -1.779536323442809
11.06129389534367 20.48477987535871 -2.655581712214571
10.81884107801278 20.48477987535871 -3.51525455666
4.497834088310813 20.52272727272657 -0.3539872197640126
4.456195249730891 20.52272727272657 -0.7057919906054845
4.387082485601089 20.52272727272657 -1.05324531912522
4.290921899094591 20.52272727272657 -1.39420504001294
10.24609481892382 20.48112522432469 -0.8063851505361842
10.15124127833892 20.48112522432469 -1.60779866846904
9.993801959642788 20.48112522432469 -2.399299572963472
9.774747528589078 20.48112522432469 -3.176007997742515
9.040852916934627 20.49299652724808 -0.7115305557130854
8.957156940639861 20.49299652724808 -1.41867428894228
8.818237113249117 20.49299652724808 -2.117071423423072
8.624949921693789 20.49299652724808 -2.802416108580775
7.896756429021046 20.49273134025268 -0.6214882093422353
7.823651961449089 20.49273134025268 -1.239144737208075
7.702312077906519 20.49273134025268 -1.849161525711587
7.533484879124982 20.49273134025268 -2.447777618500482
6.813909521972469 20.47238419714449 -0.5362663095277533
6.750829543228711 20.47238419714449 -1.069226358930624
6.646128455472323 20.47238419714449 -1.595594272276844
6.500451775725971 20.47238419714449 -2.112124816345539
4.476684096350462 9.365113788879222 -0.352322679297406
4.435241054477115 9.365113788879222 -0.7024731721177639
4.366453276635601 9.365113788879222 -1.048292684235982
4.270744862350573 9.365113788879222 -1.387649123363194
4.466537753544451 10.55165167545566 -0.3515241448005453
4.425188641754335 10.55165167545566 -0.7008810263547552
4.356556770463255 10.55165167545566 -1.045916743314896
4.261065277980136 10.55165167545566 -1.38450403574989
4.507513832175401 11.65252915026758 -0.3547490321277808
4.465785383066421 11.65252915026758 -0.70731091850647
4.396523882046503 11.65252915026758 -1.055511997867819
4.30015634930122 11.65252915026758 -1.397205494768956
4.470447256441285 19.26379205299671 -0.3518318293513619
4.429061952306842 19.26379205299671 -0.7014944984788173
4.360370008423873 19.26379205299671 -1.046832220752558
4.264794933468806 19.26379205299671 -1.385715874278323
4.497834088310811 12.84090909091092 -0.3539872197640124
4.45619524973089 12.84090909091092 -0.7057919906054843
4.387082485601087 12.84090909091092 -1.05324531912522
4.290921899094589 12.84090909091092 -1.394205040012939
4.497834088310811 18.15909090908907 -0.3539872197640124
4.45619524973089 18.15909090908907 -0.7057919906054843
4.387082485601087 18.15909090908907 -1.05324531912522
4.290921899094589 18.15909090908907 -1.394205040012939
4.497834088310814 14.02272727272967 -0.3539872197640127
4.456195249730892 14.02272727272967 -0.7057919906054846
4.387082485601089 14.02272727272967 -1.05324531912522
4.290921899094592 14.02272727272967 -1.39420504001294
4.497834088310811 16.97727272727032 -0.3539872197640124
4.45619524973089 16.97727272727032 -0.7057919906054843
4.387082485601087 16.97727272727032 -1.05324531912522
4.290921899094589 16.97727272727032 -1.394205040012939
4.497834088305722 15.7954545454545 -0.353987219763612
4.456195249725848 15.7954545454545 -0.7057919906046857
4.387082485596124 15.7954545454545 -1.053245319124028
4.290921899089734 15.7954545454545 -1.394205040011362
5.463931018312044 14.90095133226022 -0.4300206971131334
5.413348507437624 14.90095133226022 -0.8573901736321718
5.329390902893803 14.90095133226022 -1.279473554619603
5.212575831231332 14.90095133226022 -1.693668555674674
14.11227897133701 21.48660233799928 -1.110660442229393
13.98163411104538 21.48660233799928 -2.214473293500367
13.76478782709401 21.48660233799928 -3.304633180529816
13.46307704893217 21.48660233799928 -4.374418905099254
12.93567605871901 21.50157907396819 -1.018059784751539
12.81592363638512 21.50157907396819 -2.029842892390854
12.61715678310585 21.50157907396819 -3.029111343607321
12.34060096262835 21.50157907396819 -4.009704316108714
11.77827773654572 21.50423008591501 -0.9269705613205514
11.66923996507787 21.50423008591501 -1.84822604088157
11.48825744880927 21.50423008591501 -2.758086592303029
11.23644600513549 21.50423008591501 -3.650942622726078
10.624442141761 21.50485335698249 -0.8361617306159953
10.5260860390999 21.50485335698249 -1.667168246110752
10.36283311572894 21.50485335698249 -2.487896114978537
10.13568988020783 21.50485335698249 -3.293285276988069
14.55058681850868 20.76107210032793 -1.145156017916428
14.41588430972705 20.76107210032793 -2.283251768179384
14.19230308040797 20.76107210032793 -3.407270512033254
13.88122158317849 20.76107210032793 -4.510282300148019
9.470366755585413 21.50573761272074 -0.7453340279196962
9.382694541607293 21.50573761272074 -1.486072823708553
9.237174895717617 21.50573761272074 -2.217649486369885
9.034704994923489 21.50573761272074 -2.935553602504462
8.316393795746718 21.50570262082841 -0.6545143863509341
8.239404522236587 21.50570262082841 -1.304993473861895
8.111616579966832 21.50570262082841 -1.947426842652132
7.93381782409535 21.50570262082841 -2.577853677372279
7.17184445196377 21.50441574152814 -0.564436399450219
7.105450879503704 21.50441574152814 -1.125392860803678
6.995249839569311 21.50441574152814 -1.679410900939181
6.841920758217356 21.50441574152814 -2.223074814409599
5.463490560512149 8.89999999999141 -0.4299860323324974
5.412912127189473 8.89999999999141 -0.8573210577907998
5.328961290626737 8.89999999999141 -1.279370413839641
5.212155635647838 8.89999999999141 -1.693532025853326
5.484880213453879 19.69811806253646 -0.4316694345273978
5.434103764755661 19.69811806253646 -0.8606774834462809
5.349824259324854 19.69811806253646 -1.284379169475412
5.232561308338218 19.69811806253646 -1.700162230825313
5.483535734461741 20.27993538020938 -0.4315636217359267
5.432771732319494 20.27993538020938 -0.8604665102343845
5.348512885867572 20.27993538020938 -1.284064336563097
5.231278678913262 20.27993538020938 -1.699745479262176
5.952185333547606 20.59635798938737 -0.4684471450866574
5.897082793205919 20.59635798938737 -0.9340061577493726
5.805622776465096 20.59635798938737 -1.393806711860998
5.678369164741889 20.59635798938737 -1.845013984106236
5.477369432504496 10.09970788328292 -0.4310783232470956
5.426662515093876 10.09970788328292 -0.859498905283284
5.342498418729297 10.09970788328292 -1.282620390756012
5.225396043052252 10.09970788328292 -1.697834095005168
5.477376672004937 11.30043158057726 -0.4310788930081368
5.426669687574417 11.30043158057726 -0.8595000412926003
5.342505479969211 11.30043158057726 -1.282622086009728
5.225402949516646 11.30043158057726 -1.697836339051481
5.477530016029371 12.50043144967731 -0.4310909614445911
5.426821612011788 12.50043144967731 -0.8595241037595849
5.342655048154843 12.50043144967731 -1.282657994154132
5.225549239312938 12.50043144967731 -1.697883871487655
5.47929262104117 18.50279148544184 -0.4312296814674773
5.428567899653021 18.50279148544184 -0.8598006885502871
5.344374251981502 18.50279148544184 -1.283070738475442
5.227230759861738 18.50279148544184 -1.69843023063358
5.477182812167357 13.7007696126053 -0.4310636359080345
5.426477622400297 13.7007696126053 -0.8594696211574914
5.342316393604217 13.7007696126053 -1.282576690389861
5.225218007741095 13.7007696126053 -1.697776247825948
5.477577720304758 17.30001126107321 -0.4310947158524869
5.426868874663366 17.30001126107321 -0.8595315894282034
5.342701577792649 17.30001126107321 -1.282669164931837
5.225594749066282 17.30001126107321 -1.697898658502887
5.477666650009571 16.10001130378856 -0.4311017147720431
5.426956981098679 16.10001130378856 -0.8595455441166493
5.342788317752989 16.10001130378856 -1.282689989353878
5.22567958777095 16.10001130378856 -1.697926224269036
4.572940649032486 8.754797664278314 -0.3598982342865351
4.530606509137136 8.754797664278314 -0.7175775762803863
4.46033967353341 8.754797664278314 -1.070832813897711
4.362573360628899 8.754797664278314 -1.417486011129311
4.993073654348337 20.06726371975962 -0.3929634188982491
4.946850120125191 20.06726371975962 -0.7835040876453936
4.870127609916882 20.06726371975962 -1.169214193150656
4.763379143511666 20.06726371975962 -1.547715704351972
5.469089430582592 20.87057396870846 -0.4304266729633306
5.418459165546581 20.87057396870846 -0.8581996223564492
5.334422297934462 20.87057396870846 -1.280681485697407
5.217496942980158 20.87057396870846 -1.69526752180923
5.981651337824486 21.15752006041805 -0.4707661699165494
5.926276015034271 21.15752006041805 -0.9386299098499262
5.834363229924618 21.15752006041805 -1.40070668426296
5.706479655379831 21.15752006041805 -1.854147636185275
4.951733124440236 21.0878041727681 -0.3897098486334473
4.905892301454956 21.0878041727681 -0.7770170064583943
4.82980502105647 21.0878041727681 -1.159533596054151
4.723940386630025 21.0878041727681 -1.534901275446186
5.484643055628904 19.10333758372075 -0.4316507698017855
5.433868802426607 19.10333758372075 -0.8606402690692965
5.349592941112612 19.10333758372075 -1.284323634886064
5.232335060396488 19.10333758372075 -1.700088718412812
4.9535268972824 18.80915774157435 -0.3898510216177813
4.907669468389397 18.80915774157435 -0.7772984820486691
4.831554625258069 18.80915774157435 -1.159953638859752
4.725651641207078 18.80915774157435 -1.535457295763539
12.35939377933843 21.50258510297699 -0.9727053857515062
12.24497630808021 21.50258510297699 -1.939413719342491
12.05506448601485 21.50258510297699 -2.894164922433223
11.79082918267749 21.50258510297699 -3.831072636369657
12.06793971733375 21.00294181195436 -0.94976745361077
11.95622039109445 21.00294181195436 -1.893679275040302
11.77078699029731 21.00294181195436 -2.825915934026952
11.51278277352112 21.00294181195436 -3.740729881567919
13.51486514853895 21.49951078672068 -1.063642954694566
13.3897508652416 21.49951078672068 -2.120728196876267
13.18208431531604 21.49951078672068 -3.164738444510537
12.89314583209871 21.49951078672068 -4.189237027252076
13.24469923956145 20.99780171978537 -1.042380436532212
13.12208602554607 20.99780171978537 -2.078334251046534
12.91857078764681 20.99780171978537 -3.101474443786884
12.635408264981 20.99780171978537 -4.105493015236378
11.20156491560423 21.50578182875953 -0.8815822779648161
11.09786608096391 21.50578182875953 -1.757729308030124
10.92574521151948 21.50578182875953 -2.623039352407117
10.68626348966708 21.50578182875953 -3.472177486927424
10.96515093730326 21.00247226827874 -0.8629760943553312
10.86364071239981 21.00247226827874 -1.72063165412029
10.69515252997729 21.00247226827874 -2.567678947569511
10.46072517570835 21.00247226827874 -3.398895646467072
13.78447805156713 20.98952749178807 -1.084861950344824
13.65686781845753 20.98952749178807 -2.163035366012567
13.44505845387775 20.98952749178807 -3.227872949366593
13.15035583299418 20.98952749178807 -4.272809622611097
10.04760560523848 21.50629793143543 -0.7907637106328717
9.954589584705724 21.50629793143543 -1.576652100034074
9.800200209146315 21.50629793143543 -2.352819904948541
9.585389340400251 21.50629793143543 -3.114481792756988
9.827606476311278 21.0031410060948 -0.7734494036863718
9.736627104538188 21.0031410060948 -1.542130234600991
9.585618188908551 21.0031410060948 -2.301303319808954
9.375510749602791 21.0031410060948 -3.046288104789286
5.478340636706863 9.499644220657562 -0.4311547586754971
5.427624728343216 9.499644220657562 -0.8596513048902535
5.34344570866096 9.499644220657562 -1.282847814947295
5.226322569308802 9.499644220657562 -1.698135141634999
4.983540355749072 9.741921650689694 -0.3922131320268182
4.937405076333399 9.741921650689694 -0.7820081396705898
4.860829052768334 9.741921650689694 -1.166981807089198
4.754284401703269 9.741921650689694 -1.544760643606271
5.482118332579778 16.70016242279734 -0.4314520697885598
5.431367452079416 16.70016242279734 -0.860244094094501
5.34713038512403 16.70016242279734 -1.28373242750016
5.229926481243068 16.70016242279734 -1.69930612360593
4.947770344801932 16.40088331500695 -0.389397971112143
4.901966207372065 16.40088331500695 -0.7763951742444143
4.825939818204573 16.40088331500695 -1.158605642949875
4.720159905270013 16.40088331500695 -1.533672922591077
5.479932812321038 15.50002434221836 -0.4312800656138971
5.429202164342258 15.50002434221836 -0.8599011462081096
5.344998679627386 15.50002434221836 -1.283220650289801
5.227841500660188 15.50002434221836 -1.698628672348289
4.947770345907816 15.19999890952671 -0.389397971199178
4.901966208467712 15.19999890952671 -0.7763951744179478
4.825939819283227 15.19999890952671 -1.158605643208837
4.720159906325025 15.19999890952671 -1.533672922933871
4.97003154818885 14.50684079259383 -0.3911499658146633
4.924021326978162 14.50684079259383 -0.7798883620195167
4.847652876883406 14.50684079259383 -1.163818487133323
4.741397034794503 14.50684079259383 -1.540573284265033
5.483493071099787 14.28480794071806 -0.431560264056522
5.432729463914936 14.28480794071806 -0.8604598155767852
5.348471273019181 14.28480794071806 -1.284054346202093
5.231237978178085 14.28480794071806 -1.699732254791666
5.481624215131556 10.7001597679119 -0.4314131819020129
5.430877908938797 10.7001597679119 -0.8601665580781593
5.346648434487266 10.7001597679119 -1.283616721389348
5.229455094496098 10.7001597679119 -1.699152960767297
4.939340340252197 11.0102119174096 -0.3887345153655395
4.893614243850918 11.0102119174096 -0.7750723531765066
4.817717388344433 11.0102119174096 -1.156631612192429
4.712117703085204 11.0102119174096 -1.531059852700144
5.482341623660667 17.90033091066109 -0.4314696431777445
5.431588676036198 17.90033091066109 -0.8602791325270823
5.347348178037447 17.90033091066109 -1.28378471495255
5.230139500347385 17.90033091066109 -1.699375337708597
4.947770345907461 17.59999890953043 -0.38939797119915
4.90196620846736 17.59999890953043 -0.776395174417892
4.825939819282881 17.59999890953043 -1.158605643208753
4.720159906324685 17.59999890953043 -1.53367292293376
5.481861004084092 11.90028018302504 -0.4314318175967347
5.431112505810261 11.90028018302504 -0.860203714572348
5.346879392909933 11.90028018302504 -1.283672169600861
5.229680990534492 11.90028018302504 -1.699226358839472
4.947770345907472 12.20000109045363 -0.3893979711991508
4.90196620846737 12.20000109045363 -0.7763951744178936
4.82593981928289 12.20000109045363 -1.158605643208756
4.720159906324696 12.20000109045363 -1.533672922933764
5.481982038135704 13.10033639079581 -0.4314413431831804
5.431232419385386 13.10033639079581 -0.8602227070168315
5.346997446701504 13.10033639079581 -1.283700511808646
5.229796456701629 13.10033639079581 -1.699263876071423
4.947770345907463 13.40000109045551 -0.3893979711991502
4.901966208467361 13.40000109045551 -0.7763951744178922
4.825939819282882 13.40000109045551 -1.158605643208754
4.720159906324687 13.40000109045551 -1.533672922933761
7.740979246986233 21.5077140264224 -0.6092282792317661
7.669316891508637 21.5077140264224 -1.214700463533108
7.550370647088229 21.5077140264224 -1.812683615547875
7.384873856875503 21.5077140264224 -2.39949097029432
7.528856698250148 21.00517721395964 -0.5925338725902479
7.45915807384679 21.00517721395964 -1.18141457681847
7.343471259496404 21.00517721395964 -1.763011467320393
7.182509502879231 21.00517721395964 -2.333738805865483
8.893381832972166 21.50782597592234 -0.6999243296979633
8.81105107481123 21.50782597592234 -1.395533393154881
8.67439725680228 21.50782597592234 -2.082538529181054
8.484262895175346 21.50782597592234 -2.756704122660492
8.667487704193448 21.00675974193818 -0.682146076201418
8.587248167936142 21.00675974193818 -1.360086495006466
8.454065391173724 21.00675974193818 -2.029641528295143
8.268760490012706 21.00675974193818 -2.686683146637586
6.527670360926085 21.45499983533387 -0.5137387989933561
6.46724025009387 21.45499983533387 -1.024310227455432
6.366937452544213 21.45499983533387 -1.52856644274753
6.22738036837807 21.45499983533387 -2.023398537620167
13.00568921476069 20.48685280403928 -1.023569939632198
12.88528864346318 20.48685280403928 -2.040829230215019
12.68544598288544 20.48685280403928 -3.045506129948979
12.40739332948436 20.48685280403928 -4.031406471658248
12.6614131535214 21.00675964602439 -0.9964748259938085
12.54419972853907 21.00675964602439 -1.986806053323861
12.3496471408606 21.00675964602439 -2.964887960655115
12.07895487188432 21.00675964602439 -3.924690347783637
14.5220821377539 21.25 -1.142912650888536
14.38764351193847 21.25 -2.278778865227321
14.16450027949498 21.25 -3.400595650091112
13.85402819265409 21.25 -4.501446631959287
11.8742544859207 20.49251581108259 -0.9345240953118414
11.76432820671865 20.49251581108259 -1.863286538815289
11.58187093208607 20.49251581108259 -2.780561201201291
11.32800757179428 20.49251581108259 -3.680692779151461
11.52386702907937 21.0056094528383 -0.9069480044084915
11.41718447262685 21.0056094528383 -1.808304372778989
11.24011117730148 21.0056094528383 -2.698511943369081
10.99373885885179 21.0056094528383 -3.572082290482022
0.8923525154052495 8.517049046178208 -0.07022966605163476
0.8840915343161716 8.517049046178208 -0.1400263428583274
0.8703798349277664 8.517049046178208 -0.2089597106978144
0.8513019544263662 8.517049046178208 -0.2766047724346944
10.78097553251425 20.48034167302706 -0.8484811756433216
10.68117031713313 20.48034167302706 -1.69173118269018
10.51551213489732 20.48034167302706 -2.524551104438049
10.28502232358724 20.48034167302706 -3.341806329128627
10.39258766896844 21.00519904228339 -0.8179143878722985
10.29637796628054 21.00519904228339 -1.630786061559231
10.13668766953741 21.00519904228339 -2.433603396885255
9.914501322520882 21.00519904228339 -3.221416758014233
1.445628179811185 8.508706033193228 -0.1137734051849067
1.432245232098156 8.508706033193228 -0.226845359493352
1.410032016259372 8.508706033193228 -0.3385187367267841
1.379125484157124 8.508706033193228 -0.4481050333793927
5.100334599924009 8.540737109319517 -0.401405038390677
5.053118094170331 8.540737109319517 -0.8003352812389553
4.974747435033811 8.540737109319517 -1.194331190939908
4.865705803688919 8.540737109319517 -1.580963651693293
2.020125623056309 8.510093769742426 -0.1589873345346773
2.001424247443498 8.510093769742426 -0.3169944592832947
1.9703834258041 8.510093769742426 -0.4730472077790762
1.927194535125642 8.510093769742426 -0.6261834629347406
9.610781720943788 20.50228479330477 -0.75638492535712
9.521809611068672 20.50228479330477 -1.508106486125902
9.374132378618315 20.50228479330477 -2.250530068911422
9.168660502838442 20.50228479330477 -2.979078385444912
6.432596213602167 20.8595285848844 -0.5062563013240684
6.373046254637678 20.8595285848844 -1.009391364203171
6.274204346260413 20.8595285848844 -1.506303193665271
6.136679881703793 20.8595285848844 -1.993928163041784
14.10983384483568 20.48818386959736 -1.110468006600336
13.97921162037847 20.48818386959736 -2.214089608671898
13.76240290772205 20.48818386959736 -3.304060612046489
13.46074440467615 20.48818386959736 -4.373660983036169
2.597149468542358 8.512309510974063 -0.2044000960529342
2.57310627678266 8.512309510974063 -0.407539997543773
2.533199029181933 8.512309510974063 -0.608167279428953
2.477673767192141 8.512309510974063 -0.8050450078003112
9.251746234490119 21.00312427620482 -0.728128219762609
9.166097906766897 21.00312427620482 -1.451767286923179
9.0239375374116 21.00312427620482 -2.166455725998255
8.826141592374427 21.00312427620482 -2.867787245102918
8.453823993448477 20.50493063106654 -0.6653303774793071
8.375562455620509 20.50493063106654 -1.326558771936653
8.245662790096496 20.50493063106654 -1.979608490439454
8.06492587151042 20.50493063106654 -2.620453264312073
8.100716311274343 21.00383592907797 -0.6375402001993179
8.02572367876629 21.00383592907797 -1.271149753060777
7.901249790954699 21.00383592907797 -1.89692224499443
7.728062070749696 21.00383592907797 -2.510999580497036
3.174474076199963 8.514293406310562 -0.249836528067441
3.145086283978246 8.514293406310562 -0.4981327308602702
3.096307988968486 8.514293406310562 -0.7433577797214037
3.028439925579847 8.514293406310562 -0.9839997806790091
7.351729851251947 20.48845503398956 -0.5785936874070265
7.283670984128542 20.48845503398956 -1.153620152329264
7.170705863321601 20.48845503398956 -1.721534165394762
7.013530956365615 20.48845503398956 -2.2788343478624
3.661515323929086 8.591593218957689 -0.2881675055577148
3.627618732250169 8.591593218957689 -0.5745583626182468
3.571356664781288 8.591593218957689 -0.8574068763131937
3.49307599587743 8.591593218957689 -1.134969191498951
4.49397404436065 19.85456293698198 -0.3536834277167167
4.452370940257323 19.85456293698198 -0.7051862794898854
4.38331748874373 19.85456293698198 -1.052341423351765
4.287239427311056 19.85456293698198 -1.393008532399648
5.079053206428744 20.56566090283443 -0.3997301563989933
5.032033713835423 20.56566090283443 -0.7969958434600213
4.953990060075295 20.56566090283443 -1.189347786118106
4.845403410225941 20.56566090283443 -1.574367004176501
4.993536494618063 19.45001569145584 -0.3929998452174637
4.947308675636765 19.45001569145584 -0.7835767157034518
4.870579053523088 19.45001569145584 -1.169322575171429
4.763820691912554 19.45001569145584 -1.54785917212426
6.959373120537625 20.98279290131858 -0.5477145430156822
6.894946508018369 20.98279290131858 -1.092052243740105
6.7880102574748 20.98279290131858 -1.629657079237649
6.639223666451434 20.98279290131858 -2.157214536925723
5.014018141939055 9.152610953101654 -0.3946117858202057
4.967600713472413 9.152610953101654 -0.7867906587590953
4.890556374712347 9.152610953101654 -1.174118705652291
4.783360129627159 9.152610953101654 -1.554207920291052
4.430814353379661 21.12891684918891 -0.3487126522339974
4.389795952074588 21.12891684918891 -0.6952753750082484
4.32171299896969 21.12891684918891 -1.03755149389305
4.226985248110741 21.12891684918891 -1.373430762797118
4.487720285180542 9.972038740156865 -0.3531912461951721
4.446175075446795 9.972038740156865 -0.7042049509095435
4.377217717869673 9.972038740156865 -1.050876997929649
4.281273357489289 9.972038740156865 -1.391070038805455
4.379429382379903 18.7464081407314 -0.344668567311183
4.338886679037645 18.7464081407314 -0.6872121382909634
4.271593296492887 18.7464081407314 -1.025518817916955
4.177964120826339 18.7464081407314 -1.357502833010876
4.997928945176016 10.37282343718302 -0.3933455385735173
4.951660462947438 10.37282343718302 -0.7842659711010642
4.874863347370596 10.37282343718302 -1.170351143121873
4.768011078200654 10.37282343718302 -1.549220711164089
5.07077243888482 11.61269078434662 -0.3990784458594686
5.023829605753878 11.61269078434662 -0.7956964403931638
4.945913192510594 11.61269078434662 -1.187408701775919
4.837503579752452 11.61269078434662 -1.571800193658764
4.377746119167414 11.07015127589969 -0.344536091623325
4.337218998686555 11.07015127589969 -0.6869480036719157
4.26995148080712 11.07015127589969 -1.025124652844477
4.176358292145557 11.07015127589969 -1.356981067643714
5.070577366858164 12.80833582245864 -0.399063093358017
5.023636339612559 12.80833582245864 -0.7956658300435372
4.945722923804642 12.80833582245864 -1.187363022301102
4.837317481551707 12.80833582245864 -1.571739726687908
5.072153115240502 18.19427399125935 -0.3991871074452331
5.025197500455374 18.19427399125935 -0.7959130936298829
4.947259872032197 18.19427399125935 -1.187732010924343
4.838820741367095 18.19427399125935 -1.572228165410483
4.385691387251741 12.23868786632704 -0.3451613977827407
4.345090713205156 12.23868786632704 -0.6881947607703389
4.277701110022378 12.23868786632704 -1.026985174209808
4.183938057016347 12.23868786632704 -1.359443882543047
5.075262373134854 13.98302934182048 -0.3994318113484766
5.02827797429833 13.98302934182048 -0.7964009927554341
4.950292569678155 13.98302934182048 -1.18846009721185
4.841786965226593 13.98302934182048 -1.57319194996587
5.070194848269215 15.79927448319901 -0.3990329884921746
5.023257362201312 15.79927448319901 -0.7956058059183613
4.945349824092859 15.79927448319901 -1.187273448985284
4.836952559823182 15.79927448319901 -1.571621156430727
5.070614166380948 16.99566572713565 -0.3990659895432704
5.02367279846262 16.99566572713565 -0.795671604558099
4.945758817201044 16.99566572713565 -1.187371639543169
4.837352588199728 16.99566572713565 -1.571751133529319
4.383755438478822 13.42545476354734 -0.3450090353099869
4.343172686538049 13.42545476354734 -0.6878909751901415
4.275812830733294 13.42545476354734 -1.026531838461287
4.182091166975019 13.42545476354734 -1.358843791591844
4.383755438478822 17.57454523644984 -0.3450090353099869
4.343172686538049 17.57454523644984 -0.6878909751901415
4.275812830733294 17.57454523644984 -1.026531838461287
4.182091166975019 17.57454523644984 -1.358843791591844
4.383755438256697 16.38926757209073 -0.3450090352925054
4.343172686317981 16.38926757209073 -0.6878909751552862
4.275812830516639 16.38926757209073 -1.026531838409273
4.182091166763113 16.38926757209073 -1.358843791522991
4.368655753232238 15.20363614554335 -0.3438206643085662
4.328212787095976 15.20363614554335 -0.6855215598896974
4.261084949850463 15.20363614554335 -1.022995987095058
4.167686106934591 15.20363614554335 -1.354163303859291
4.459938400917457 14.69341264127861 -0.3510047644848633
4.418650382838974 14.69341264127861 -0.6998454678757489
4.350119915799933 14.69341264127861 -1.044371391234947
4.254769512918323 14.69341264127861 -1.382458417678452
4.831592662626284 21.56715332161309 -0.3802545892299914
4.786864043692591 21.56715332161309 -0.7581647824698977
4.712622816135711 21.56715332161309 -1.131400637710503
4.609326701811245 21.56715332161309 -1.497661031790734
6.007738669075971 21.62356396227328 -0.4728192874125405
5.952121842007556 21.62356396227328 -0.9427234866898149
5.859808204501803 21.62356396227328 -1.406815482184276
5.731366900831335 21.62356396227328 -1.862233992417451
0.4264951285451019 8.587600399520415 -0.03356589456888457
0.4225468366641799 8.587600399520415 -0.06692484423595937
0.4159934030241414 8.587600399520415 -0.09987117998355045
0.4068752317226154 8.587600399520415 -0.1322017766960056
6.346273224353455 20.38565415428326 -0.4994625347319916
6.287522403139379 20.38565415428326 -0.995845716849214
6.190006915496581 20.38565415428326 -1.486089178969756
6.054327976833573 20.38565415428326 -1.967170407127151
5.543627518858257 8.43923048453583 -0.4362929477340695
5.492307215158118 8.43923048453583 -0.869896004363231
5.407125011099048 8.43923048453583 -1.298135862855718
5.288606083295027 8.43923048453583 -1.71837228207972
4.405126044692383 21.57788845024561 -0.346690938494871
4.364345453701746 21.57788845024561 -0.6912444120674853
4.296657221696901 21.57788845024561 -1.031536133977611
4.202478669136784 21.57788845024561 -1.365468092601192
14.5825611205347 20.35507658701656 -1.147672450060401
14.44756260866033 20.35507658701656 -2.288269117826364
14.22349006900148 20.35507658701656 -3.414757845554229
13.91172498327683 20.35507658701656 -4.520193455642041
4.138528519999444 8.443672688477879 -0.3257092582663184
4.100215963862592 8.443672688477879 -0.6494104106461057
4.03662421284836 8.443672688477879 -0.9691077318933845
3.948145331248156 8.443672688477879 -1.282830181712518
14.21585196480048 20.99507715994253 -1.118811813595904
14.08424827430938 20.99507715994253 -2.230725780318308
13.86581050971935 20.99507715994253 -3.328886580813453
13.56188541248702 20.99507715994253 -4.406523688570766
14.58369569203671 21.64732046759985 -1.147761742774124
14.44868667683147 21.64732046759985 -2.288447152734536
14.22459670358768 21.64732046759985 -3.415023525012439
13.91280736150788 21.64732046759985 -4.520545141648083
0.2732214783587157 8.249999999999998 -0.02150299668797648
0.2706921220484169 8.249999999999998 -0.04287342025089958
0.2664938587914248 8.249999999999998 -0.06397951492111693
0.2606525722767829 8.249999999999998 -0.08469115460649795
$EndNodes
$Elements
6 12961 1 12961
2 29 2 195
1 1 27 757 
2 1 757 758 
3 1 758 759 
4 1 759 760 
5 1 760 221 
6 757 28 27 
7 757 761 28 
8 758 761 757 
9 758 762 761 
10 759 762 758 
11 759 763 762 
12 760 763 759 
13 760 764 763 
14 221 764 760 
15 221 222 764 
16 761 29 28 
17 761 765 29 
18 762 765 761 
19 762 766 765 
20 763 766 762 
21 763 767 766 
22 764 767 763 
23 764 768 767 
24 222 768 764 
25 222 223 768 
26 765 30 29 
27 765 769 30 
28 766 769 765 
29 766 770 769 
30 767 770 766 
31 767 771 770 
32 768 771 767 
33 768 772 771 
34 223 772 768 
35 223 224 772 
36 769 31 30 
37 769 773 31 
38 770 773 769 
39 770 774 773 
40 771 774 770 
41 771 775 774 
42 772 775 771 
43 772 776 775 
44 224 776 772 
45 224 225 776 
46 773 32 31 
47 773 777 32 
48 774 777 773 
49 774 778 777 
50 775 778 774 
51 775 779 778 
52 776 779 775 
53 776 780 779 
54 225 780 776 
55 225 226 780 
56 777 33 32 
57 777 781 33 
58 778 781 777 
59 778 782 781 
60 779 782 778 
61 779 783 782 
62 780 783 779 
63 780 784 783 
64 226 784 780 
65 226 227 784 
66 781 34 33 
67 781 785 34 
68 782 785 781 
69 782 786 785 
70 783 786 782 
71 783 787 786 
72 784 787 783 
73 784 788 787 
74 227 788 784 
75 227 228 788 
76 785 35 34 
77 785 789 35 
78 786 789 785 
79 786 790 789 
80 787 790 786 
81 787 791 790 
82 788 791 787 
83 788 792 791 
84 228 792 788 
85 228 229 792 
86 789 36 35 
87 789 793 36 
88 790 793 789 
89 790 794 793 
90 791 794 790 
91 791 795 794 
92 792 795 791 
93 792 796 795 
94 229 796 792 
95 229 230 796 
96 793 37 36 
97 793 797 37 
98 794 797 793 
99 794 798 797 
100 795 798 794 
101 795 799 798 
102 796 799 795 
103 796 800 799 
104 230 800 796 
105 230 231 800 
106 797 38 37 
107 797 801 38 
108 798 801 797 
109 798 802 801 
110 799 802 798 
111 799 803 802 
112 800 803 799 
113 800 804 803 
114 231 804 800 
115 231 232 804 
116 801 39 38 
117 801 805 39 
118 802 805 801 
119 802 806 805 
120 803 806 802 
121 803 807 806 
122 804 807 803 
123 804 808 807 
124 232 808 804 
125 232 233 808 
126 805 40 39 
127 805 809 40 
128 806 809 805 
129 806 810 809 
130 807 810 806 
131 807 811 810 
132 808 811 807 
133 808 812 811 
134 233 812 808 
135 233 234 812 
136 809 41 40 
137 809 813 41 
138 810 813 809 
139 810 814 813 
140 811 814 810 
141 811 815 814 
142 812 815 811 
143 812 816 815 
144 234 816 812 
145 234 235 816 
146 813 42 41 
147 813 817 42 
148 814 817 813 
149 814 818 817 
150 815 818 814 
151 815 819 818 
152 816 819 815 
153 816 820 819 
154 235 820 816 
155 235 236 820 
156 817 43 42 
157 817 821 43 
158 818 821 817 
159 818 822 821 
160 819 822 818 
161 819 823 822 
162 820 823 819 
163 820 824 823 
164 236 824 820 
165 236 237 824 
166 821 44 43 
167 821 825 44 
168 822 825 821 
169 822 826 825 
170 823 826 822 
171 823 827 826 
172 824 827 823 
173 824 828 827 
174 237 828 824 
175 237 238 828 
176 825 45 44 
177 825 829 45 
178 826 829 825 
179 826 830 829 
180 827 830 826 
181 827 831 830 
182 828 831 827 
183 828 832 831 
184 238 832 828 
185 238 239 832 
186 829 2 45 
187 829 329 2 
188 830 329 829 
189 830 330 329 
190 831 330 830 
191 831 331 330 
192 832 331 831 
193 832 332 331 
194 239 332 832 
195 239 16 332 
2 33 2 300
196 329 2 46 
197 329 46 833 
198 330 329 833 
199 330 833 834 
200 331 330 834 
201 331 834 835 
202 332 331 835 
203 332 835 836 
204 16 332 836 
205 16 836 240 
206 833 46 47 
207 833 47 837 
208 834 833 837 
209 834 837 838 
210 835 834 838 
211 835 838 839 
212 836 835 839 
213 836 839 840 
214 240 836 840 
215 240 840 241 
216 837 47 48 
217 837 48 841 
218 838 837 841 
219 838 841 842 
220 839 838 842 
221 839 842 843 
222 840 839 843 
223 840 843 844 
224 241 840 844 
225 241 844 242 
226 841 48 49 
227 841 49 845 
228 842 841 845 
229 842 845 846 
230 843 842 846 
231 843 846 847 
232 844 843 847 
233 844 847 848 
234 242 844 848 
235 242 848 243 
236 845 49 50 
237 845 50 849 
238 846 845 849 
239 846 849 850 
240 847 846 850 
241 847 850 851 
242 848 847 851 
243 848 851 852 
244 243 848 852 
245 243 852 244 
246 849 50 51 
247 849 51 853 
248 850 849 853 
249 850 853 854 
250 851 850 854 
251 851 854 855 
252 852 851 855 
253 852 855 856 
254 244 852 856 
255 244 856 245 
256 853 51 52 
257 853 52 857 
258 854 853 857 
259 854 857 858 
260 855 854 858 
261 855 858 859 
262 856 855 859 
263 856 859 860 
264 245 856 860 
265 245 860 246 
266 857 52 53 
267 857 53 861 
268 858 857 861 
269 858 861 862 
270 859 858 862 
271 859 862 863 
272 860 859 863 
273 860 863 864 
274 246 860 864 
275 246 864 247 
276 861 53 54 
277 861 54 865 
278 862 861 865 
279 862 865 866 
280 863 862 866 
281 863 866 867 
282 864 863 867 
283 864 867 868 
284 247 864 868 
285 247 868 248 
286 865 54 55 
287 865 55 869 
288 866 865 869 
289 866 869 870 
290 867 866 870 
291 867 870 871 
292 868 867 871 
293 868 871 872 
294 248 868 872 
295 248 872 249 
296 869 55 56 
297 869 56 873 
298 870 869 873 
299 870 873 874 
300 871 870 874 
301 871 874 875 
302 872 871 875 
303 872 875 876 
304 249 872 876 
305 249 876 250 
306 873 56 57 
307 873 57 877 
308 874 873 877 
309 874 877 878 
310 875 874 878 
311 875 878 879 
312 876 875 879 
313 876 879 880 
314 250 876 880 
315 250 880 251 
316 877 57 58 
317 877 58 881 
318 878 877 881 
319 878 881 882 
320 879 878 882 
321 879 882 883 
322 880 879 883 
323 880 883 884 
324 251 880 884 
325 251 884 252 
326 881 58 59 
327 881 59 885 
328 882 881 885 
329 882 885 886 
330 883 882 886 
331 883 886 887 
332 884 883 887 
333 884 887 888 
334 252 884 888 
335 252 888 253 
336 885 59 60 
337 885 60 889 
338 886 885 889 
339 886 889 890 
340 887 886 890 
341 887 890 891 
342 888 887 891 
343 888 891 892 
344 253 888 892 
345 253 892 254 
346 889 60 61 
347 889 61 893 
348 890 889 893 
349 890 893 894 
350 891 890 894 
351 891 894 895 
352 892 891 895 
353 892 895 896 
354 254 892 896 
355 254 896 255 
356 893 61 62 
357 893 62 897 
358 894 893 897 
359 894 897 898 
360 895 894 898 
361 895 898 899 
362 896 895 899 
363 896 899 900 
364 255 896 900 
365 255 900 256 
366 897 62 63 
367 897 63 901 
368 898 897 901 
369 898 901 902 
370 899 898 902 
371 899 902 903 
372 900 899 903 
373 900 903 904 
374 256 900 904 
375 256 904 257 
376 901 63 64 
377 901 64 905 
378 902 901 905 
379 902 905 906 
380 903 902 906 
381 903 906 907 
382 904 903 907 
383 904 907 908 
384 257 904 908 
385 257 908 258 
386 905 64 65 
387 905 65 909 
388 906 905 909 
389 906 909 910 
390 907 906 910 
391 907 910 911 
392 908 907 911 
393 908 911 912 
394 258 908 912 
395 258 912 259 
396 909 65 66 
397 909 66 913 
398 910 909 913 
399 910 913 914 
400 911 910 914 
401 911 914 915 
402 912 911 915 
403 912 915 916 
404 259 912 916 
405 259 916 260 
406 913 66 67 
407 913 67 917 
408 914 913 917 
409 914 917 918 
410 915 914 918 
411 915 918 919 
412 916 915 919 
413 916 919 920 
414 260 916 920 
415 260 920 261 
416 917 67 68 
417 917 68 921 
418 918 917 921 
419 918 921 922 
420 919 918 922 
421 919 922 923 
422 920 919 923 
423 920 923 924 
424 261 920 924 
425 261 924 262 
426 921 68 69 
427 921 69 925 
428 922 921 925 
429 922 925 926 
430 923 922 926 
431 923 926 927 
432 924 923 927 
433 924 927 928 
434 262 924 928 
435 262 928 263 
436 925 69 70 
437 925 70 929 
438 926 925 929 
439 926 929 930 
440 927 926 930 
441 927 930 931 
442 928 927 931 
443 928 931 932 
444 263 928 932 
445 263 932 264 
446 929 70 71 
447 929 71 933 
448 930 929 933 
449 930 933 934 
450 931 930 934 
451 931 934 935 
452 932 931 935 
453 932 935 936 
454 264 932 936 
455 264 936 265 
456 933 71 72 
457 933 72 937 
458 934 933 937 
459 934 937 938 
460 935 934 938 
461 935 938 939 
462 936 935 939 
463 936 939 940 
464 265 936 940 
465 265 940 266 
466 937 72 73 
467 937 73 941 
468 938 937 941 
469 938 941 942 
470 939 938 942 
471 939 942 943 
472 940 939 943 
473 940 943 944 
474 266 940 944 
475 266 944 267 
476 941 73 74 
477 941 74 945 
478 942 941 945 
479 942 945 946 
480 943 942 946 
481 943 946 947 
482 944 943 947 
483 944 947 948 
484 267 944 948 
485 267 948 268 
486 945 74 3 
487 945 3 333 
488 946 945 333 
489 946 333 334 
490 947 946 334 
491 947 334 335 
492 948 947 335 
493 948 335 336 
494 268 948 336 
495 268 336 17 
2 91 2 220
496 447 13 193 
497 447 193 1582 
498 448 447 1582 
499 448 1582 1583 
500 449 448 1583 
501 449 1583 1584 
502 450 449 1584 
503 450 1584 1585 
504 25 450 1585 
505 25 1585 408 
506 1582 193 194 
507 1582 194 1586 
508 1583 1582 1586 
509 1583 1586 1587 
510 1584 1583 1587 
511 1584 1587 1588 
512 1585 1584 1588 
513 1585 1588 1589 
514 408 1585 1589 
515 408 1589 409 
516 1586 194 195 
517 1586 195 1590 
518 1587 1586 1590 
519 1587 1590 1591 
520 1588 1587 1591 
521 1588 1591 1592 
522 1589 1588 1592 
523 1589 1592 1593 
524 409 1589 1593 
525 409 1593 410 
526 1590 195 196 
527 1590 196 1594 
528 1591 1590 1594 
529 1591 1594 1595 
530 1592 1591 1595 
531 1592 1595 1596 
532 1593 1592 1596 
533 1593 1596 1597 
534 410 1593 1597 
535 410 1597 411 
536 1594 196 197 
537 1594 197 1598 
538 1595 1594 1598 
539 1595 1598 1599 
540 1596 1595 1599 
541 1596 1599 1600 
542 1597 1596 1600 
543 1597 1600 1601 
544 411 1597 1601 
545 411 1601 412 
546 1598 197 198 
547 1598 198 1602 
548 1599 1598 1602 
549 1599 1602 1603 
550 1600 1599 1603 
551 1600 1603 1604 
552 1601 1600 1604 
553 1601 1604 1605 
554 412 1601 1605 
555 412 1605 413 
556 1602 198 199 
557 1602 199 1606 
558 1603 1602 1606 
559 1603 1606 1607 
560 1604 1603 1607 
561 1604 1607 1608 
562 1605 1604 1608 
563 1605 1608 1609 
564 413 1605 1609 
565 413 1609 414 
566 1606 199 200 
567 1606 200 1610 
568 1607 1606 1610 
569 1607 1610 1611 
570 1608 1607 1611 
571 1608 1611 1612 
572 1609 1608 1612 
573 1609 1612 1613 
574 414 1609 1613 
575 414 1613 415 
576 1610 200 201 
577 1610 201 1614 
578 1611 1610 1614 
579 1611 1614 1615 
580 1612 1611 1615 
581 1612 1615 1616 
582 1613 1612 1616 
583 1613 1616 1617 
584 415 1613 1617 
585 415 1617 416 
586 1614 201 202 
587 1614 202 1618 
588 1615 1614 1618 
589 1615 1618 1619 
590 1616 1615 1619 
591 1616 1619 1620 
592 1617 1616 1620 
593 1617 1620 1621 
594 416 1617 1621 
595 416 1621 417 
596 1618 202 203 
597 1618 203 1622 
598 1619 1618 1622 
599 1619 1622 1623 
600 1620 1619 1623 
601 1620 1623 1624 
602 1621 1620 1624 
603 1621 1624 1625 
604 417 1621 1625 
605 417 1625 418 
606 1622 203 204 
607 1622 204 1626 
608 1623 1622 1626 
609 1623 1626 1627 
610 1624 1623 1627 
611 1624 1627 1628 
612 1625 1624 1628 
613 1625 1628 1629 
614 418 1625 1629 
615 418 1629 419 
616 1626 204 205 
617 1626 205 1630 
618 1627 1626 1630 
619 1627 1630 1631 
620 1628 1627 1631 
621 1628 1631 1632 
622 1629 1628 1632 
623 1629 1632 1633 
624 419 1629 1633 
625 419 1633 420 
626 1630 205 206 
627 1630 206 1634 
628 1631 1630 1634 
629 1631 1634 1635 
630 1632 1631 1635 
631 1632 1635 1636 
632 1633 1632 1636 
633 1633 1636 1637 
634 420 1633 1637 
635 420 1637 421 
636 1634 206 207 
637 1634 207 1638 
638 1635 1634 1638 
639 1635 1638 1639 
640 1636 1635 1639 
641 1636 1639 1640 
642 1637 1636 1640 
643 1637 1640 1641 
644 421 1637 1641 
645 421 1641 422 
646 1638 207 208 
647 1638 208 1642 
648 1639 1638 1642 
649 1639 1642 1643 
650 1640 1639 1643 
651 1640 1643 1644 
652 1641 1640 1644 
653 1641 1644 1645 
654 422 1641 1645 
655 422 1645 423 
656 1642 208 209 
657 1642 209 1646 
658 1643 1642 1646 
659 1643 1646 1647 
660 1644 1643 1647 
661 1644 1647 1648 
662 1645 1644 1648 
663 1645 1648 1649 
664 423 1645 1649 
665 423 1649 424 
666 1646 209 210 
667 1646 210 1650 
668 1647 1646 1650 
669 1647 1650 1651 
670 1648 1647 1651 
671 1648 1651 1652 
672 1649 1648 1652 
673 1649 1652 1653 
674 424 1649 1653 
675 424 1653 425 
676 1650 210 211 
677 1650 211 1654 
678 1651 1650 1654 
679 1651 1654 1655 
680 1652 1651 1655 
681 1652 1655 1656 
682 1653 1652 1656 
683 1653 1656 1657 
684 425 1653 1657 
685 425 1657 426 
686 1654 211 212 
687 1654 212 1658 
688 1655 1654 1658 
689 1655 1658 1659 
690 1656 1655 1659 
691 1656 1659 1660 
692 1657 1656 1660 
693 1657 1660 1661 
694 426 1657 1661 
695 426 1661 427 
696 1658 212 213 
697 1658 213 1662 
698 1659 1658 1662 
699 1659 1662 1663 
700 1660 1659 1663 
701 1660 1663 1664 
702 1661 1660 1664 
703 1661 1664 1665 
704 427 1661 1665 
705 427 1665 428 
706 1662 213 14 
707 1662 14 451 
708 1663 1662 451 
709 1663 451 452 
710 1664 1663 452 
711 1664 452 453 
712 1665 1664 453 
713 1665 453 454 
714 428 1665 454 
715 428 454 26 
2 94 2 65
716 451 14 214 
717 451 214 1666 
718 452 451 1666 
719 452 1666 1667 
720 453 452 1667 
721 453 1667 1668 
722 454 453 1668 
723 454 1668 1669 
724 26 454 1669 
725 26 1669 429 
726 1666 214 215 
727 1666 215 1670 
728 1667 1666 1670 
729 1667 1670 1671 
730 1668 1667 1671 
731 1668 1671 1672 
732 1669 1668 1672 
733 1669 1672 1673 
734 429 1669 1673 
735 429 1673 430 
736 1670 215 216 
737 1670 216 1674 
738 1671 1670 1674 
739 1671 1674 1675 
740 1672 1671 1675 
741 1672 1675 1676 
742 1673 1672 1676 
743 1673 1676 1677 
744 430 1673 1677 
745 430 1677 431 
746 1674 216 217 
747 1674 217 1678 
748 1675 1674 1678 
749 1675 1678 1679 
750 1676 1675 1679 
751 1676 1679 1680 
752 1677 1676 1680 
753 1677 1680 1681 
754 431 1677 1681 
755 431 1681 432 
756 1678 217 218 
757 1678 218 1682 
758 1679 1678 1682 
759 1679 1682 1683 
760 1680 1679 1683 
761 1680 1683 1684 
762 1681 1680 1684 
763 1681 1684 1685 
764 432 1681 1685 
765 432 1685 433 
766 1682 218 219 
767 1682 219 1686 
768 1683 1682 1686 
769 1683 1686 1687 
770 1684 1683 1687 
771 1684 1687 1688 
772 1685 1684 1688 
773 1685 1688 1689 
774 433 1685 1689 
775 433 1689 434 
776 219 1686 15 
777 1686 1687 15 
778 1687 1688 15 
779 1688 1689 15 
780 1689 434 15 
3 1 4 6878
781 529 457 566 2263 
782 1827 2115 2263 529 
783 1827 529 2263 457 
784 2115 1827 2263 2264 
785 1828 2116 2264 2115 
786 1828 2115 2264 1827 
787 2116 1828 2264 2265 
788 1829 2117 2265 2116 
789 1829 2116 2265 1828 
790 2117 1829 2265 2266 
791 1830 2118 2266 2117 
792 1830 2117 2266 1829 
793 2118 1830 2266 1300 
794 1191 1263 1300 2118 
795 1191 2118 1300 1830 
796 457 529 575 2299 
797 2115 1827 2299 529 
798 529 457 1827 2299 
799 1827 2115 2299 2300 
800 2116 1828 2300 2115 
801 2115 1827 1828 2300 
802 1828 2116 2300 2301 
803 2117 1829 2301 2116 
804 2116 1828 1829 2301 
805 1829 2117 2301 2302 
806 2118 1830 2302 2117 
807 2117 1829 1830 2302 
808 1830 2118 2302 1309 
809 1263 1191 1309 2118 
810 2118 1830 1191 1309 
811 510 492 529 2115 
812 1967 2039 2115 510 
813 1967 510 2115 492 
814 2039 1967 2115 2116 
815 1968 2040 2116 2039 
816 1968 2039 2116 1967 
817 2040 1968 2116 2117 
818 1969 2041 2117 2040 
819 1969 2040 2117 1968 
820 2041 1969 2117 2118 
821 1970 2042 2118 2041 
822 1970 2041 2118 1969 
823 2042 1970 2118 1263 
824 1226 1244 1263 2042 
825 1226 2042 1263 1970 
826 458 510 529 2115 
827 2039 1831 2115 458 
828 2039 458 2115 510 
829 1831 2039 2115 2116 
830 2040 1832 2116 1831 
831 2040 1831 2116 2039 
832 1832 2040 2116 2117 
833 2041 1833 2117 1832 
834 2041 1832 2117 2040 
835 1833 2041 2117 2118 
836 2042 1834 2118 1833 
837 2042 1833 2118 2041 
838 1834 2042 2118 1263 
839 1244 1192 1263 1834 
840 1244 1834 1263 2042 
841 555 556 567 2267 
842 2223 2219 2267 555 
843 2223 555 2267 556 
844 2219 2223 2267 2268 
845 2224 2220 2268 2219 
846 2224 2219 2268 2223 
847 2220 2224 2268 2269 
848 2225 2221 2269 2220 
849 2225 2220 2269 2224 
850 2221 2225 2269 2270 
851 2226 2222 2270 2221 
852 2226 2221 2270 2225 
853 2222 2226 2270 1301 
854 1290 1289 1301 2222 
855 1290 2222 1301 2226 
856 556 468 567 2267 
857 1871 2223 2267 468 
858 468 556 2223 2267 
859 2223 1871 2267 2268 
860 1872 2224 2268 1871 
861 1871 2223 2224 2268 
862 2224 1872 2268 2269 
863 1873 2225 2269 1872 
864 1872 2224 2225 2269 
865 2225 1873 2269 2270 
866 1874 2226 2270 1873 
867 1873 2225 2226 2270 
868 2226 1874 2270 1301 
869 1202 1290 1301 1874 
870 1874 2226 1290 1301 
871 586 511 587 2347 
872 2043 2343 2347 586 
873 2043 586 2347 511 
874 2343 2043 2347 2348 
875 2044 2344 2348 2343 
876 2044 2343 2348 2043 
877 2344 2044 2348 2349 
878 2045 2345 2349 2344 
879 2045 2344 2349 2044 
880 2345 2045 2349 2350 
881 2046 2346 2350 2345 
882 2046 2345 2350 2045 
883 2346 2046 2350 1321 
884 1245 1320 1321 2346 
885 1245 2346 1321 2046 
886 499 586 587 2347 
887 2343 1995 2347 499 
888 2343 499 2347 586 
889 1995 2343 2347 2348 
890 2344 1996 2348 1995 
891 2344 1995 2348 2343 
892 1996 2344 2348 2349 
893 2345 1997 2349 1996 
894 2345 1996 2349 2344 
895 1997 2345 2349 2350 
896 2346 1998 2350 1997 
897 2346 1997 2350 2345 
898 1998 2346 2350 1321 
899 1320 1233 1321 1998 
900 1320 1998 1321 2346 
901 595 473 610 2439 
902 1891 2379 2439 595 
903 1891 595 2439 473 
904 2379 1891 2439 2440 
905 1892 2380 2440 2379 
906 1892 2379 2440 1891 
907 2380 1892 2440 2441 
908 1893 2381 2441 2380 
909 1893 2380 2441 1892 
910 2381 1893 2441 2442 
911 1894 2382 2442 2381 
912 1894 2381 2442 1893 
913 2382 1894 2442 1344 
914 1207 1329 1344 2382 
915 1207 2382 1344 1894 
916 536 595 610 2439 
917 2379 2143 2439 536 
918 2379 536 2439 595 
919 2143 2379 2439 2440 
920 2380 2144 2440 2143 
921 2380 2143 2440 2379 
922 2144 2380 2440 2441 
923 2381 2145 2441 2144 
924 2381 2144 2441 2380 
925 2145 2381 2441 2442 
926 2382 2146 2442 2145 
927 2382 2145 2442 2381 
928 2146 2382 2442 1344 
929 1329 1270 1344 2146 
930 1329 2146 1344 2382 
931 607 552 609 2435 
932 2207 2427 2435 607 
933 2207 607 2435 552 
934 2427 2207 2435 2436 
935 2208 2428 2436 2427 
936 2208 2427 2436 2207 
937 2428 2208 2436 2437 
938 2209 2429 2437 2428 
939 2209 2428 2437 2208 
940 2429 2209 2437 2438 
941 2210 2430 2438 2429 
942 2210 2429 2438 2209 
943 2430 2210 2438 1343 
944 1286 1341 1343 2430 
945 1286 2430 1343 2210 
946 509 607 609 2435 
947 2427 2035 2435 509 
948 2427 509 2435 607 
949 2035 2427 2435 2436 
950 2428 2036 2436 2035 
951 2428 2035 2436 2427 
952 2036 2428 2436 2437 
953 2429 2037 2437 2036 
954 2429 2036 2437 2428 
955 2037 2429 2437 2438 
956 2430 2038 2438 2037 
957 2430 2037 2438 2429 
958 2038 2430 2438 1343 
959 1341 1243 1343 2038 
960 1341 2038 1343 2430 
961 478 604 605 2419 
962 2415 1911 2419 478 
963 2415 478 2419 604 
964 1911 2415 2419 2420 
965 2416 1912 2420 1911 
966 2416 1911 2420 2415 
967 1912 2416 2420 2421 
968 2417 1913 2421 1912 
969 2417 1912 2421 2416 
970 1913 2417 2421 2422 
971 2418 1914 2422 1913 
972 2418 1913 2422 2417 
973 1914 2418 2422 1339 
974 1338 1212 1339 1914 
975 1338 1914 1339 2418 
976 604 544 605 2419 
977 2175 2415 2419 604 
978 2175 604 2419 544 
979 2415 2175 2419 2420 
980 2176 2416 2420 2415 
981 2176 2415 2420 2175 
982 2416 2176 2420 2421 
983 2177 2417 2421 2416 
984 2177 2416 2421 2176 
985 2417 2177 2421 2422 
986 2178 2418 2422 2417 
987 2178 2417 2422 2177 
988 2418 2178 2422 1339 
989 1278 1338 1339 2418 
990 1278 2418 1339 2178 
991 477 602 603 2411 
992 2407 1907 2411 477 
993 2407 477 2411 602 
994 1907 2407 2411 2412 
995 2408 1908 2412 1907 
996 2408 1907 2412 2407 
997 1908 2408 2412 2413 
998 2409 1909 2413 1908 
999 2409 1908 2413 2408 
1000 1909 2409 2413 2414 
1001 2410 1910 2414 1909 
1002 2410 1909 2414 2409 
1003 1910 2410 2414 1337 
1004 1336 1211 1337 1910 
1005 1336 1910 1337 2410 
1006 602 548 603 2411 
1007 2191 2407 2411 602 
1008 2191 602 2411 548 
1009 2407 2191 2411 2412 
1010 2192 2408 2412 2407 
1011 2192 2407 2412 2191 
1012 2408 2192 2412 2413 
1013 2193 2409 2413 2408 
1014 2193 2408 2413 2192 
1015 2409 2193 2413 2414 
1016 2194 2410 2414 2409 
1017 2194 2409 2414 2193 
1018 2410 2194 2414 1337 
1019 1282 1336 1337 2410 
1020 1282 2410 1337 2194 
1021 476 600 601 2403 
1022 2399 1903 2403 476 
1023 2399 476 2403 600 
1024 1903 2399 2403 2404 
1025 2400 1904 2404 1903 
1026 2400 1903 2404 2399 
1027 1904 2400 2404 2405 
1028 2401 1905 2405 1904 
1029 2401 1904 2405 2400 
1030 1905 2401 2405 2406 
1031 2402 1906 2406 1905 
1032 2402 1905 2406 2401 
1033 1906 2402 2406 1335 
1034 1334 1210 1335 1906 
1035 1334 1906 1335 2402 
1036 600 542 601 2403 
1037 2167 2399 2403 600 
1038 2167 600 2403 542 
1039 2399 2167 2403 2404 
1040 2168 2400 2404 2399 
1041 2168 2399 2404 2167 
1042 2400 2168 2404 2405 
1043 2169 2401 2405 2400 
1044 2169 2400 2405 2168 
1045 2401 2169 2405 2406 
1046 2170 2402 2406 2401 
1047 2170 2401 2406 2169 
1048 2402 2170 2406 1335 
1049 1276 1334 1335 2402 
1050 1276 2402 1335 2170 
1051 475 598 599 2395 
1052 2391 1899 2395 475 
1053 2391 475 2395 598 
1054 1899 2391 2395 2396 
1055 2392 1900 2396 1899 
1056 2392 1899 2396 2391 
1057 1900 2392 2396 2397 
1058 2393 1901 2397 1900 
1059 2393 1900 2397 2392 
1060 1901 2393 2397 2398 
1061 2394 1902 2398 1901 
1062 2394 1901 2398 2393 
1063 1902 2394 2398 1333 
1064 1332 1209 1333 1902 
1065 1332 1902 1333 2394 
1066 598 546 599 2395 
1067 2183 2391 2395 598 
1068 2183 598 2395 546 
1069 2391 2183 2395 2396 
1070 2184 2392 2396 2391 
1071 2184 2391 2396 2183 
1072 2392 2184 2396 2397 
1073 2185 2393 2397 2392 
1074 2185 2392 2397 2184 
1075 2393 2185 2397 2398 
1076 2186 2394 2398 2393 
1077 2186 2393 2398 2185 
1078 2394 2186 2398 1333 
1079 1280 1332 1333 2394 
1080 1280 2394 1333 2186 
1081 474 596 597 2387 
1082 2383 1895 2387 474 
1083 2383 474 2387 596 
1084 1895 2383 2387 2388 
1085 2384 1896 2388 1895 
1086 2384 1895 2388 2383 
1087 1896 2384 2388 2389 
1088 2385 1897 2389 1896 
1089 2385 1896 2389 2384 
1090 1897 2385 2389 2390 
1091 2386 1898 2390 1897 
1092 2386 1897 2390 2385 
1093 1898 2386 2390 1331 
1094 1330 1208 1331 1898 
1095 1330 1898 1331 2386 
1096 596 538 597 2387 
1097 2151 2383 2387 596 
1098 2151 596 2387 538 
1099 2383 2151 2387 2388 
1100 2152 2384 2388 2383 
1101 2152 2383 2388 2151 
1102 2384 2152 2388 2389 
1103 2153 2385 2389 2384 
1104 2153 2384 2389 2152 
1105 2385 2153 2389 2390 
1106 2154 2386 2390 2385 
1107 2154 2385 2390 2153 
1108 2386 2154 2390 1331 
1109 1272 1330 1331 2386 
1110 1272 2386 1331 2154 
1111 593 540 594 2375 
1112 2159 2371 2375 593 
1113 2159 593 2375 540 
1114 2371 2159 2375 2376 
1115 2160 2372 2376 2371 
1116 2160 2371 2376 2159 
1117 2372 2160 2376 2377 
1118 2161 2373 2377 2372 
1119 2161 2372 2377 2160 
1120 2373 2161 2377 2378 
1121 2162 2374 2378 2373 
1122 2162 2373 2378 2161 
1123 2374 2162 2378 1328 
1124 1274 1327 1328 2374 
1125 1274 2374 1328 2162 
1126 472 593 594 2375 
1127 2371 1887 2375 472 
1128 2371 472 2375 593 
1129 1887 2371 2375 2376 
1130 2372 1888 2376 1887 
1131 2372 1887 2376 2371 
1132 1888 2372 2376 2377 
1133 2373 1889 2377 1888 
1134 2373 1888 2377 2372 
1135 1889 2373 2377 2378 
1136 2374 1890 2378 1889 
1137 2374 1889 2378 2373 
1138 1890 2374 2378 1328 
1139 1327 1206 1328 1890 
1140 1327 1890 1328 2374 
1141 469 591 592 2367 
1142 2363 1875 2367 469 
1143 2363 469 2367 591 
1144 1875 2363 2367 2368 
1145 2364 1876 2368 1875 
1146 2364 1875 2368 2363 
1147 1876 2364 2368 2369 
1148 2365 1877 2369 1876 
1149 2365 1876 2369 2364 
1150 1877 2365 2369 2370 
1151 2366 1878 2370 1877 
1152 2366 1877 2370 2365 
1153 1878 2366 2370 1326 
1154 1325 1203 1326 1878 
1155 1325 1878 1326 2366 
1156 591 556 592 2367 
1157 2223 2363 2367 591 
1158 2223 591 2367 556 
1159 2363 2223 2367 2368 
1160 2224 2364 2368 2363 
1161 2224 2363 2368 2223 
1162 2364 2224 2368 2369 
1163 2225 2365 2369 2364 
1164 2225 2364 2369 2224 
1165 2365 2225 2369 2370 
1166 2226 2366 2370 2365 
1167 2226 2365 2370 2225 
1168 2366 2226 2370 1326 
1169 1290 1325 1326 2366 
1170 1290 2366 1326 2226 
1171 589 533 590 2359 
1172 2131 2355 2359 589 
1173 2131 589 2359 533 
1174 2355 2131 2359 2360 
1175 2132 2356 2360 2355 
1176 2132 2355 2360 2131 
1177 2356 2132 2360 2361 
1178 2133 2357 2361 2356 
1179 2133 2356 2361 2132 
1180 2357 2133 2361 2362 
1181 2134 2358 2362 2357 
1182 2134 2357 2362 2133 
1183 2358 2134 2362 1324 
1184 1267 1323 1324 2358 
1185 1267 2358 1324 2134 
1186 471 589 590 2359 
1187 2355 1883 2359 471 
1188 2355 471 2359 589 
1189 1883 2355 2359 2360 
1190 2356 1884 2360 1883 
1191 2356 1883 2360 2355 
1192 1884 2356 2360 2361 
1193 2357 1885 2361 1884 
1194 2357 1884 2361 2356 
1195 1885 2357 2361 2362 
1196 2358 1886 2362 1885 
1197 2358 1885 2362 2357 
1198 1886 2358 2362 1324 
1199 1323 1205 1324 1886 
1200 1323 1886 1324 2358 
1201 514 456 611 2443 
1202 1823 2055 2443 514 
1203 1823 514 2443 456 
1204 2055 1823 2443 2444 
1205 1824 2056 2444 2055 
1206 1824 2055 2444 1823 
1207 2056 1824 2444 2445 
1208 1825 2057 2445 2056 
1209 1825 2056 2445 1824 
1210 2057 1825 2445 2446 
1211 1826 2058 2446 2057 
1212 1826 2057 2446 1825 
1213 2058 1826 2446 1345 
1214 1190 1248 1345 2058 
1215 1190 2058 1345 1826 
1216 456 514 583 2331 
1217 2055 1823 2331 514 
1218 514 456 1823 2331 
1219 1823 2055 2331 2332 
1220 2056 1824 2332 2055 
1221 2055 1823 1824 2332 
1222 1824 2056 2332 2333 
1223 2057 1825 2333 2056 
1224 2056 1824 1825 2333 
1225 1825 2057 2333 2334 
1226 2058 1826 2334 2057 
1227 2057 1825 1826 2334 
1228 1826 2058 2334 1317 
1229 1248 1190 1317 2058 
1230 2058 1826 1190 1317 
1231 512 455 513 2051 
1232 1819 2047 2051 512 
1233 1819 512 2051 455 
1234 2047 1819 2051 2052 
1235 1820 2048 2052 2047 
1236 1820 2047 2052 1819 
1237 2048 1820 2052 2053 
1238 1821 2049 2053 2048 
1239 1821 2048 2053 1820 
1240 2049 1821 2053 2054 
1241 1822 2050 2054 2049 
1242 1822 2049 2054 1821 
1243 2050 1822 2054 1247 
1244 1189 1246 1247 2050 
1245 1189 2050 1247 1822 
1246 519 581 582 2327 
1247 2323 2075 2327 519 
1248 2323 519 2327 581 
1249 2075 2323 2327 2328 
1250 2324 2076 2328 2075 
1251 2324 2075 2328 2323 
1252 2076 2324 2328 2329 
1253 2325 2077 2329 2076 
1254 2325 2076 2329 2324 
1255 2077 2325 2329 2330 
1256 2326 2078 2330 2077 
1257 2326 2077 2330 2325 
1258 2078 2326 2330 1316 
1259 1315 1253 1316 2078 
1260 1315 2078 1316 2326 
1261 581 467 582 2327 
1262 1867 2323 2327 581 
1263 1867 581 2327 467 
1264 2323 1867 2327 2328 
1265 1868 2324 2328 2323 
1266 1868 2323 2328 1867 
1267 2324 1868 2328 2329 
1268 1869 2325 2329 2324 
1269 1869 2324 2329 1868 
1270 2325 1869 2329 2330 
1271 1870 2326 2330 2325 
1272 1870 2325 2330 1869 
1273 2326 1870 2330 1316 
1274 1201 1315 1316 2326 
1275 1201 2326 1316 1870 
1276 525 524 576 2303 
1277 2095 2099 2303 525 
1278 2095 525 2303 524 
1279 2099 2095 2303 2304 
1280 2096 2100 2304 2099 
1281 2096 2099 2304 2095 
1282 2100 2096 2304 2305 
1283 2097 2101 2305 2100 
1284 2097 2100 2305 2096 
1285 2101 2097 2305 2306 
1286 2098 2102 2306 2101 
1287 2098 2101 2306 2097 
1288 2102 2098 2306 1310 
1289 1258 1259 1310 2102 
1290 1258 2102 1310 2098 
1291 521 579 580 2319 
1292 2315 2083 2319 521 
1293 2315 521 2319 579 
1294 2083 2315 2319 2320 
1295 2316 2084 2320 2083 
1296 2316 2083 2320 2315 
1297 2084 2316 2320 2321 
1298 2317 2085 2321 2084 
1299 2317 2084 2321 2316 
1300 2085 2317 2321 2322 
1301 2318 2086 2322 2085 
1302 2318 2085 2322 2317 
1303 2086 2318 2322 1314 
1304 1313 1255 1314 2086 
1305 1313 2086 1314 2318 
1306 579 466 580 2319 
1307 1863 2315 2319 579 
1308 1863 579 2319 466 
1309 2315 1863 2319 2320 
1310 1864 2316 2320 2315 
1311 1864 2315 2320 1863 
1312 2316 1864 2320 2321 
1313 1865 2317 2321 2316 
1314 1865 2316 2321 1864 
1315 2317 1865 2321 2322 
1316 1866 2318 2322 2317 
1317 1866 2317 2322 1865 
1318 2318 1866 2322 1314 
1319 1200 1313 1314 2318 
1320 1200 2318 1314 1866 
1321 528 529 566 2263 
1322 2115 2111 2263 528 
1323 2115 528 2263 529 
1324 2111 2115 2263 2264 
1325 2116 2112 2264 2111 
1326 2116 2111 2264 2115 
1327 2112 2116 2264 2265 
1328 2117 2113 2265 2112 
1329 2117 2112 2265 2116 
1330 2113 2117 2265 2266 
1331 2118 2114 2266 2113 
1332 2118 2113 2266 2117 
1333 2114 2118 2266 1300 
1334 1263 1262 1300 2114 
1335 1263 2114 1300 2118 
1336 532 533 588 2131 
1337 2131 2127 2351 532 
1338 2131 532 2351 588 
1339 2127 2131 2351 2132 
1340 2132 2128 2352 2127 
1341 2132 2127 2352 2351 
1342 2128 2132 2352 2133 
1343 2133 2129 2353 2128 
1344 2133 2128 2353 2352 
1345 2129 2133 2353 2134 
1346 2134 2130 2354 2129 
1347 2134 2129 2354 2353 
1348 2130 2134 2354 1267 
1349 1267 1266 1322 2130 
1350 1267 2130 1322 2354 
1351 585 497 613 2451 
1352 1987 2339 2451 585 
1353 1987 585 2451 497 
1354 2339 1987 2451 2452 
1355 1988 2340 2452 2339 
1356 1988 2339 2452 1987 
1357 2340 1988 2452 2453 
1358 1989 2341 2453 2340 
1359 1989 2340 2453 1988 
1360 2341 1989 2453 2454 
1361 1990 2342 2454 2341 
1362 1990 2341 2454 1989 
1363 2342 1990 2454 1347 
1364 1231 1319 1347 2342 
1365 1231 2342 1347 1990 
1366 588 533 589 2131 
1367 2131 2351 2355 588 
1368 2131 588 2355 589 
1369 2351 2131 2355 2132 
1370 2132 2352 2356 2351 
1371 2132 2351 2356 2355 
1372 2352 2132 2356 2133 
1373 2133 2353 2357 2352 
1374 2133 2352 2357 2356 
1375 2353 2133 2357 2134 
1376 2134 2354 2358 2353 
1377 2134 2353 2358 2357 
1378 2354 2134 2358 1267 
1379 1267 1322 1323 2354 
1380 1267 2354 1323 2358 
1381 525 577 578 2311 
1382 2307 2099 2311 525 
1383 2307 525 2311 577 
1384 2099 2307 2311 2312 
1385 2308 2100 2312 2099 
1386 2308 2099 2312 2307 
1387 2100 2308 2312 2313 
1388 2309 2101 2313 2100 
1389 2309 2100 2313 2308 
1390 2101 2309 2313 2314 
1391 2310 2102 2314 2101 
1392 2310 2101 2314 2309 
1393 2102 2310 2314 1312 
1394 1311 1259 1312 2102 
1395 1311 2102 1312 2310 
1396 529 492 575 2299 
1397 1967 2115 2299 492 
1398 492 529 2115 2299 
1399 2115 1967 2299 2300 
1400 1968 2116 2300 1967 
1401 1967 2115 2116 2300 
1402 2116 1968 2300 2301 
1403 1969 2117 2301 1968 
1404 1968 2116 2117 2301 
1405 2117 1969 2301 2302 
1406 1970 2118 2302 1969 
1407 1969 2117 2118 2302 
1408 2118 1970 2302 1309 
1409 1226 1263 1309 1970 
1410 1970 2118 1263 1309 
1411 577 465 578 2311 
1412 1859 2307 2311 577 
1413 1859 577 2311 465 
1414 2307 1859 2311 2312 
1415 1860 2308 2312 2307 
1416 1860 2307 2312 1859 
1417 2308 1860 2312 2313 
1418 1861 2309 2313 2308 
1419 1861 2308 2313 1860 
1420 2309 1861 2313 2314 
1421 1862 2310 2314 2309 
1422 1862 2309 2314 1861 
1423 2310 1862 2314 1312 
1424 1199 1311 1312 2310 
1425 1199 2310 1312 1862 
1426 513 455 615 2459 
1427 1819 2051 2459 455 
1428 455 513 2051 2459 
1429 2051 1819 2459 2460 
1430 1820 2052 2460 1819 
1431 1819 2051 2052 2460 
1432 2052 1820 2460 2461 
1433 1821 2053 2461 1820 
1434 1820 2052 2053 2461 
1435 2053 1821 2461 2462 
1436 1822 2054 2462 1821 
1437 1821 2053 2054 2462 
1438 2054 1822 2462 1349 
1439 1189 1247 1349 1822 
1440 1822 2054 1247 1349 
1441 464 525 576 2303 
1442 2099 1855 2303 464 
1443 2099 464 2303 525 
1444 1855 2099 2303 2304 
1445 2100 1856 2304 1855 
1446 2100 1855 2304 2099 
1447 1856 2100 2304 2305 
1448 2101 1857 2305 1856 
1449 2101 1856 2305 2100 
1450 1857 2101 2305 2306 
1451 2102 1858 2306 1857 
1452 2102 1857 2306 2101 
1453 1858 2102 2306 1310 
1454 1259 1198 1310 1858 
1455 1259 1858 1310 2102 
1456 455 512 514 2055 
1457 2047 1819 2055 512 
1458 512 455 1819 2055 
1459 1819 2047 2055 2056 
1460 2048 1820 2056 2047 
1461 2047 1819 1820 2056 
1462 1820 2048 2056 2057 
1463 2049 1821 2057 2048 
1464 2048 1820 1821 2057 
1465 1821 2049 2057 2058 
1466 2050 1822 2058 2049 
1467 2049 1821 1822 2058 
1468 1822 2050 2058 1248 
1469 1246 1189 1248 2050 
1470 2050 1822 1189 1248 
1471 508 608 614 2455 
1472 2431 2031 2455 508 
1473 2431 508 2455 608 
1474 2031 2431 2455 2456 
1475 2432 2032 2456 2031 
1476 2432 2031 2456 2431 
1477 2032 2432 2456 2457 
1478 2433 2033 2457 2032 
1479 2433 2032 2457 2432 
1480 2033 2433 2457 2458 
1481 2434 2034 2458 2033 
1482 2434 2033 2458 2433 
1483 2034 2434 2458 1348 
1484 1342 1242 1348 2034 
1485 1342 2034 1348 2434 
1486 513 460 561 2243 
1487 1839 2051 2243 513 
1488 1839 513 2243 460 
1489 2051 1839 2243 2244 
1490 1840 2052 2244 2051 
1491 1840 2051 2244 1839 
1492 2052 1840 2244 2245 
1493 1841 2053 2245 2052 
1494 1841 2052 2245 1840 
1495 2053 1841 2245 2246 
1496 1842 2054 2246 2053 
1497 1842 2053 2246 1841 
1498 2054 1842 2246 1295 
1499 1194 1247 1295 2054 
1500 1194 2054 1295 1842 
1501 516 459 563 2251 
1502 1835 2063 2251 516 
1503 1835 516 2251 459 
1504 2063 1835 2251 2252 
1505 1836 2064 2252 2063 
1506 1836 2063 2252 1835 
1507 2064 1836 2252 2253 
1508 1837 2065 2253 2064 
1509 1837 2064 2253 1836 
1510 2065 1837 2253 2254 
1511 1838 2066 2254 2065 
1512 1838 2065 2254 1837 
1513 2066 1838 2254 1297 
1514 1193 1250 1297 2066 
1515 1193 2066 1297 1838 
1516 516 488 621 2483 
1517 1951 2063 2483 516 
1518 1951 516 2483 488 
1519 2063 1951 2483 2484 
1520 1952 2064 2484 2063 
1521 1952 2063 2484 1951 
1522 2064 1952 2484 2485 
1523 1953 2065 2485 2064 
1524 1953 2064 2485 1952 
1525 2065 1953 2485 2486 
1526 1954 2066 2486 2065 
1527 1954 2065 2486 1953 
1528 2066 1954 2486 1355 
1529 1222 1250 1355 2066 
1530 1222 2066 1355 1954 
1531 511 456 583 2331 
1532 1823 2043 2331 456 
1533 456 511 2043 2331 
1534 2043 1823 2331 2332 
1535 1824 2044 2332 1823 
1536 1823 2043 2044 2332 
1537 2044 1824 2332 2333 
1538 1825 2045 2333 1824 
1539 1824 2044 2045 2333 
1540 2045 1825 2333 2334 
1541 1826 2046 2334 1825 
1542 1825 2045 2046 2334 
1543 2046 1826 2334 1317 
1544 1190 1245 1317 1826 
1545 1826 2046 1245 1317 
1546 563 459 568 2271 
1547 1835 2251 2271 459 
1548 459 563 2251 2271 
1549 2251 1835 2271 2272 
1550 1836 2252 2272 1835 
1551 1835 2251 2252 2272 
1552 2252 1836 2272 2273 
1553 1837 2253 2273 1836 
1554 1836 2252 2253 2273 
1555 2253 1837 2273 2274 
1556 1838 2254 2274 1837 
1557 1837 2253 2254 2274 
1558 2254 1838 2274 1302 
1559 1193 1297 1302 1838 
1560 1838 2254 1297 1302 
1561 510 458 585 2339 
1562 1831 2039 2339 458 
1563 458 510 2039 2339 
1564 2039 1831 2339 2340 
1565 1832 2040 2340 1831 
1566 1831 2039 2040 2340 
1567 2040 1832 2340 2341 
1568 1833 2041 2341 1832 
1569 1832 2040 2041 2341 
1570 2041 1833 2341 2342 
1571 1834 2042 2342 1833 
1572 1833 2041 2042 2342 
1573 2042 1834 2342 1319 
1574 1192 1244 1319 1834 
1575 1834 2042 1244 1319 
1576 510 585 613 2451 
1577 2339 2039 2451 510 
1578 2339 510 2451 585 
1579 2039 2339 2451 2452 
1580 2340 2040 2452 2039 
1581 2340 2039 2452 2339 
1582 2040 2340 2452 2453 
1583 2341 2041 2453 2040 
1584 2341 2040 2453 2340 
1585 2041 2341 2453 2454 
1586 2342 2042 2454 2041 
1587 2342 2041 2454 2341 
1588 2042 2342 2454 1347 
1589 1319 1244 1347 2042 
1590 1319 2042 1347 2342 
1591 488 561 621 2483 
1592 2243 1951 2483 488 
1593 2243 488 2483 561 
1594 1951 2243 2483 2484 
1595 2244 1952 2484 1951 
1596 2244 1951 2484 2243 
1597 1952 2244 2484 2485 
1598 2245 1953 2485 1952 
1599 2245 1952 2485 2244 
1600 1953 2245 2485 2486 
1601 2246 1954 2486 1953 
1602 2246 1953 2486 2245 
1603 1954 2246 2486 1355 
1604 1295 1222 1355 1954 
1605 1295 1954 1355 2246 
1606 456 511 586 2043 
1607 2043 1823 2343 456 
1608 2043 456 2343 586 
1609 1823 2043 2343 2044 
1610 2044 1824 2344 1823 
1611 2044 1823 2344 2343 
1612 1824 2044 2344 2045 
1613 2045 1825 2345 1824 
1614 2045 1824 2345 2344 
1615 1825 2045 2345 2046 
1616 2046 1826 2346 1825 
1617 2046 1825 2346 2345 
1618 1826 2046 2346 1245 
1619 1245 1190 1320 1826 
1620 1245 1826 1320 2346 
1621 459 516 569 2275 
1622 2063 1835 2275 516 
1623 516 459 1835 2275 
1624 1835 2063 2275 2276 
1625 2064 1836 2276 2063 
1626 2063 1835 1836 2276 
1627 1836 2064 2276 2277 
1628 2065 1837 2277 2064 
1629 2064 1836 1837 2277 
1630 1837 2065 2277 2278 
1631 2066 1838 2278 2065 
1632 2065 1837 1838 2278 
1633 1838 2066 2278 1303 
1634 1250 1193 1303 2066 
1635 2066 1838 1193 1303 
1636 515 488 516 1951 
1637 1951 2059 2063 515 
1638 1951 515 2063 516 
1639 2059 1951 2063 1952 
1640 1952 2060 2064 2059 
1641 1952 2059 2064 2063 
1642 2060 1952 2064 1953 
1643 1953 2061 2065 2060 
1644 1953 2060 2065 2064 
1645 2061 1953 2065 1954 
1646 1954 2062 2066 2061 
1647 1954 2061 2066 2065 
1648 2062 1954 2066 1222 
1649 1222 1249 1250 2062 
1650 1222 2062 1250 2066 
1651 608 550 614 2455 
1652 2199 2431 2455 608 
1653 2199 608 2455 550 
1654 2431 2199 2455 2456 
1655 2200 2432 2456 2431 
1656 2200 2431 2456 2199 
1657 2432 2200 2456 2457 
1658 2201 2433 2457 2432 
1659 2201 2432 2457 2200 
1660 2433 2201 2457 2458 
1661 2202 2434 2458 2433 
1662 2202 2433 2458 2201 
1663 2434 2202 2458 1348 
1664 1284 1342 1348 2434 
1665 1284 2434 1348 2202 
1666 467 523 582 2327 
1667 2091 1867 2327 467 
1668 2091 467 2327 523 
1669 1867 2091 2327 2328 
1670 2092 1868 2328 1867 
1671 2092 1867 2328 2091 
1672 1868 2092 2328 2329 
1673 2093 1869 2329 1868 
1674 2093 1868 2329 2092 
1675 1869 2093 2329 2330 
1676 2094 1870 2330 1869 
1677 2094 1869 2330 2093 
1678 1870 2094 2330 1316 
1679 1257 1201 1316 1870 
1680 1257 1870 1316 2094 
1681 532 499 587 2347 
1682 1995 2127 2347 532 
1683 1995 532 2347 499 
1684 2127 1995 2347 2348 
1685 1996 2128 2348 2127 
1686 1996 2127 2348 1995 
1687 2128 1996 2348 2349 
1688 1997 2129 2349 2128 
1689 1997 2128 2349 1996 
1690 2129 1997 2349 2350 
1691 1998 2130 2350 2129 
1692 1998 2129 2350 1997 
1693 2130 1998 2350 1321 
1694 1233 1266 1321 2130 
1695 1233 2130 1321 1998 
1696 499 532 588 2351 
1697 2127 1995 2351 532 
1698 532 499 1995 2351 
1699 1995 2127 2351 2352 
1700 2128 1996 2352 2127 
1701 2127 1995 1996 2352 
1702 1996 2128 2352 2353 
1703 2129 1997 2353 2128 
1704 2128 1996 1997 2353 
1705 1997 2129 2353 2354 
1706 2130 1998 2354 2129 
1707 2129 1997 1998 2354 
1708 1998 2130 2354 1322 
1709 1266 1233 1322 2130 
1710 2130 1998 1233 1322 
1711 76 488 515 1951 
1712 1951 953 2059 76 
1713 1951 76 2059 515 
1714 953 1951 2059 1952 
1715 1952 954 2060 953 
1716 1952 953 2060 2059 
1717 954 1952 2060 1953 
1718 1953 955 2061 954 
1719 1953 954 2061 2060 
1720 955 1953 2061 1954 
1721 1954 956 2062 955 
1722 1954 955 2062 2061 
1723 956 1954 2062 1222 
1724 1222 270 1249 956 
1725 1222 956 1249 2062 
1726 536 471 590 2359 
1727 1883 2143 2359 536 
1728 1883 536 2359 471 
1729 2143 1883 2359 2360 
1730 1884 2144 2360 2143 
1731 1884 2143 2360 1883 
1732 2144 1884 2360 2361 
1733 1885 2145 2361 2144 
1734 1885 2144 2361 1884 
1735 2145 1885 2361 2362 
1736 1886 2146 2362 2145 
1737 1886 2145 2362 1885 
1738 2146 1886 2362 1324 
1739 1205 1270 1324 2146 
1740 1205 2146 1324 1886 
1741 552 478 605 2419 
1742 1911 2207 2419 478 
1743 478 552 2207 2419 
1744 2207 1911 2419 2420 
1745 1912 2208 2420 1911 
1746 1911 2207 2208 2420 
1747 2208 1912 2420 2421 
1748 1913 2209 2421 1912 
1749 1912 2208 2209 2421 
1750 2209 1913 2421 2422 
1751 1914 2210 2422 1913 
1752 1913 2209 2210 2422 
1753 2210 1914 2422 1339 
1754 1212 1286 1339 1914 
1755 1914 2210 1286 1339 
1756 550 509 609 2435 
1757 2035 2199 2435 509 
1758 509 550 2199 2435 
1759 2199 2035 2435 2436 
1760 2036 2200 2436 2035 
1761 2035 2199 2200 2436 
1762 2200 2036 2436 2437 
1763 2037 2201 2437 2036 
1764 2036 2200 2201 2437 
1765 2201 2037 2437 2438 
1766 2038 2202 2438 2037 
1767 2037 2201 2202 2438 
1768 2202 2038 2438 1343 
1769 1243 1284 1343 2038 
1770 2038 2202 1284 1343 
1771 478 552 607 2207 
1772 2207 1911 2427 478 
1773 2207 478 2427 607 
1774 1911 2207 2427 2208 
1775 2208 1912 2428 1911 
1776 2208 1911 2428 2427 
1777 1912 2208 2428 2209 
1778 2209 1913 2429 1912 
1779 2209 1912 2429 2428 
1780 1913 2209 2429 2210 
1781 2210 1914 2430 1913 
1782 2210 1913 2430 2429 
1783 1914 2210 2430 1286 
1784 1286 1212 1341 1914 
1785 1286 1914 1341 2430 
1786 509 550 608 2199 
1787 2199 2035 2431 509 
1788 2199 509 2431 608 
1789 2035 2199 2431 2200 
1790 2200 2036 2432 2035 
1791 2200 2035 2432 2431 
1792 2036 2200 2432 2201 
1793 2201 2037 2433 2036 
1794 2201 2036 2433 2432 
1795 2037 2201 2433 2202 
1796 2202 2038 2434 2037 
1797 2202 2037 2434 2433 
1798 2038 2202 2434 1284 
1799 1284 1243 1342 2038 
1800 1284 2038 1342 2434 
1801 554 477 603 2411 
1802 1907 2215 2411 554 
1803 1907 554 2411 477 
1804 2215 1907 2411 2412 
1805 1908 2216 2412 2215 
1806 1908 2215 2412 1907 
1807 2216 1908 2412 2413 
1808 1909 2217 2413 2216 
1809 1909 2216 2413 1908 
1810 2217 1909 2413 2414 
1811 1910 2218 2414 2217 
1812 1910 2217 2414 1909 
1813 2218 1910 2414 1337 
1814 1211 1288 1337 2218 
1815 1211 2218 1337 1910 
1816 477 554 606 2423 
1817 2215 1907 2423 554 
1818 554 477 1907 2423 
1819 1907 2215 2423 2424 
1820 2216 1908 2424 2215 
1821 2215 1907 1908 2424 
1822 1908 2216 2424 2425 
1823 2217 1909 2425 2216 
1824 2216 1908 1909 2425 
1825 1909 2217 2425 2426 
1826 2218 1910 2426 2217 
1827 2217 1909 1910 2426 
1828 1910 2218 2426 1340 
1829 1288 1211 1340 2218 
1830 2218 1910 1211 1340 
1831 544 476 601 2403 
1832 1903 2175 2403 476 
1833 476 544 2175 2403 
1834 2175 1903 2403 2404 
1835 1904 2176 2404 1903 
1836 1903 2175 2176 2404 
1837 2176 1904 2404 2405 
1838 1905 2177 2405 1904 
1839 1904 2176 2177 2405 
1840 2177 1905 2405 2406 
1841 1906 2178 2406 1905 
1842 1905 2177 2178 2406 
1843 2178 1906 2406 1335 
1844 1210 1278 1335 1906 
1845 1906 2178 1278 1335 
1846 548 475 599 2395 
1847 1899 2191 2395 475 
1848 475 548 2191 2395 
1849 2191 1899 2395 2396 
1850 1900 2192 2396 1899 
1851 1899 2191 2192 2396 
1852 2192 1900 2396 2397 
1853 1901 2193 2397 1900 
1854 1900 2192 2193 2397 
1855 2193 1901 2397 2398 
1856 1902 2194 2398 1901 
1857 1901 2193 2194 2398 
1858 2194 1902 2398 1333 
1859 1209 1282 1333 1902 
1860 1902 2194 1282 1333 
1861 476 544 604 2175 
1862 2175 1903 2415 476 
1863 2175 476 2415 604 
1864 1903 2175 2415 2176 
1865 2176 1904 2416 1903 
1866 2176 1903 2416 2415 
1867 1904 2176 2416 2177 
1868 2177 1905 2417 1904 
1869 2177 1904 2417 2416 
1870 1905 2177 2417 2178 
1871 2178 1906 2418 1905 
1872 2178 1905 2418 2417 
1873 1906 2178 2418 1278 
1874 1278 1210 1338 1906 
1875 1278 1906 1338 2418 
1876 475 548 602 2191 
1877 2191 1899 2407 475 
1878 2191 475 2407 602 
1879 1899 2191 2407 2192 
1880 2192 1900 2408 1899 
1881 2192 1899 2408 2407 
1882 1900 2192 2408 2193 
1883 2193 1901 2409 1900 
1884 2193 1900 2409 2408 
1885 1901 2193 2409 2194 
1886 2194 1902 2410 1901 
1887 2194 1901 2410 2409 
1888 1902 2194 2410 1282 
1889 1282 1209 1336 1902 
1890 1282 1902 1336 2410 
1891 542 474 597 2387 
1892 1895 2167 2387 474 
1893 474 542 2167 2387 
1894 2167 1895 2387 2388 
1895 1896 2168 2388 1895 
1896 1895 2167 2168 2388 
1897 2168 1896 2388 2389 
1898 1897 2169 2389 1896 
1899 1896 2168 2169 2389 
1900 2169 1897 2389 2390 
1901 1898 2170 2390 1897 
1902 1897 2169 2170 2390 
1903 2170 1898 2390 1331 
1904 1208 1276 1331 1898 
1905 1898 2170 1276 1331 
1906 546 473 595 2183 
1907 1891 2183 2379 595 
1908 1891 473 2183 595 
1909 2183 1891 2379 2184 
1910 1892 2184 2380 2379 
1911 1892 1891 2184 2379 
1912 2184 1892 2380 2185 
1913 1893 2185 2381 2380 
1914 1893 1892 2185 2380 
1915 2185 1893 2381 2186 
1916 1894 2186 2382 2381 
1917 1894 1893 2186 2381 
1918 2186 1894 2382 1280 
1919 1207 1280 1329 2382 
1920 1207 1894 1280 2382 
1921 474 542 600 2167 
1922 2167 1895 2399 474 
1923 2167 474 2399 600 
1924 1895 2167 2399 2168 
1925 2168 1896 2400 1895 
1926 2168 1895 2400 2399 
1927 1896 2168 2400 2169 
1928 2169 1897 2401 1896 
1929 2169 1896 2401 2400 
1930 1897 2169 2401 2170 
1931 2170 1898 2402 1897 
1932 2170 1897 2402 2401 
1933 1898 2170 2402 1276 
1934 1276 1208 1334 1898 
1935 1276 1898 1334 2402 
1936 473 546 598 2183 
1937 2183 1891 2391 473 
1938 2183 473 2391 598 
1939 1891 2183 2391 2184 
1940 2184 1892 2392 1891 
1941 2184 1891 2392 2391 
1942 1892 2184 2392 2185 
1943 2185 1893 2393 1892 
1944 2185 1892 2393 2392 
1945 1893 2185 2393 2186 
1946 2186 1894 2394 1893 
1947 2186 1893 2394 2393 
1948 1894 2186 2394 1280 
1949 1280 1207 1332 1894 
1950 1280 1894 1332 2394 
1951 538 472 594 2375 
1952 1887 2151 2375 472 
1953 472 538 2151 2375 
1954 2151 1887 2375 2376 
1955 1888 2152 2376 1887 
1956 1887 2151 2152 2376 
1957 2152 1888 2376 2377 
1958 1889 2153 2377 1888 
1959 1888 2152 2153 2377 
1960 2153 1889 2377 2378 
1961 1890 2154 2378 1889 
1962 1889 2153 2154 2378 
1963 2154 1890 2378 1328 
1964 1206 1272 1328 1890 
1965 1890 2154 1272 1328 
1966 540 469 592 2367 
1967 1875 2159 2367 469 
1968 469 540 2159 2367 
1969 2159 1875 2367 2368 
1970 1876 2160 2368 1875 
1971 1875 2159 2160 2368 
1972 2160 1876 2368 2369 
1973 1877 2161 2369 1876 
1974 1876 2160 2161 2369 
1975 2161 1877 2369 2370 
1976 1878 2162 2370 1877 
1977 1877 2161 2162 2370 
1978 2162 1878 2370 1326 
1979 1203 1274 1326 1878 
1980 1878 2162 1274 1326 
1981 472 538 596 2151 
1982 2151 1887 2383 472 
1983 2151 472 2383 596 
1984 1887 2151 2383 2152 
1985 2152 1888 2384 1887 
1986 2152 1887 2384 2383 
1987 1888 2152 2384 2153 
1988 2153 1889 2385 1888 
1989 2153 1888 2385 2384 
1990 1889 2153 2385 2154 
1991 2154 1890 2386 1889 
1992 2154 1889 2386 2385 
1993 1890 2154 2386 1272 
1994 1272 1206 1330 1890 
1995 1272 1890 1330 2386 
1996 468 556 591 2223 
1997 2223 1871 2363 468 
1998 2223 468 2363 591 
1999 1871 2223 2363 2224 
2000 2224 1872 2364 1871 
2001 2224 1871 2364 2363 
2002 1872 2224 2364 2225 
2003 2225 1873 2365 1872 
2004 2225 1872 2365 2364 
2005 1873 2225 2365 2226 
2006 2226 1874 2366 1873 
2007 2226 1873 2366 2365 
2008 1874 2226 2366 1290 
2009 1290 1202 1325 1874 
2010 1290 1874 1325 2366 
2011 469 540 593 2159 
2012 2159 1875 2371 469 
2013 2159 469 2371 593 
2014 1875 2159 2371 2160 
2015 2160 1876 2372 1875 
2016 2160 1875 2372 2371 
2017 1876 2160 2372 2161 
2018 2161 1877 2373 1876 
2019 2161 1876 2373 2372 
2020 1877 2161 2373 2162 
2021 2162 1878 2374 1877 
2022 2162 1877 2374 2373 
2023 1878 2162 2374 1274 
2024 1274 1203 1327 1878 
2025 1274 1878 1327 2374 
2026 471 536 610 2439 
2027 2143 1883 2439 536 
2028 536 471 1883 2439 
2029 1883 2143 2439 2440 
2030 2144 1884 2440 2143 
2031 2143 1883 1884 2440 
2032 1884 2144 2440 2441 
2033 2145 1885 2441 2144 
2034 2144 1884 1885 2441 
2035 1885 2145 2441 2442 
2036 2146 1886 2442 2145 
2037 2145 1885 1886 2442 
2038 1886 2146 2442 1344 
2039 1270 1205 1344 2146 
2040 2146 1886 1205 1344 
2041 498 512 513 2051 
2042 2047 1991 2051 498 
2043 2047 498 2051 512 
2044 1991 2047 2051 2052 
2045 2048 1992 2052 1991 
2046 2048 1991 2052 2047 
2047 1992 2048 2052 2053 
2048 2049 1993 2053 1992 
2049 2049 1992 2053 2048 
2050 1993 2049 2053 2054 
2051 2050 1994 2054 1993 
2052 2050 1993 2054 2049 
2053 1994 2050 2054 1247 
2054 1246 1232 1247 1994 
2055 1246 1994 1247 2050 
2056 523 467 584 2335 
2057 1867 2091 2335 467 
2058 467 523 2091 2335 
2059 2091 1867 2335 2336 
2060 1868 2092 2336 1867 
2061 1867 2091 2092 2336 
2062 2092 1868 2336 2337 
2063 1869 2093 2337 1868 
2064 1868 2092 2093 2337 
2065 2093 1869 2337 2338 
2066 1870 2094 2338 1869 
2067 1869 2093 2094 2338 
2068 2094 1870 2338 1318 
2069 1201 1257 1318 1870 
2070 1870 2094 1257 1318 
2071 498 495 512 2047 
2072 1979 1991 2047 498 
2073 1979 498 2047 495 
2074 1991 1979 2047 2048 
2075 1980 1992 2048 1991 
2076 1980 1991 2048 1979 
2077 1992 1980 2048 2049 
2078 1981 1993 2049 1992 
2079 1981 1992 2049 1980 
2080 1993 1981 2049 2050 
2081 1982 1994 2050 1993 
2082 1982 1993 2050 1981 
2083 1994 1982 2050 1246 
2084 1229 1232 1246 1994 
2085 1229 1994 1246 1982 
2086 479 606 614 2455 
2087 2423 1915 2455 479 
2088 2423 479 2455 606 
2089 1915 2423 2455 2456 
2090 2424 1916 2456 1915 
2091 2424 1915 2456 2423 
2092 1916 2424 2456 2457 
2093 2425 1917 2457 1916 
2094 2425 1916 2457 2424 
2095 1917 2425 2457 2458 
2096 2426 1918 2458 1917 
2097 2426 1917 2458 2425 
2098 1918 2426 2458 1348 
2099 1340 1213 1348 1918 
2100 1340 1918 1348 2426 
2101 524 487 576 2303 
2102 1947 2095 2303 524 
2103 1947 524 2303 487 
2104 2095 1947 2303 2304 
2105 1948 2096 2304 2095 
2106 1948 2095 2304 1947 
2107 2096 1948 2304 2305 
2108 1949 2097 2305 2096 
2109 1949 2096 2305 1948 
2110 2097 1949 2305 2306 
2111 1950 2098 2306 2097 
2112 1950 2097 2306 1949 
2113 2098 1950 2306 1310 
2114 1221 1258 1310 2098 
2115 1221 2098 1310 1950 
2116 492 493 575 2299 
2117 1971 1967 2299 492 
2118 1971 492 2299 493 
2119 1967 1971 2299 2300 
2120 1972 1968 2300 1967 
2121 1972 1967 2300 1971 
2122 1968 1972 2300 2301 
2123 1973 1969 2301 1968 
2124 1973 1968 2301 1972 
2125 1969 1973 2301 2302 
2126 1974 1970 2302 1969 
2127 1974 1969 2302 1973 
2128 1970 1974 2302 1309 
2129 1227 1226 1309 1970 
2130 1227 1970 1309 1974 
2131 484 77 515 2059 
2132 957 1935 2059 484 
2133 957 484 2059 77 
2134 1935 957 2059 2060 
2135 958 1936 2060 1935 
2136 958 1935 2060 957 
2137 1936 958 2060 2061 
2138 959 1937 2061 1936 
2139 959 1936 2061 958 
2140 1937 959 2061 2062 
2141 960 1938 2062 1937 
2142 960 1937 2062 959 
2143 1938 960 2062 1249 
2144 271 1218 1249 1938 
2145 271 1938 1249 960 
2146 466 519 580 2319 
2147 2075 1863 2319 466 
2148 2075 466 2319 519 
2149 1863 2075 2319 2320 
2150 2076 1864 2320 1863 
2151 2076 1863 2320 2075 
2152 1864 2076 2320 2321 
2153 2077 1865 2321 1864 
2154 2077 1864 2321 2076 
2155 1865 2077 2321 2322 
2156 2078 1866 2322 1865 
2157 2078 1865 2322 2077 
2158 1866 2078 2322 1314 
2159 1253 1200 1314 1866 
2160 1253 1866 1314 2078 
2161 3 495 498 1979 
2162 1979 333 1991 3 
2163 1979 3 1991 498 
2164 333 1979 1991 1980 
2165 1980 334 1992 333 
2166 1980 333 1992 1991 
2167 334 1980 1992 1981 
2168 1981 335 1993 334 
2169 1981 334 1993 1992 
2170 335 1981 1993 1982 
2171 1982 336 1994 335 
2172 1982 335 1994 1993 
2173 336 1982 1994 1229 
2174 1229 17 1232 336 
2175 1229 336 1232 1994 
2176 555 567 618 2471 
2177 2267 2219 2471 555 
2178 2267 555 2471 567 
2179 2219 2267 2471 2472 
2180 2268 2220 2472 2219 
2181 2268 2219 2472 2267 
2182 2220 2268 2472 2473 
2183 2269 2221 2473 2220 
2184 2269 2220 2473 2268 
2185 2221 2269 2473 2474 
2186 2270 2222 2474 2221 
2187 2270 2221 2474 2269 
2188 2222 2270 2474 1352 
2189 1301 1289 1352 2222 
2190 1301 2222 1352 2270 
2191 78 77 484 957 
2192 957 961 1935 78 
2193 957 78 1935 484 
2194 961 957 1935 958 
2195 958 962 1936 961 
2196 958 961 1936 1935 
2197 962 958 1936 959 
2198 959 963 1937 962 
2199 959 962 1937 1936 
2200 963 959 1937 960 
2201 960 964 1938 963 
2202 960 963 1938 1937 
2203 964 960 1938 271 
2204 271 272 1218 964 
2205 271 964 1218 1938 
2206 76 75 488 1951 
2207 949 953 1951 76 
2208 949 76 1951 75 
2209 953 949 1951 1952 
2210 950 954 1952 953 
2211 950 953 1952 949 
2212 954 950 1952 1953 
2213 951 955 1953 954 
2214 951 954 1953 950 
2215 955 951 1953 1954 
2216 952 956 1954 955 
2217 952 955 1954 951 
2218 956 952 1954 1222 
2219 269 270 1222 956 
2220 269 956 1222 952 
2221 563 568 619 2475 
2222 2271 2251 2475 563 
2223 2271 563 2475 568 
2224 2251 2271 2475 2476 
2225 2272 2252 2476 2251 
2226 2272 2251 2476 2271 
2227 2252 2272 2476 2477 
2228 2273 2253 2477 2252 
2229 2273 2252 2477 2272 
2230 2253 2273 2477 2478 
2231 2274 2254 2478 2253 
2232 2274 2253 2478 2273 
2233 2254 2274 2478 1353 
2234 1302 1297 1353 2254 
2235 1302 2254 1353 2274 
2236 92 91 456 1823 
2237 1013 1017 1823 92 
2238 1013 92 1823 91 
2239 1017 1013 1823 1824 
2240 1014 1018 1824 1017 
2241 1014 1017 1824 1013 
2242 1018 1014 1824 1825 
2243 1015 1019 1825 1018 
2244 1015 1018 1825 1014 
2245 1019 1015 1825 1826 
2246 1016 1020 1826 1019 
2247 1016 1019 1826 1015 
2248 1020 1016 1826 1190 
2249 285 286 1190 1020 
2250 285 1020 1190 1016 
2251 515 516 563 2251 
2252 2063 2059 2251 515 
2253 2063 515 2251 516 
2254 2059 2063 2251 2252 
2255 2064 2060 2252 2059 
2256 2064 2059 2252 2063 
2257 2060 2064 2252 2253 
2258 2065 2061 2253 2060 
2259 2065 2060 2253 2064 
2260 2061 2065 2253 2254 
2261 2066 2062 2254 2061 
2262 2066 2061 2254 2065 
2263 2062 2066 2254 1297 
2264 1250 1249 1297 2062 
2265 1250 2062 1297 2066 
2266 485 29 517 2067 
2267 765 1939 2067 485 
2268 765 485 2067 29 
2269 1939 765 2067 2068 
2270 766 1940 2068 1939 
2271 766 1939 2068 765 
2272 1940 766 2068 2069 
2273 767 1941 2069 1940 
2274 767 1940 2069 766 
2275 1941 767 2069 2070 
2276 768 1942 2070 1941 
2277 768 1941 2070 767 
2278 1942 768 2070 1251 
2279 223 1219 1251 1942 
2280 223 1942 1251 768 
2281 36 490 520 2079 
2282 1959 793 2079 36 
2283 1959 36 2079 490 
2284 793 1959 2079 2080 
2285 1960 794 2080 793 
2286 1960 793 2080 1959 
2287 794 1960 2080 2081 
2288 1961 795 2081 794 
2289 1961 794 2081 1960 
2290 795 1961 2081 2082 
2291 1962 796 2082 795 
2292 1962 795 2082 1961 
2293 796 1962 2082 1254 
2294 1224 230 1254 796 
2295 1224 796 1254 1962 
2296 38 494 518 2071 
2297 1975 801 2071 38 
2298 1975 38 2071 494 
2299 801 1975 2071 2072 
2300 1976 802 2072 801 
2301 1976 801 2072 1975 
2302 802 1976 2072 2073 
2303 1977 803 2073 802 
2304 1977 802 2073 1976 
2305 803 1977 2073 2074 
2306 1978 804 2074 803 
2307 1978 803 2074 1977 
2308 804 1978 2074 1252 
2309 1228 232 1252 804 
2310 1228 804 1252 1978 
2311 40 496 522 2087 
2312 1983 809 2087 40 
2313 1983 40 2087 496 
2314 809 1983 2087 2088 
2315 1984 810 2088 809 
2316 1984 809 2088 1983 
2317 810 1984 2088 2089 
2318 1985 811 2089 810 
2319 1985 810 2089 1984 
2320 811 1985 2089 2090 
2321 1986 812 2090 811 
2322 1986 811 2090 1985 
2323 812 1986 2090 1256 
2324 1230 234 1256 812 
2325 1230 812 1256 1986 
2326 30 485 526 2103 
2327 1939 769 2103 30 
2328 1939 30 2103 485 
2329 769 1939 2103 2104 
2330 1940 770 2104 769 
2331 1940 769 2104 1939 
2332 770 1940 2104 2105 
2333 1941 771 2105 770 
2334 1941 770 2105 1940 
2335 771 1941 2105 2106 
2336 1942 772 2106 771 
2337 1942 771 2106 1941 
2338 772 1942 2106 1260 
2339 1219 224 1260 772 
2340 1219 772 1260 1942 
2341 34 487 524 1947 
2342 1947 785 2095 34 
2343 1947 34 2095 524 
2344 785 1947 2095 1948 
2345 1948 786 2096 785 
2346 1948 785 2096 2095 
2347 786 1948 2096 1949 
2348 1949 787 2097 786 
2349 1949 786 2097 2096 
2350 787 1949 2097 1950 
2351 1950 788 2098 787 
2352 1950 787 2098 2097 
2353 788 1950 2098 1221 
2354 1221 228 1258 788 
2355 1221 788 1258 2098 
2356 32 486 527 2107 
2357 1943 777 2107 32 
2358 1943 32 2107 486 
2359 777 1943 2107 2108 
2360 1944 778 2108 777 
2361 1944 777 2108 1943 
2362 778 1944 2108 2109 
2363 1945 779 2109 778 
2364 1945 778 2109 1944 
2365 779 1945 2109 2110 
2366 1946 780 2110 779 
2367 1946 779 2110 1945 
2368 780 1946 2110 1261 
2369 1220 226 1261 780 
2370 1220 780 1261 1946 
2371 77 76 515 2059 
2372 953 957 2059 77 
2373 953 77 2059 76 
2374 957 953 2059 2060 
2375 954 958 2060 957 
2376 954 957 2060 953 
2377 958 954 2060 2061 
2378 955 959 2061 958 
2379 955 958 2061 954 
2380 959 955 2061 2062 
2381 956 960 2062 959 
2382 956 959 2062 955 
2383 960 956 2062 1249 
2384 270 271 1249 960 
2385 270 960 1249 956 
2386 3 481 495 1979 
2387 1923 333 1979 3 
2388 1923 3 1979 481 
2389 333 1923 1979 1980 
2390 1924 334 1980 333 
2391 1924 333 1980 1923 
2392 334 1924 1980 1981 
2393 1925 335 1981 334 
2394 1925 334 1981 1924 
2395 335 1925 1981 1982 
2396 1926 336 1982 335 
2397 1926 335 1982 1925 
2398 336 1926 1982 1229 
2399 1215 17 1229 336 
2400 1215 336 1229 1926 
2401 494 520 521 2083 
2402 2079 1975 2083 494 
2403 2079 494 2083 520 
2404 1975 2079 2083 2084 
2405 2080 1976 2084 1975 
2406 2080 1975 2084 2079 
2407 1976 2080 2084 2085 
2408 2081 1977 2085 1976 
2409 2081 1976 2085 2080 
2410 1977 2081 2085 2086 
2411 2082 1978 2086 1977 
2412 2082 1977 2086 2081 
2413 1978 2082 2086 1255 
2414 1254 1228 1255 1978 
2415 1254 1978 1255 2082 
2416 496 518 519 2075 
2417 2071 1983 2075 496 
2418 2071 496 2075 518 
2419 1983 2071 2075 2076 
2420 2072 1984 2076 1983 
2421 2072 1983 2076 2071 
2422 1984 2072 2076 2077 
2423 2073 1985 2077 1984 
2424 2073 1984 2077 2072 
2425 1985 2073 2077 2078 
2426 2074 1986 2078 1985 
2427 2074 1985 2078 2073 
2428 1986 2074 2078 1253 
2429 1252 1230 1253 1986 
2430 1252 1986 1253 2074 
2431 497 522 523 2091 
2432 2087 1987 2091 497 
2433 2087 497 2091 522 
2434 1987 2087 2091 2092 
2435 2088 1988 2092 1987 
2436 2088 1987 2092 2087 
2437 1988 2088 2092 2093 
2438 2089 1989 2093 1988 
2439 2089 1988 2093 2088 
2440 1989 2089 2093 2094 
2441 2090 1990 2094 1989 
2442 2090 1989 2094 2089 
2443 1990 2090 2094 1257 
2444 1256 1231 1257 1990 
2445 1256 1990 1257 2090 
2446 490 524 525 2095 
2447 2095 1959 2099 490 
2448 2095 490 2099 525 
2449 1959 2095 2099 2096 
2450 2096 1960 2100 1959 
2451 2096 1959 2100 2099 
2452 1960 2096 2100 2097 
2453 2097 1961 2101 1960 
2454 2097 1960 2101 2100 
2455 1961 2097 2101 2098 
2456 2098 1962 2102 1961 
2457 2098 1961 2102 2101 
2458 1962 2098 2102 1258 
2459 1258 1224 1259 1962 
2460 1258 1962 1259 2102 
2461 495 481 511 2043 
2462 1923 1979 2043 481 
2463 481 495 1979 2043 
2464 1979 1923 2043 2044 
2465 1924 1980 2044 1923 
2466 1923 1979 1980 2044 
2467 1980 1924 2044 2045 
2468 1925 1981 2045 1924 
2469 1924 1980 1981 2045 
2470 1981 1925 2045 2046 
2471 1926 1982 2046 1925 
2472 1925 1981 1982 2046 
2473 1982 1926 2046 1245 
2474 1215 1229 1245 1926 
2475 1926 1982 1229 1245 
2476 528 458 529 2115 
2477 1831 2111 2115 528 
2478 1831 528 2115 458 
2479 2111 1831 2115 2116 
2480 1832 2112 2116 2111 
2481 1832 2111 2116 1831 
2482 2112 1832 2116 2117 
2483 1833 2113 2117 2112 
2484 1833 2112 2117 1832 
2485 2113 1833 2117 2118 
2486 1834 2114 2118 2113 
2487 1834 2113 2118 1833 
2488 2114 1834 2118 1263 
2489 1192 1262 1263 2114 
2490 1192 2114 1263 1834 
2491 487 527 574 2295 
2492 2107 1947 2295 487 
2493 2107 487 2295 527 
2494 1947 2107 2295 2296 
2495 2108 1948 2296 1947 
2496 2108 1947 2296 2107 
2497 1948 2108 2296 2297 
2498 2109 1949 2297 1948 
2499 2109 1948 2297 2108 
2500 1949 2109 2297 2298 
2501 2110 1950 2298 1949 
2502 2110 1949 2298 2109 
2503 1950 2110 2298 1308 
2504 1261 1221 1308 1950 
2505 1261 1950 1308 2110 
2506 28 483 517 2067 
2507 1931 761 2067 28 
2508 1931 28 2067 483 
2509 761 1931 2067 2068 
2510 1932 762 2068 761 
2511 1932 761 2068 1931 
2512 762 1932 2068 2069 
2513 1933 763 2069 762 
2514 1933 762 2069 1932 
2515 763 1933 2069 2070 
2516 1934 764 2070 763 
2517 1934 763 2070 1933 
2518 764 1934 2070 1251 
2519 1217 222 1251 764 
2520 1217 764 1251 1934 
2521 494 37 520 2079 
2522 797 1975 2079 494 
2523 797 494 2079 37 
2524 1975 797 2079 2080 
2525 798 1976 2080 1975 
2526 798 1975 2080 797 
2527 1976 798 2080 2081 
2528 799 1977 2081 1976 
2529 799 1976 2081 798 
2530 1977 799 2081 2082 
2531 800 1978 2082 1977 
2532 800 1977 2082 799 
2533 1978 800 2082 1254 
2534 231 1228 1254 1978 
2535 231 1978 1254 800 
2536 496 39 518 2071 
2537 805 1983 2071 496 
2538 805 496 2071 39 
2539 1983 805 2071 2072 
2540 806 1984 2072 1983 
2541 806 1983 2072 805 
2542 1984 806 2072 2073 
2543 807 1985 2073 1984 
2544 807 1984 2073 806 
2545 1985 807 2073 2074 
2546 808 1986 2074 1985 
2547 808 1985 2074 807 
2548 1986 808 2074 1252 
2549 233 1230 1252 1986 
2550 233 1986 1252 808 
2551 497 41 522 2087 
2552 813 1987 2087 497 
2553 813 497 2087 41 
2554 1987 813 2087 2088 
2555 814 1988 2088 1987 
2556 814 1987 2088 813 
2557 1988 814 2088 2089 
2558 815 1989 2089 1988 
2559 815 1988 2089 814 
2560 1989 815 2089 2090 
2561 816 1990 2090 1989 
2562 816 1989 2090 815 
2563 1990 816 2090 1256 
2564 235 1231 1256 1990 
2565 235 1990 1256 816 
2566 486 31 526 2103 
2567 773 1943 2103 486 
2568 773 486 2103 31 
2569 1943 773 2103 2104 
2570 774 1944 2104 1943 
2571 774 1943 2104 773 
2572 1944 774 2104 2105 
2573 775 1945 2105 1944 
2574 775 1944 2105 774 
2575 1945 775 2105 2106 
2576 776 1946 2106 1945 
2577 776 1945 2106 775 
2578 1946 776 2106 1260 
2579 225 1220 1260 1946 
2580 225 1946 1260 776 
2581 490 35 524 2095 
2582 789 1959 2095 490 
2583 789 490 2095 35 
2584 1959 789 2095 2096 
2585 790 1960 2096 1959 
2586 790 1959 2096 789 
2587 1960 790 2096 2097 
2588 791 1961 2097 1960 
2589 791 1960 2097 790 
2590 1961 791 2097 2098 
2591 792 1962 2098 1961 
2592 792 1961 2098 791 
2593 1962 792 2098 1258 
2594 229 1224 1258 1962 
2595 229 1962 1258 792 
2596 487 33 527 2107 
2597 781 1947 2107 487 
2598 781 487 2107 33 
2599 1947 781 2107 2108 
2600 782 1948 2108 1947 
2601 782 1947 2108 781 
2602 1948 782 2108 2109 
2603 783 1949 2109 1948 
2604 783 1948 2109 782 
2605 1949 783 2109 2110 
2606 784 1950 2110 1949 
2607 784 1949 2110 783 
2608 1950 784 2110 1261 
2609 227 1221 1261 1950 
2610 227 1950 1261 784 
2611 28 27 483 1931 
2612 757 761 1931 28 
2613 757 28 1931 27 
2614 761 757 1931 1932 
2615 758 762 1932 761 
2616 758 761 1932 757 
2617 762 758 1932 1933 
2618 759 763 1933 762 
2619 759 762 1933 758 
2620 763 759 1933 1934 
2621 760 764 1934 763 
2622 760 763 1934 759 
2623 764 760 1934 1217 
2624 221 222 1217 764 
2625 221 764 1217 760 
2626 481 74 531 2123 
2627 945 1923 2123 481 
2628 945 481 2123 74 
2629 1923 945 2123 2124 
2630 946 1924 2124 1923 
2631 946 1923 2124 945 
2632 1924 946 2124 2125 
2633 947 1925 2125 1924 
2634 947 1924 2125 946 
2635 1925 947 2125 2126 
2636 948 1926 2126 1925 
2637 948 1925 2126 947 
2638 1926 948 2126 1265 
2639 268 1215 1265 1926 
2640 268 1926 1265 948 
2641 38 37 494 797 
2642 797 801 1975 38 
2643 797 38 1975 494 
2644 801 797 1975 798 
2645 798 802 1976 801 
2646 798 801 1976 1975 
2647 802 798 1976 799 
2648 799 803 1977 802 
2649 799 802 1977 1976 
2650 803 799 1977 800 
2651 800 804 1978 803 
2652 800 803 1978 1977 
2653 804 800 1978 231 
2654 231 232 1228 804 
2655 231 804 1228 1978 
2656 44 43 458 1831 
2657 821 825 1831 44 
2658 821 44 1831 43 
2659 825 821 1831 1832 
2660 822 826 1832 825 
2661 822 825 1832 821 
2662 826 822 1832 1833 
2663 823 827 1833 826 
2664 823 826 1833 822 
2665 827 823 1833 1834 
2666 824 828 1834 827 
2667 824 827 1834 823 
2668 828 824 1834 1192 
2669 237 238 1192 828 
2670 237 828 1192 824 
2671 42 41 497 813 
2672 813 817 1987 42 
2673 813 42 1987 497 
2674 817 813 1987 814 
2675 814 818 1988 817 
2676 814 817 1988 1987 
2677 818 814 1988 815 
2678 815 819 1989 818 
2679 815 818 1989 1988 
2680 819 815 1989 816 
2681 816 820 1990 819 
2682 816 819 1990 1989 
2683 820 816 1990 235 
2684 235 236 1231 820 
2685 235 820 1231 1990 
2686 40 39 496 805 
2687 805 809 1983 40 
2688 805 40 1983 496 
2689 809 805 1983 806 
2690 806 810 1984 809 
2691 806 809 1984 1983 
2692 810 806 1984 807 
2693 807 811 1985 810 
2694 807 810 1985 1984 
2695 811 807 1985 808 
2696 808 812 1986 811 
2697 808 811 1986 1985 
2698 812 808 1986 233 
2699 233 234 1230 812 
2700 233 812 1230 1986 
2701 48 47 457 1827 
2702 837 841 1827 48 
2703 837 48 1827 47 
2704 841 837 1827 1828 
2705 838 842 1828 841 
2706 838 841 1828 837 
2707 842 838 1828 1829 
2708 839 843 1829 842 
2709 839 842 1829 838 
2710 843 839 1829 1830 
2711 840 844 1830 843 
2712 840 843 1830 839 
2713 844 840 1830 1191 
2714 241 242 1191 844 
2715 241 844 1191 840 
2716 36 35 490 789 
2717 789 793 1959 36 
2718 789 36 1959 490 
2719 793 789 1959 790 
2720 790 794 1960 793 
2721 790 793 1960 1959 
2722 794 790 1960 791 
2723 791 795 1961 794 
2724 791 794 1961 1960 
2725 795 791 1961 792 
2726 792 796 1962 795 
2727 792 795 1962 1961 
2728 796 792 1962 229 
2729 229 230 1224 796 
2730 229 796 1224 1962 
2731 30 29 485 765 
2732 765 769 1939 30 
2733 765 30 1939 485 
2734 769 765 1939 766 
2735 766 770 1940 769 
2736 766 769 1940 1939 
2737 770 766 1940 767 
2738 767 771 1941 770 
2739 767 770 1941 1940 
2740 771 767 1941 768 
2741 768 772 1942 771 
2742 768 771 1942 1941 
2743 772 768 1942 223 
2744 223 224 1219 772 
2745 223 772 1219 1942 
2746 34 33 487 781 
2747 781 785 1947 34 
2748 781 34 1947 487 
2749 785 781 1947 782 
2750 782 786 1948 785 
2751 782 785 1948 1947 
2752 786 782 1948 783 
2753 783 787 1949 786 
2754 783 786 1949 1948 
2755 787 783 1949 784 
2756 784 788 1950 787 
2757 784 787 1950 1949 
2758 788 784 1950 227 
2759 227 228 1221 788 
2760 227 788 1221 1950 
2761 32 31 486 773 
2762 773 777 1943 32 
2763 773 32 1943 486 
2764 777 773 1943 774 
2765 774 778 1944 777 
2766 774 777 1944 1943 
2767 778 774 1944 775 
2768 775 779 1945 778 
2769 775 778 1945 1944 
2770 779 775 1945 776 
2771 776 780 1946 779 
2772 776 779 1946 1945 
2773 780 776 1946 225 
2774 225 226 1220 780 
2775 225 780 1220 1946 
2776 468 49 530 2119 
2777 845 1871 2119 468 
2778 845 468 2119 49 
2779 1871 845 2119 2120 
2780 846 1872 2120 1871 
2781 846 1871 2120 845 
2782 1872 846 2120 2121 
2783 847 1873 2121 1872 
2784 847 1872 2121 846 
2785 1873 847 2121 2122 
2786 848 1874 2122 1873 
2787 848 1873 2122 847 
2788 1874 848 2122 1264 
2789 243 1202 1264 1874 
2790 243 1874 1264 848 
2791 44 458 528 1831 
2792 1831 825 2111 44 
2793 1831 44 2111 528 
2794 825 1831 2111 1832 
2795 1832 826 2112 825 
2796 1832 825 2112 2111 
2797 826 1832 2112 1833 
2798 1833 827 2113 826 
2799 1833 826 2113 2112 
2800 827 1833 2113 1834 
2801 1834 828 2114 827 
2802 1834 827 2114 2113 
2803 828 1834 2114 1192 
2804 1192 238 1262 828 
2805 1192 828 1262 2114 
2806 48 457 530 2119 
2807 1827 841 2119 48 
2808 1827 48 2119 457 
2809 841 1827 2119 2120 
2810 1828 842 2120 841 
2811 1828 841 2120 1827 
2812 842 1828 2120 2121 
2813 1829 843 2121 842 
2814 1829 842 2121 1828 
2815 843 1829 2121 2122 
2816 1830 844 2122 843 
2817 1830 843 2122 1829 
2818 844 1830 2122 1264 
2819 1191 242 1264 844 
2820 1191 844 1264 1830 
2821 3 74 481 945 
2822 945 333 1923 3 
2823 945 3 1923 481 
2824 333 945 1923 946 
2825 946 334 1924 333 
2826 946 333 1924 1923 
2827 334 946 1924 947 
2828 947 335 1925 334 
2829 947 334 1925 1924 
2830 335 947 1925 948 
2831 948 336 1926 335 
2832 948 335 1926 1925 
2833 336 948 1926 268 
2834 268 17 1215 336 
2835 268 336 1215 1926 
2836 29 28 517 2067 
2837 761 765 2067 29 
2838 761 29 2067 28 
2839 765 761 2067 2068 
2840 762 766 2068 765 
2841 762 765 2068 761 
2842 766 762 2068 2069 
2843 763 767 2069 766 
2844 763 766 2069 762 
2845 767 763 2069 2070 
2846 764 768 2070 767 
2847 764 767 2070 763 
2848 768 764 2070 1251 
2849 222 223 1251 768 
2850 222 768 1251 764 
2851 37 36 520 2079 
2852 793 797 2079 37 
2853 793 37 2079 36 
2854 797 793 2079 2080 
2855 794 798 2080 797 
2856 794 797 2080 793 
2857 798 794 2080 2081 
2858 795 799 2081 798 
2859 795 798 2081 794 
2860 799 795 2081 2082 
2861 796 800 2082 799 
2862 796 799 2082 795 
2863 800 796 2082 1254 
2864 230 231 1254 800 
2865 230 800 1254 796 
2866 39 38 518 2071 
2867 801 805 2071 39 
2868 801 39 2071 38 
2869 805 801 2071 2072 
2870 802 806 2072 805 
2871 802 805 2072 801 
2872 806 802 2072 2073 
2873 803 807 2073 806 
2874 803 806 2073 802 
2875 807 803 2073 2074 
2876 804 808 2074 807 
2877 804 807 2074 803 
2878 808 804 2074 1252 
2879 232 233 1252 808 
2880 232 808 1252 804 
2881 41 40 522 2087 
2882 809 813 2087 41 
2883 809 41 2087 40 
2884 813 809 2087 2088 
2885 810 814 2088 813 
2886 810 813 2088 809 
2887 814 810 2088 2089 
2888 811 815 2089 814 
2889 811 814 2089 810 
2890 815 811 2089 2090 
2891 812 816 2090 815 
2892 812 815 2090 811 
2893 816 812 2090 1256 
2894 234 235 1256 816 
2895 234 816 1256 812 
2896 31 30 526 2103 
2897 769 773 2103 31 
2898 769 31 2103 30 
2899 773 769 2103 2104 
2900 770 774 2104 773 
2901 770 773 2104 769 
2902 774 770 2104 2105 
2903 771 775 2105 774 
2904 771 774 2105 770 
2905 775 771 2105 2106 
2906 772 776 2106 775 
2907 772 775 2106 771 
2908 776 772 2106 1260 
2909 224 225 1260 776 
2910 224 776 1260 772 
2911 35 34 524 2095 
2912 785 789 2095 35 
2913 785 35 2095 34 
2914 789 785 2095 2096 
2915 786 790 2096 789 
2916 786 789 2096 785 
2917 790 786 2096 2097 
2918 787 791 2097 790 
2919 787 790 2097 786 
2920 791 787 2097 2098 
2921 788 792 2098 791 
2922 788 791 2098 787 
2923 792 788 2098 1258 
2924 228 229 1258 792 
2925 228 792 1258 788 
2926 33 32 527 2107 
2927 777 781 2107 33 
2928 777 33 2107 32 
2929 781 777 2107 2108 
2930 778 782 2108 781 
2931 778 781 2108 777 
2932 782 778 2108 2109 
2933 779 783 2109 782 
2934 779 782 2109 778 
2935 783 779 2109 2110 
2936 780 784 2110 783 
2937 780 783 2110 779 
2938 784 780 2110 1261 
2939 226 227 1261 784 
2940 226 784 1261 780 
2941 519 466 581 2323 
2942 1863 2075 2323 466 
2943 466 519 2075 2323 
2944 2075 1863 2323 2324 
2945 1864 2076 2324 1863 
2946 1863 2075 2076 2324 
2947 2076 1864 2324 2325 
2948 1865 2077 2325 1864 
2949 1864 2076 2077 2325 
2950 2077 1865 2325 2326 
2951 1866 2078 2326 1865 
2952 1865 2077 2078 2326 
2953 2078 1866 2326 1315 
2954 1200 1253 1315 1866 
2955 1866 2078 1253 1315 
2956 73 470 531 1879 
2957 1879 941 2123 73 
2958 1879 73 2123 531 
2959 941 1879 2123 1880 
2960 1880 942 2124 941 
2961 1880 941 2124 2123 
2962 942 1880 2124 1881 
2963 1881 943 2125 942 
2964 1881 942 2125 2124 
2965 943 1881 2125 1882 
2966 1882 944 2126 943 
2967 1882 943 2126 2125 
2968 944 1882 2126 1204 
2969 1204 267 1265 944 
2970 1204 944 1265 2126 
2971 74 73 531 2123 
2972 941 945 2123 74 
2973 941 74 2123 73 
2974 945 941 2123 2124 
2975 942 946 2124 945 
2976 942 945 2124 941 
2977 946 942 2124 2125 
2978 943 947 2125 946 
2979 943 946 2125 942 
2980 947 943 2125 2126 
2981 944 948 2126 947 
2982 944 947 2126 943 
2983 948 944 2126 1265 
2984 267 268 1265 948 
2985 267 948 1265 944 
2986 94 93 499 1995 
2987 1021 1025 1995 94 
2988 1021 94 1995 93 
2989 1025 1021 1995 1996 
2990 1022 1026 1996 1025 
2991 1022 1025 1996 1021 
2992 1026 1022 1996 1997 
2993 1023 1027 1997 1026 
2994 1023 1026 1997 1022 
2995 1027 1023 1997 1998 
2996 1024 1028 1998 1027 
2997 1024 1027 1998 1023 
2998 1028 1024 1998 1233 
2999 287 288 1233 1028 
3000 287 1028 1233 1024 
3001 45 44 528 2111 
3002 825 829 2111 45 
3003 825 45 2111 44 
3004 829 825 2111 2112 
3005 826 830 2112 829 
3006 826 829 2112 825 
3007 830 826 2112 2113 
3008 827 831 2113 830 
3009 827 830 2113 826 
3010 831 827 2113 2114 
3011 828 832 2114 831 
3012 828 831 2114 827 
3013 832 828 2114 1262 
3014 238 239 1262 832 
3015 238 832 1262 828 
3016 531 470 532 1879 
3017 1879 2123 2127 531 
3018 1879 531 2127 532 
3019 2123 1879 2127 1880 
3020 1880 2124 2128 2123 
3021 1880 2123 2128 2127 
3022 2124 1880 2128 1881 
3023 1881 2125 2129 2124 
3024 1881 2124 2129 2128 
3025 2125 1881 2129 1882 
3026 1882 2126 2130 2125 
3027 1882 2125 2130 2129 
3028 2126 1882 2130 1204 
3029 1204 1265 1266 2126 
3030 1204 2126 1266 2130 
3031 49 48 530 2119 
3032 841 845 2119 49 
3033 841 49 2119 48 
3034 845 841 2119 2120 
3035 842 846 2120 845 
3036 842 845 2120 841 
3037 846 842 2120 2121 
3038 843 847 2121 846 
3039 843 846 2121 842 
3040 847 843 2121 2122 
3041 844 848 2122 847 
3042 844 847 2122 843 
3043 848 844 2122 1264 
3044 242 243 1264 848 
3045 242 848 1264 844 
3046 70 502 535 2139 
3047 2007 929 2139 70 
3048 2007 70 2139 502 
3049 929 2007 2139 2140 
3050 2008 930 2140 929 
3051 2008 929 2140 2007 
3052 930 2008 2140 2141 
3053 2009 931 2141 930 
3054 2009 930 2141 2008 
3055 931 2009 2141 2142 
3056 2010 932 2142 931 
3057 2010 931 2142 2009 
3058 932 2010 2142 1269 
3059 1236 264 1269 932 
3060 1236 932 1269 2010 
3061 534 71 535 2139 
3062 933 2135 2139 534 
3063 933 534 2139 71 
3064 2135 933 2139 2140 
3065 934 2136 2140 2135 
3066 934 2135 2140 933 
3067 2136 934 2140 2141 
3068 935 2137 2141 2136 
3069 935 2136 2141 934 
3070 2137 935 2141 2142 
3071 936 2138 2142 2137 
3072 936 2137 2142 935 
3073 2138 936 2142 1269 
3074 265 1268 1269 2138 
3075 265 2138 1269 936 
3076 72 71 534 933 
3077 933 937 2135 72 
3078 933 72 2135 534 
3079 937 933 2135 934 
3080 934 938 2136 937 
3081 934 937 2136 2135 
3082 938 934 2136 935 
3083 935 939 2137 938 
3084 935 938 2137 2136 
3085 939 935 2137 936 
3086 936 940 2138 939 
3087 936 939 2138 2137 
3088 940 936 2138 265 
3089 265 266 1268 940 
3090 265 940 1268 2138 
3091 535 502 536 2143 
3092 2007 2139 2143 502 
3093 502 535 2139 2143 
3094 2139 2007 2143 2144 
3095 2008 2140 2144 2007 
3096 2007 2139 2140 2144 
3097 2140 2008 2144 2145 
3098 2009 2141 2145 2008 
3099 2008 2140 2141 2145 
3100 2141 2009 2145 2146 
3101 2010 2142 2146 2009 
3102 2009 2141 2142 2146 
3103 2142 2010 2146 1270 
3104 1236 1269 1270 2010 
3105 2010 2142 1269 1270 
3106 71 70 535 2139 
3107 929 933 2139 71 
3108 929 71 2139 70 
3109 933 929 2139 2140 
3110 930 934 2140 933 
3111 930 933 2140 929 
3112 934 930 2140 2141 
3113 931 935 2141 934 
3114 931 934 2141 930 
3115 935 931 2141 2142 
3116 932 936 2142 935 
3117 932 935 2142 931 
3118 936 932 2142 1269 
3119 264 265 1269 936 
3120 264 936 1269 932 
3121 500 116 539 2155 
3122 1113 1999 2155 500 
3123 1113 500 2155 116 
3124 1999 1113 2155 2156 
3125 1114 2000 2156 1999 
3126 1114 1999 2156 1113 
3127 2000 1114 2156 2157 
3128 1115 2001 2157 2000 
3129 1115 2000 2157 1114 
3130 2001 1115 2157 2158 
3131 1116 2002 2158 2001 
3132 1116 2001 2158 1115 
3133 2002 1116 2158 1273 
3134 310 1234 1273 2002 
3135 310 2002 1273 1116 
3136 116 115 539 2155 
3137 1109 1113 2155 116 
3138 1109 116 2155 115 
3139 1113 1109 2155 2156 
3140 1110 1114 2156 1113 
3141 1110 1113 2156 1109 
3142 1114 1110 2156 2157 
3143 1111 1115 2157 1114 
3144 1111 1114 2157 1110 
3145 1115 1111 2157 2158 
3146 1112 1116 2158 1115 
3147 1112 1115 2158 1111 
3148 1116 1112 2158 1273 
3149 309 310 1273 1116 
3150 309 1116 1273 1112 
3151 501 114 537 2147 
3152 1105 2003 2147 501 
3153 1105 501 2147 114 
3154 2003 1105 2147 2148 
3155 1106 2004 2148 2003 
3156 1106 2003 2148 1105 
3157 2004 1106 2148 2149 
3158 1107 2005 2149 2004 
3159 1107 2004 2149 1106 
3160 2005 1107 2149 2150 
3161 1108 2006 2150 2005 
3162 1108 2005 2150 1107 
3163 2006 1108 2150 1271 
3164 308 1235 1271 2006 
3165 308 2006 1271 1108 
3166 541 505 542 2167 
3167 2019 2163 2167 541 
3168 2019 541 2167 505 
3169 2163 2019 2167 2168 
3170 2020 2164 2168 2163 
3171 2020 2163 2168 2019 
3172 2164 2020 2168 2169 
3173 2021 2165 2169 2164 
3174 2021 2164 2169 2020 
3175 2165 2021 2169 2170 
3176 2022 2166 2170 2165 
3177 2022 2165 2170 2021 
3178 2166 2022 2170 1276 
3179 1239 1275 1276 2166 
3180 1239 2166 1276 2022 
3181 543 507 544 2175 
3182 2027 2171 2175 543 
3183 2027 543 2175 507 
3184 2171 2027 2175 2176 
3185 2028 2172 2176 2171 
3186 2028 2171 2176 2027 
3187 2172 2028 2176 2177 
3188 2029 2173 2177 2172 
3189 2029 2172 2177 2028 
3190 2173 2029 2177 2178 
3191 2030 2174 2178 2173 
3192 2030 2173 2178 2029 
3193 2174 2030 2178 1278 
3194 1241 1277 1278 2174 
3195 1241 2174 1278 2030 
3196 545 504 546 2183 
3197 2015 2179 2183 545 
3198 2015 545 2183 504 
3199 2179 2015 2183 2184 
3200 2016 2180 2184 2179 
3201 2016 2179 2184 2015 
3202 2180 2016 2184 2185 
3203 2017 2181 2185 2180 
3204 2017 2180 2185 2016 
3205 2181 2017 2185 2186 
3206 2018 2182 2186 2181 
3207 2018 2181 2186 2017 
3208 2182 2018 2186 1280 
3209 1238 1279 1280 2182 
3210 1238 2182 1280 2018 
3211 547 506 548 2191 
3212 2023 2187 2191 547 
3213 2023 547 2191 506 
3214 2187 2023 2191 2192 
3215 2024 2188 2192 2187 
3216 2024 2187 2192 2023 
3217 2188 2024 2192 2193 
3218 2025 2189 2193 2188 
3219 2025 2188 2193 2024 
3220 2189 2025 2193 2194 
3221 2026 2190 2194 2189 
3222 2026 2189 2194 2025 
3223 2190 2026 2194 1282 
3224 1240 1281 1282 2190 
3225 1240 2190 1282 2026 
3226 111 505 541 2019 
3227 2019 1093 2163 111 
3228 2019 111 2163 541 
3229 1093 2019 2163 2020 
3230 2020 1094 2164 1093 
3231 2020 1093 2164 2163 
3232 1094 2020 2164 2021 
3233 2021 1095 2165 1094 
3234 2021 1094 2165 2164 
3235 1095 2021 2165 2022 
3236 2022 1096 2166 1095 
3237 2022 1095 2166 2165 
3238 1096 2022 2166 1239 
3239 1239 305 1275 1096 
3240 1239 1096 1275 2166 
3241 109 507 543 2027 
3242 2027 1085 2171 109 
3243 2027 109 2171 543 
3244 1085 2027 2171 2028 
3245 2028 1086 2172 1085 
3246 2028 1085 2172 2171 
3247 1086 2028 2172 2029 
3248 2029 1087 2173 1086 
3249 2029 1086 2173 2172 
3250 1087 2029 2173 2030 
3251 2030 1088 2174 1087 
3252 2030 1087 2174 2173 
3253 1088 2030 2174 1241 
3254 1241 303 1277 1088 
3255 1241 1088 1277 2174 
3256 553 508 554 2215 
3257 2031 2211 2215 553 
3258 2031 553 2215 508 
3259 2211 2031 2215 2216 
3260 2032 2212 2216 2211 
3261 2032 2211 2216 2031 
3262 2212 2032 2216 2217 
3263 2033 2213 2217 2212 
3264 2033 2212 2217 2032 
3265 2213 2033 2217 2218 
3266 2034 2214 2218 2213 
3267 2034 2213 2218 2033 
3268 2214 2034 2218 1288 
3269 1242 1287 1288 2214 
3270 1242 2214 1288 2034 
3271 68 504 545 2015 
3272 2015 921 2179 68 
3273 2015 68 2179 545 
3274 921 2015 2179 2016 
3275 2016 922 2180 921 
3276 2016 921 2180 2179 
3277 922 2016 2180 2017 
3278 2017 923 2181 922 
3279 2017 922 2181 2180 
3280 923 2017 2181 2018 
3281 2018 924 2182 923 
3282 2018 923 2182 2181 
3283 924 2018 2182 1238 
3284 1238 262 1279 924 
3285 1238 924 1279 2182 
3286 66 506 547 2023 
3287 2023 913 2187 66 
3288 2023 66 2187 547 
3289 913 2023 2187 2024 
3290 2024 914 2188 913 
3291 2024 913 2188 2187 
3292 914 2024 2188 2025 
3293 2025 915 2189 914 
3294 2025 914 2189 2188 
3295 915 2025 2189 2026 
3296 2026 916 2190 915 
3297 2026 915 2190 2189 
3298 916 2026 2190 1240 
3299 1240 260 1281 916 
3300 1240 916 1281 2190 
3301 115 114 501 1105 
3302 1105 1109 2003 115 
3303 1105 115 2003 501 
3304 1109 1105 2003 1106 
3305 1106 1110 2004 1109 
3306 1106 1109 2004 2003 
3307 1110 1106 2004 1107 
3308 1107 1111 2005 1110 
3309 1107 1110 2005 2004 
3310 1111 1107 2005 1108 
3311 1108 1112 2006 1111 
3312 1108 1111 2006 2005 
3313 1112 1108 2006 308 
3314 308 309 1235 1112 
3315 308 1112 1235 2006 
3316 115 501 539 2155 
3317 2003 1109 2155 115 
3318 2003 115 2155 501 
3319 1109 2003 2155 2156 
3320 2004 1110 2156 1109 
3321 2004 1109 2156 2003 
3322 1110 2004 2156 2157 
3323 2005 1111 2157 1110 
3324 2005 1110 2157 2004 
3325 1111 2005 2157 2158 
3326 2006 1112 2158 1111 
3327 2006 1111 2158 2005 
3328 1112 2006 2158 1273 
3329 1235 309 1273 1112 
3330 1235 1112 1273 2006 
3331 507 108 551 2203 
3332 1081 2027 2203 507 
3333 1081 507 2203 108 
3334 2027 1081 2203 2204 
3335 1082 2028 2204 2027 
3336 1082 2027 2204 1081 
3337 2028 1082 2204 2205 
3338 1083 2029 2205 2028 
3339 1083 2028 2205 1082 
3340 2029 1083 2205 2206 
3341 1084 2030 2206 2029 
3342 1084 2029 2206 1083 
3343 2030 1084 2206 1285 
3344 302 1241 1285 2030 
3345 302 2030 1285 1084 
3346 537 503 538 2151 
3347 2011 2147 2151 537 
3348 2011 537 2151 503 
3349 2147 2011 2151 2152 
3350 2012 2148 2152 2147 
3351 2012 2147 2152 2011 
3352 2148 2012 2152 2153 
3353 2013 2149 2153 2148 
3354 2013 2148 2153 2012 
3355 2149 2013 2153 2154 
3356 2014 2150 2154 2149 
3357 2014 2149 2154 2013 
3358 2150 2014 2154 1272 
3359 1237 1271 1272 2150 
3360 1237 2150 1272 2014 
3361 105 104 479 1915 
3362 1065 1069 1915 105 
3363 1065 105 1915 104 
3364 1069 1065 1915 1916 
3365 1066 1070 1916 1069 
3366 1066 1069 1916 1065 
3367 1070 1066 1916 1917 
3368 1067 1071 1917 1070 
3369 1067 1070 1917 1066 
3370 1071 1067 1917 1918 
3371 1068 1072 1918 1071 
3372 1068 1071 1918 1067 
3373 1072 1068 1918 1213 
3374 298 299 1213 1072 
3375 298 1072 1213 1068 
3376 113 503 537 2011 
3377 2011 1101 2147 113 
3378 2011 113 2147 537 
3379 1101 2011 2147 2012 
3380 2012 1102 2148 1101 
3381 2012 1101 2148 2147 
3382 1102 2012 2148 2013 
3383 2013 1103 2149 1102 
3384 2013 1102 2149 2148 
3385 1103 2013 2149 2014 
3386 2014 1104 2150 1103 
3387 2014 1103 2150 2149 
3388 1104 2014 2150 1237 
3389 1237 307 1271 1104 
3390 1237 1104 1271 2150 
3391 549 479 550 2199 
3392 1915 2195 2199 549 
3393 1915 549 2199 479 
3394 2195 1915 2199 2200 
3395 1916 2196 2200 2195 
3396 1916 2195 2200 1915 
3397 2196 1916 2200 2201 
3398 1917 2197 2201 2196 
3399 1917 2196 2201 1916 
3400 2197 1917 2201 2202 
3401 1918 2198 2202 2197 
3402 1918 2197 2202 1917 
3403 2198 1918 2202 1284 
3404 1213 1283 1284 2198 
3405 1213 2198 1284 1918 
3406 551 482 552 2207 
3407 1927 2203 2207 551 
3408 1927 551 2207 482 
3409 2203 1927 2207 2208 
3410 1928 2204 2208 2203 
3411 1928 2203 2208 1927 
3412 2204 1928 2208 2209 
3413 1929 2205 2209 2204 
3414 1929 2204 2209 1928 
3415 2205 1929 2209 2210 
3416 1930 2206 2210 2205 
3417 1930 2205 2210 1929 
3418 2206 1930 2210 1286 
3419 1216 1285 1286 2206 
3420 1216 2206 1286 1930 
3421 64 508 553 2031 
3422 2031 905 2211 64 
3423 2031 64 2211 553 
3424 905 2031 2211 2032 
3425 2032 906 2212 905 
3426 2032 905 2212 2211 
3427 906 2032 2212 2033 
3428 2033 907 2213 906 
3429 2033 906 2213 2212 
3430 907 2033 2213 2034 
3431 2034 908 2214 907 
3432 2034 907 2214 2213 
3433 908 2034 2214 1242 
3434 1242 258 1287 908 
3435 1242 908 1287 2214 
3436 539 501 540 2159 
3437 2003 2155 2159 501 
3438 501 539 2155 2159 
3439 2155 2003 2159 2160 
3440 2004 2156 2160 2003 
3441 2003 2155 2156 2160 
3442 2156 2004 2160 2161 
3443 2005 2157 2161 2004 
3444 2004 2156 2157 2161 
3445 2157 2005 2161 2162 
3446 2006 2158 2162 2005 
3447 2005 2157 2158 2162 
3448 2158 2006 2162 1274 
3449 1235 1273 1274 2006 
3450 2006 2158 1273 1274 
3451 503 112 541 2163 
3452 1097 2011 2163 503 
3453 1097 503 2163 112 
3454 2011 1097 2163 2164 
3455 1098 2012 2164 2011 
3456 1098 2011 2164 1097 
3457 2012 1098 2164 2165 
3458 1099 2013 2165 2012 
3459 1099 2012 2165 1098 
3460 2013 1099 2165 2166 
3461 1100 2014 2166 2013 
3462 1100 2013 2166 1099 
3463 2014 1100 2166 1275 
3464 306 1237 1275 2014 
3465 306 2014 1275 1100 
3466 505 110 543 2171 
3467 1089 2019 2171 505 
3468 1089 505 2171 110 
3469 2019 1089 2171 2172 
3470 1090 2020 2172 2019 
3471 1090 2019 2172 1089 
3472 2020 1090 2172 2173 
3473 1091 2021 2173 2020 
3474 1091 2020 2173 1090 
3475 2021 1091 2173 2174 
3476 1092 2022 2174 2021 
3477 1092 2021 2174 1091 
3478 2022 1092 2174 1277 
3479 304 1239 1277 2022 
3480 304 2022 1277 1092 
3481 105 479 549 1915 
3482 1915 1069 2195 105 
3483 1915 105 2195 549 
3484 1069 1915 2195 1916 
3485 1916 1070 2196 1069 
3486 1916 1069 2196 2195 
3487 1070 1916 2196 1917 
3488 1917 1071 2197 1070 
3489 1917 1070 2197 2196 
3490 1071 1917 2197 1918 
3491 1918 1072 2198 1071 
3492 1918 1071 2198 2197 
3493 1072 1918 2198 1213 
3494 1213 299 1283 1072 
3495 1213 1072 1283 2198 
3496 502 69 545 2179 
3497 925 2007 2179 502 
3498 925 502 2179 69 
3499 2007 925 2179 2180 
3500 926 2008 2180 2007 
3501 926 2007 2180 925 
3502 2008 926 2180 2181 
3503 927 2009 2181 2008 
3504 927 2008 2181 926 
3505 2009 927 2181 2182 
3506 928 2010 2182 2009 
3507 928 2009 2182 927 
3508 2010 928 2182 1279 
3509 263 1236 1279 2010 
3510 263 2010 1279 928 
3511 482 106 549 2195 
3512 1073 1927 2195 482 
3513 1073 482 2195 106 
3514 1927 1073 2195 2196 
3515 1074 1928 2196 1927 
3516 1074 1927 2196 1073 
3517 1928 1074 2196 2197 
3518 1075 1929 2197 1928 
3519 1075 1928 2197 1074 
3520 1929 1075 2197 2198 
3521 1076 1930 2198 1929 
3522 1076 1929 2198 1075 
3523 1930 1076 2198 1283 
3524 300 1216 1283 1930 
3525 300 1930 1283 1076 
3526 504 67 547 2187 
3527 917 2015 2187 504 
3528 917 504 2187 67 
3529 2015 917 2187 2188 
3530 918 2016 2188 2015 
3531 918 2015 2188 917 
3532 2016 918 2188 2189 
3533 919 2017 2189 2016 
3534 919 2016 2189 918 
3535 2017 919 2189 2190 
3536 920 2018 2190 2017 
3537 920 2017 2190 919 
3538 2018 920 2190 1281 
3539 261 1238 1281 2018 
3540 261 2018 1281 920 
3541 114 113 537 2147 
3542 1101 1105 2147 114 
3543 1101 114 2147 113 
3544 1105 1101 2147 2148 
3545 1102 1106 2148 1105 
3546 1102 1105 2148 1101 
3547 1106 1102 2148 2149 
3548 1103 1107 2149 1106 
3549 1103 1106 2149 1102 
3550 1107 1103 2149 2150 
3551 1104 1108 2150 1107 
3552 1104 1107 2150 1103 
3553 1108 1104 2150 1271 
3554 307 308 1271 1108 
3555 307 1108 1271 1104 
3556 107 482 551 1927 
3557 1927 1077 2203 107 
3558 1927 107 2203 551 
3559 1077 1927 2203 1928 
3560 1928 1078 2204 1077 
3561 1928 1077 2204 2203 
3562 1078 1928 2204 1929 
3563 1929 1079 2205 1078 
3564 1929 1078 2205 2204 
3565 1079 1929 2205 1930 
3566 1930 1080 2206 1079 
3567 1930 1079 2206 2205 
3568 1080 1930 2206 1216 
3569 1216 301 1285 1080 
3570 1216 1080 1285 2206 
3571 111 110 505 1089 
3572 1089 1093 2019 111 
3573 1089 111 2019 505 
3574 1093 1089 2019 1090 
3575 1090 1094 2020 1093 
3576 1090 1093 2020 2019 
3577 1094 1090 2020 1091 
3578 1091 1095 2021 1094 
3579 1091 1094 2021 2020 
3580 1095 1091 2021 1092 
3581 1092 1096 2022 1095 
3582 1092 1095 2022 2021 
3583 1096 1092 2022 304 
3584 304 305 1239 1096 
3585 304 1096 1239 2022 
3586 113 112 503 1097 
3587 1097 1101 2011 113 
3588 1097 113 2011 503 
3589 1101 1097 2011 1098 
3590 1098 1102 2012 1101 
3591 1098 1101 2012 2011 
3592 1102 1098 2012 1099 
3593 1099 1103 2013 1102 
3594 1099 1102 2013 2012 
3595 1103 1099 2013 1100 
3596 1100 1104 2014 1103 
3597 1100 1103 2014 2013 
3598 1104 1100 2014 306 
3599 306 307 1237 1104 
3600 306 1104 1237 2014 
3601 109 108 507 1081 
3602 1081 1085 2027 109 
3603 1081 109 2027 507 
3604 1085 1081 2027 1082 
3605 1082 1086 2028 1085 
3606 1082 1085 2028 2027 
3607 1086 1082 2028 1083 
3608 1083 1087 2029 1086 
3609 1083 1086 2029 2028 
3610 1087 1083 2029 1084 
3611 1084 1088 2030 1087 
3612 1084 1087 2030 2029 
3613 1088 1084 2030 302 
3614 302 303 1241 1088 
3615 302 1088 1241 2030 
3616 106 105 549 2195 
3617 1069 1073 2195 106 
3618 1069 106 2195 105 
3619 1073 1069 2195 2196 
3620 1070 1074 2196 1073 
3621 1070 1073 2196 1069 
3622 1074 1070 2196 2197 
3623 1071 1075 2197 1074 
3624 1071 1074 2197 1070 
3625 1075 1071 2197 2198 
3626 1072 1076 2198 1075 
3627 1072 1075 2198 1071 
3628 1076 1072 2198 1283 
3629 299 300 1283 1076 
3630 299 1076 1283 1072 
3631 68 67 504 917 
3632 917 921 2015 68 
3633 917 68 2015 504 
3634 921 917 2015 918 
3635 918 922 2016 921 
3636 918 921 2016 2015 
3637 922 918 2016 919 
3638 919 923 2017 922 
3639 919 922 2017 2016 
3640 923 919 2017 920 
3641 920 924 2018 923 
3642 920 923 2018 2017 
3643 924 920 2018 261 
3644 261 262 1238 924 
3645 261 924 1238 2018 
3646 70 69 502 925 
3647 925 929 2007 70 
3648 925 70 2007 502 
3649 929 925 2007 926 
3650 926 930 2008 929 
3651 926 929 2008 2007 
3652 930 926 2008 927 
3653 927 931 2009 930 
3654 927 930 2009 2008 
3655 931 927 2009 928 
3656 928 932 2010 931 
3657 928 931 2010 2009 
3658 932 928 2010 263 
3659 263 264 1236 932 
3660 263 932 1236 2010 
3661 66 65 506 2023 
3662 909 913 2023 66 
3663 909 66 2023 65 
3664 913 909 2023 2024 
3665 910 914 2024 913 
3666 910 913 2024 909 
3667 914 910 2024 2025 
3668 911 915 2025 914 
3669 911 914 2025 910 
3670 915 911 2025 2026 
3671 912 916 2026 915 
3672 912 915 2026 911 
3673 916 912 2026 1240 
3674 259 260 1240 916 
3675 259 916 1240 912 
3676 506 65 553 2211 
3677 909 2023 2211 65 
3678 65 506 2023 2211 
3679 2023 909 2211 2212 
3680 910 2024 2212 909 
3681 909 2023 2024 2212 
3682 2024 910 2212 2213 
3683 911 2025 2213 910 
3684 910 2024 2025 2213 
3685 2025 911 2213 2214 
3686 912 2026 2214 911 
3687 911 2025 2026 2214 
3688 2026 912 2214 1287 
3689 259 1240 1287 912 
3690 912 2026 1240 1287 
3691 107 106 482 1073 
3692 1073 1077 1927 107 
3693 1073 107 1927 482 
3694 1077 1073 1927 1074 
3695 1074 1078 1928 1077 
3696 1074 1077 1928 1927 
3697 1078 1074 1928 1075 
3698 1075 1079 1929 1078 
3699 1075 1078 1929 1928 
3700 1079 1075 1929 1076 
3701 1076 1080 1930 1079 
3702 1076 1079 1930 1929 
3703 1080 1076 1930 300 
3704 300 301 1216 1080 
3705 300 1080 1216 1930 
3706 112 111 541 2163 
3707 1093 1097 2163 112 
3708 1093 112 2163 111 
3709 1097 1093 2163 2164 
3710 1094 1098 2164 1097 
3711 1094 1097 2164 1093 
3712 1098 1094 2164 2165 
3713 1095 1099 2165 1098 
3714 1095 1098 2165 1094 
3715 1099 1095 2165 2166 
3716 1096 1100 2166 1099 
3717 1096 1099 2166 1095 
3718 1100 1096 2166 1275 
3719 305 306 1275 1100 
3720 305 1100 1275 1096 
3721 69 68 545 2179 
3722 921 925 2179 69 
3723 921 69 2179 68 
3724 925 921 2179 2180 
3725 922 926 2180 925 
3726 922 925 2180 921 
3727 926 922 2180 2181 
3728 923 927 2181 926 
3729 923 926 2181 922 
3730 927 923 2181 2182 
3731 924 928 2182 927 
3732 924 927 2182 923 
3733 928 924 2182 1279 
3734 262 263 1279 928 
3735 262 928 1279 924 
3736 110 109 543 2171 
3737 1085 1089 2171 110 
3738 1085 110 2171 109 
3739 1089 1085 2171 2172 
3740 1086 1090 2172 1089 
3741 1086 1089 2172 1085 
3742 1090 1086 2172 2173 
3743 1087 1091 2173 1090 
3744 1087 1090 2173 1086 
3745 1091 1087 2173 2174 
3746 1088 1092 2174 1091 
3747 1088 1091 2174 1087 
3748 1092 1088 2174 1277 
3749 303 304 1277 1092 
3750 303 1092 1277 1088 
3751 67 66 547 2187 
3752 913 917 2187 67 
3753 913 67 2187 66 
3754 917 913 2187 2188 
3755 914 918 2188 917 
3756 914 917 2188 913 
3757 918 914 2188 2189 
3758 915 919 2189 918 
3759 915 918 2189 914 
3760 919 915 2189 2190 
3761 916 920 2190 919 
3762 916 919 2190 915 
3763 920 916 2190 1281 
3764 260 261 1281 920 
3765 260 920 1281 916 
3766 108 107 551 2203 
3767 1077 1081 2203 108 
3768 1077 108 2203 107 
3769 1081 1077 2203 2204 
3770 1078 1082 2204 1081 
3771 1078 1081 2204 1077 
3772 1082 1078 2204 2205 
3773 1079 1083 2205 1082 
3774 1079 1082 2205 1078 
3775 1083 1079 2205 2206 
3776 1080 1084 2206 1083 
3777 1080 1083 2206 1079 
3778 1084 1080 2206 1285 
3779 301 302 1285 1084 
3780 301 1084 1285 1080 
3781 64 63 508 2031 
3782 901 905 2031 64 
3783 901 64 2031 63 
3784 905 901 2031 2032 
3785 902 906 2032 905 
3786 902 905 2032 901 
3787 906 902 2032 2033 
3788 903 907 2033 906 
3789 903 906 2033 902 
3790 907 903 2033 2034 
3791 904 908 2034 907 
3792 904 907 2034 903 
3793 908 904 2034 1242 
3794 257 258 1242 908 
3795 257 908 1242 904 
3796 65 64 553 2211 
3797 905 909 2211 65 
3798 905 65 2211 64 
3799 909 905 2211 2212 
3800 906 910 2212 909 
3801 906 909 2212 905 
3802 910 906 2212 2213 
3803 907 911 2213 910 
3804 907 910 2213 906 
3805 911 907 2213 2214 
3806 908 912 2214 911 
3807 908 911 2214 907 
3808 912 908 2214 1287 
3809 258 259 1287 912 
3810 258 912 1287 908 
3811 62 61 509 2035 
3812 893 897 2035 62 
3813 893 62 2035 61 
3814 897 893 2035 2036 
3815 894 898 2036 897 
3816 894 897 2036 893 
3817 898 894 2036 2037 
3818 895 899 2037 898 
3819 895 898 2037 894 
3820 899 895 2037 2038 
3821 896 900 2038 899 
3822 896 899 2038 895 
3823 900 896 2038 1243 
3824 255 256 1243 900 
3825 255 900 1243 896 
3826 555 500 556 2223 
3827 1999 2219 2223 555 
3828 1999 555 2223 500 
3829 2219 1999 2223 2224 
3830 2000 2220 2224 2219 
3831 2000 2219 2224 1999 
3832 2220 2000 2224 2225 
3833 2001 2221 2225 2220 
3834 2001 2220 2225 2000 
3835 2221 2001 2225 2226 
3836 2002 2222 2226 2221 
3837 2002 2221 2226 2001 
3838 2222 2002 2226 1290 
3839 1234 1289 1290 2222 
3840 1234 2222 1290 2002 
3841 117 500 555 1999 
3842 1999 1117 2219 117 
3843 1999 117 2219 555 
3844 1117 1999 2219 2000 
3845 2000 1118 2220 1117 
3846 2000 1117 2220 2219 
3847 1118 2000 2220 2001 
3848 2001 1119 2221 1118 
3849 2001 1118 2221 2220 
3850 1119 2001 2221 2002 
3851 2002 1120 2222 1119 
3852 2002 1119 2222 2221 
3853 1120 2002 2222 1234 
3854 1234 311 1289 1120 
3855 1234 1120 1289 2222 
3856 117 116 500 1113 
3857 1113 1117 1999 117 
3858 1113 117 1999 500 
3859 1117 1113 1999 1114 
3860 1114 1118 2000 1117 
3861 1114 1117 2000 1999 
3862 1118 1114 2000 1115 
3863 1115 1119 2001 1118 
3864 1115 1118 2001 2000 
3865 1119 1115 2001 1116 
3866 1116 1120 2002 1119 
3867 1116 1119 2002 2001 
3868 1120 1116 2002 310 
3869 310 311 1234 1120 
3870 310 1120 1234 2002 
3871 118 117 555 2219 
3872 1117 1121 2219 118 
3873 1117 118 2219 117 
3874 1121 1117 2219 2220 
3875 1118 1122 2220 1121 
3876 1118 1121 2220 1117 
3877 1122 1118 2220 2221 
3878 1119 1123 2221 1122 
3879 1119 1122 2221 1118 
3880 1123 1119 2221 2222 
3881 1120 1124 2222 1123 
3882 1120 1123 2222 1119 
3883 1124 1120 2222 1289 
3884 311 312 1289 1124 
3885 311 1124 1289 1120 
3886 50 49 468 845 
3887 845 849 1871 50 
3888 845 50 1871 468 
3889 849 845 1871 846 
3890 846 850 1872 849 
3891 846 849 1872 1871 
3892 850 846 1872 847 
3893 847 851 1873 850 
3894 847 850 1873 1872 
3895 851 847 1873 848 
3896 848 852 1874 851 
3897 848 851 1874 1873 
3898 852 848 1874 243 
3899 243 244 1202 852 
3900 243 852 1202 1874 
3901 52 51 469 1875 
3902 853 857 1875 52 
3903 853 52 1875 51 
3904 857 853 1875 1876 
3905 854 858 1876 857 
3906 854 857 1876 853 
3907 858 854 1876 1877 
3908 855 859 1877 858 
3909 855 858 1877 854 
3910 859 855 1877 1878 
3911 856 860 1878 859 
3912 856 859 1878 855 
3913 860 856 1878 1203 
3914 245 246 1203 860 
3915 245 860 1203 856 
3916 73 72 470 1879 
3917 937 941 1879 73 
3918 937 73 1879 72 
3919 941 937 1879 1880 
3920 938 942 1880 941 
3921 938 941 1880 937 
3922 942 938 1880 1881 
3923 939 943 1881 942 
3924 939 942 1881 938 
3925 943 939 1881 1882 
3926 940 944 1882 943 
3927 940 943 1882 939 
3928 944 940 1882 1204 
3929 266 267 1204 944 
3930 266 944 1204 940 
3931 97 96 471 1883 
3932 1033 1037 1883 97 
3933 1033 97 1883 96 
3934 1037 1033 1883 1884 
3935 1034 1038 1884 1037 
3936 1034 1037 1884 1033 
3937 1038 1034 1884 1885 
3938 1035 1039 1885 1038 
3939 1035 1038 1885 1034 
3940 1039 1035 1885 1886 
3941 1036 1040 1886 1039 
3942 1036 1039 1886 1035 
3943 1040 1036 1886 1205 
3944 290 291 1205 1040 
3945 290 1040 1205 1036 
3946 60 59 478 1911 
3947 885 889 1911 60 
3948 885 60 1911 59 
3949 889 885 1911 1912 
3950 886 890 1912 889 
3951 886 889 1912 885 
3952 890 886 1912 1913 
3953 887 891 1913 890 
3954 887 890 1913 886 
3955 891 887 1913 1914 
3956 888 892 1914 891 
3957 888 891 1914 887 
3958 892 888 1914 1212 
3959 253 254 1212 892 
3960 253 892 1212 888 
3961 103 102 477 1907 
3962 1057 1061 1907 103 
3963 1057 103 1907 102 
3964 1061 1057 1907 1908 
3965 1058 1062 1908 1061 
3966 1058 1061 1908 1057 
3967 1062 1058 1908 1909 
3968 1059 1063 1909 1062 
3969 1059 1062 1909 1058 
3970 1063 1059 1909 1910 
3971 1060 1064 1910 1063 
3972 1060 1063 1910 1059 
3973 1064 1060 1910 1211 
3974 296 297 1211 1064 
3975 296 1064 1211 1060 
3976 101 100 475 1899 
3977 1049 1053 1899 101 
3978 1049 101 1899 100 
3979 1053 1049 1899 1900 
3980 1050 1054 1900 1053 
3981 1050 1053 1900 1049 
3982 1054 1050 1900 1901 
3983 1051 1055 1901 1054 
3984 1051 1054 1901 1050 
3985 1055 1051 1901 1902 
3986 1052 1056 1902 1055 
3987 1052 1055 1902 1051 
3988 1056 1052 1902 1209 
3989 294 295 1209 1056 
3990 294 1056 1209 1052 
3991 99 98 473 1891 
3992 1041 1045 1891 99 
3993 1041 99 1891 98 
3994 1045 1041 1891 1892 
3995 1042 1046 1892 1045 
3996 1042 1045 1892 1041 
3997 1046 1042 1892 1893 
3998 1043 1047 1893 1046 
3999 1043 1046 1893 1042 
4000 1047 1043 1893 1894 
4001 1044 1048 1894 1047 
4002 1044 1047 1894 1043 
4003 1048 1044 1894 1207 
4004 292 293 1207 1048 
4005 292 1048 1207 1044 
4006 56 55 474 1895 
4007 869 873 1895 56 
4008 869 56 1895 55 
4009 873 869 1895 1896 
4010 870 874 1896 873 
4011 870 873 1896 869 
4012 874 870 1896 1897 
4013 871 875 1897 874 
4014 871 874 1897 870 
4015 875 871 1897 1898 
4016 872 876 1898 875 
4017 872 875 1898 871 
4018 876 872 1898 1208 
4019 249 250 1208 876 
4020 249 876 1208 872 
4021 54 53 472 1887 
4022 861 865 1887 54 
4023 861 54 1887 53 
4024 865 861 1887 1888 
4025 862 866 1888 865 
4026 862 865 1888 861 
4027 866 862 1888 1889 
4028 863 867 1889 866 
4029 863 866 1889 862 
4030 867 863 1889 1890 
4031 864 868 1890 867 
4032 864 867 1890 863 
4033 868 864 1890 1206 
4034 247 248 1206 868 
4035 247 868 1206 864 
4036 58 57 476 1903 
4037 877 881 1903 58 
4038 877 58 1903 57 
4039 881 877 1903 1904 
4040 878 882 1904 881 
4041 878 881 1904 877 
4042 882 878 1904 1905 
4043 879 883 1905 882 
4044 879 882 1905 878 
4045 883 879 1905 1906 
4046 880 884 1906 883 
4047 880 883 1906 879 
4048 884 880 1906 1210 
4049 251 252 1210 884 
4050 251 884 1210 880 
4051 470 72 534 2135 
4052 937 1879 2135 72 
4053 72 470 1879 2135 
4054 1879 937 2135 2136 
4055 938 1880 2136 937 
4056 937 1879 1880 2136 
4057 1880 938 2136 2137 
4058 939 1881 2137 938 
4059 938 1880 1881 2137 
4060 1881 939 2137 2138 
4061 940 1882 2138 939 
4062 939 1881 1882 2138 
4063 1882 940 2138 1268 
4064 266 1204 1268 940 
4065 940 1882 1204 1268 
4066 533 470 534 2135 
4067 1879 2131 2135 533 
4068 1879 533 2135 470 
4069 2131 1879 2135 2136 
4070 1880 2132 2136 2131 
4071 1880 2131 2136 1879 
4072 2132 1880 2136 2137 
4073 1881 2133 2137 2132 
4074 1881 2132 2137 1880 
4075 2133 1881 2137 2138 
4076 1882 2134 2138 2133 
4077 1882 2133 2138 1881 
4078 2134 1882 2138 1268 
4079 1204 1267 1268 2134 
4080 1204 2134 1268 1882 
4081 532 470 533 1879 
4082 1879 2127 2131 532 
4083 1879 532 2131 533 
4084 2127 1879 2131 1880 
4085 1880 2128 2132 2127 
4086 1880 2127 2132 2131 
4087 2128 1880 2132 1881 
4088 1881 2129 2133 2128 
4089 1881 2128 2133 2132 
4090 2129 1881 2133 1882 
4091 1882 2130 2134 2129 
4092 1882 2129 2134 2133 
4093 2130 1882 2134 1204 
4094 1204 1266 1267 2130 
4095 1204 2130 1267 2134 
4096 527 486 573 2291 
4097 1943 2107 2291 486 
4098 486 527 2107 2291 
4099 2107 1943 2291 2292 
4100 1944 2108 2292 1943 
4101 1943 2107 2108 2292 
4102 2108 1944 2292 2293 
4103 1945 2109 2293 1944 
4104 1944 2108 2109 2293 
4105 2109 1945 2293 2294 
4106 1946 2110 2294 1945 
4107 1945 2109 2110 2294 
4108 2110 1946 2294 1307 
4109 1220 1261 1307 1946 
4110 1946 2110 1261 1307 
4111 133 132 461 1843 
4112 1177 1181 1843 133 
4113 1177 133 1843 132 
4114 1181 1177 1843 1844 
4115 1178 1182 1844 1181 
4116 1178 1181 1844 1177 
4117 1182 1178 1844 1845 
4118 1179 1183 1845 1182 
4119 1179 1182 1845 1178 
4120 1183 1179 1845 1846 
4121 1180 1184 1846 1183 
4122 1180 1183 1846 1179 
4123 1184 1180 1846 1195 
4124 326 327 1195 1184 
4125 326 1184 1195 1180 
4126 132 131 557 2227 
4127 1173 1177 2227 132 
4128 1173 132 2227 131 
4129 1177 1173 2227 2228 
4130 1174 1178 2228 1177 
4131 1174 1177 2228 1173 
4132 1178 1174 2228 2229 
4133 1175 1179 2229 1178 
4134 1175 1178 2229 1174 
4135 1179 1175 2229 2230 
4136 1176 1180 2230 1179 
4137 1176 1179 2230 1175 
4138 1180 1176 2230 1291 
4139 325 326 1291 1180 
4140 325 1180 1291 1176 
4141 131 130 462 1847 
4142 1169 1173 1847 131 
4143 1169 131 1847 130 
4144 1173 1169 1847 1848 
4145 1170 1174 1848 1173 
4146 1170 1173 1848 1169 
4147 1174 1170 1848 1849 
4148 1171 1175 1849 1174 
4149 1171 1174 1849 1170 
4150 1175 1171 1849 1850 
4151 1172 1176 1850 1175 
4152 1172 1175 1850 1171 
4153 1176 1172 1850 1196 
4154 324 325 1196 1176 
4155 324 1176 1196 1172 
4156 130 129 558 2231 
4157 1165 1169 2231 130 
4158 1165 130 2231 129 
4159 1169 1165 2231 2232 
4160 1166 1170 2232 1169 
4161 1166 1169 2232 1165 
4162 1170 1166 2232 2233 
4163 1167 1171 2233 1170 
4164 1167 1170 2233 1166 
4165 1171 1167 2233 2234 
4166 1168 1172 2234 1171 
4167 1168 1171 2234 1167 
4168 1172 1168 2234 1292 
4169 323 324 1292 1172 
4170 323 1172 1292 1168 
4171 127 126 464 1855 
4172 1153 1157 1855 127 
4173 1153 127 1855 126 
4174 1157 1153 1855 1856 
4175 1154 1158 1856 1157 
4176 1154 1157 1856 1153 
4177 1158 1154 1856 1857 
4178 1155 1159 1857 1158 
4179 1155 1158 1857 1154 
4180 1159 1155 1857 1858 
4181 1156 1160 1858 1159 
4182 1156 1159 1858 1155 
4183 1160 1156 1858 1198 
4184 320 321 1198 1160 
4185 320 1160 1198 1156 
4186 129 128 463 1851 
4187 1161 1165 1851 129 
4188 1161 129 1851 128 
4189 1165 1161 1851 1852 
4190 1162 1166 1852 1165 
4191 1162 1165 1852 1161 
4192 1166 1162 1852 1853 
4193 1163 1167 1853 1166 
4194 1163 1166 1853 1162 
4195 1167 1163 1853 1854 
4196 1164 1168 1854 1167 
4197 1164 1167 1854 1163 
4198 1168 1164 1854 1197 
4199 322 323 1197 1168 
4200 322 1168 1197 1164 
4201 128 127 559 2235 
4202 1157 1161 2235 128 
4203 1157 128 2235 127 
4204 1161 1157 2235 2236 
4205 1158 1162 2236 1161 
4206 1158 1161 2236 1157 
4207 1162 1158 2236 2237 
4208 1159 1163 2237 1162 
4209 1159 1162 2237 1158 
4210 1163 1159 2237 2238 
4211 1160 1164 2238 1163 
4212 1160 1163 2238 1159 
4213 1164 1160 2238 1293 
4214 321 322 1293 1164 
4215 321 1164 1293 1160 
4216 125 124 465 1859 
4217 1145 1149 1859 125 
4218 1145 125 1859 124 
4219 1149 1145 1859 1860 
4220 1146 1150 1860 1149 
4221 1146 1149 1860 1145 
4222 1150 1146 1860 1861 
4223 1147 1151 1861 1150 
4224 1147 1150 1861 1146 
4225 1151 1147 1861 1862 
4226 1148 1152 1862 1151 
4227 1148 1151 1862 1147 
4228 1152 1148 1862 1199 
4229 318 319 1199 1152 
4230 318 1152 1199 1148 
4231 123 122 466 1863 
4232 1137 1141 1863 123 
4233 1137 123 1863 122 
4234 1141 1137 1863 1864 
4235 1138 1142 1864 1141 
4236 1138 1141 1864 1137 
4237 1142 1138 1864 1865 
4238 1139 1143 1865 1142 
4239 1139 1142 1865 1138 
4240 1143 1139 1865 1866 
4241 1140 1144 1866 1143 
4242 1140 1143 1866 1139 
4243 1144 1140 1866 1200 
4244 316 317 1200 1144 
4245 316 1144 1200 1140 
4246 119 7 480 1919 
4247 349 1125 1919 119 
4248 349 119 1919 7 
4249 1125 349 1919 1920 
4250 350 1126 1920 1125 
4251 350 1125 1920 349 
4252 1126 350 1920 1921 
4253 351 1127 1921 1126 
4254 351 1126 1921 350 
4255 1127 351 1921 1922 
4256 352 1128 1922 1127 
4257 352 1127 1922 351 
4258 1128 352 1922 1214 
4259 21 313 1214 1128 
4260 21 1128 1214 352 
4261 121 120 467 1867 
4262 1129 1133 1867 121 
4263 1129 121 1867 120 
4264 1133 1129 1867 1868 
4265 1130 1134 1868 1133 
4266 1130 1133 1868 1129 
4267 1134 1130 1868 1869 
4268 1131 1135 1869 1134 
4269 1131 1134 1869 1130 
4270 1135 1131 1869 1870 
4271 1132 1136 1870 1135 
4272 1132 1135 1870 1131 
4273 1136 1132 1870 1201 
4274 314 315 1201 1136 
4275 314 1136 1201 1132 
4276 465 521 578 2311 
4277 2083 1859 2311 465 
4278 2083 465 2311 521 
4279 1859 2083 2311 2312 
4280 2084 1860 2312 1859 
4281 2084 1859 2312 2083 
4282 1860 2084 2312 2313 
4283 2085 1861 2313 1860 
4284 2085 1860 2313 2084 
4285 1861 2085 2313 2314 
4286 2086 1862 2314 1861 
4287 2086 1861 2314 2085 
4288 1862 2086 2314 1312 
4289 1255 1199 1312 1862 
4290 1255 1862 1312 2086 
4291 480 7 492 1967 
4292 349 1919 1967 7 
4293 7 480 1919 1967 
4294 1919 349 1967 1968 
4295 350 1920 1968 349 
4296 349 1919 1920 1968 
4297 1920 350 1968 1969 
4298 351 1921 1969 350 
4299 350 1920 1921 1969 
4300 1921 351 1969 1970 
4301 352 1922 1970 351 
4302 351 1921 1922 1970 
4303 1922 352 1970 1226 
4304 21 1214 1226 352 
4305 352 1922 1214 1226 
4306 492 7 493 1971 
4307 349 1967 1971 7 
4308 7 492 1967 1971 
4309 1967 349 1971 1972 
4310 350 1968 1972 349 
4311 349 1967 1968 1972 
4312 1968 350 1972 1973 
4313 351 1969 1973 350 
4314 350 1968 1969 1973 
4315 1969 351 1973 1974 
4316 352 1970 1974 351 
4317 351 1969 1970 1974 
4318 1970 352 1974 1227 
4319 21 1226 1227 352 
4320 352 1970 1226 1227 
4321 487 574 576 2303 
4322 2295 1947 2303 487 
4323 2295 487 2303 574 
4324 1947 2295 2303 2304 
4325 2296 1948 2304 1947 
4326 2296 1947 2304 2295 
4327 1948 2296 2304 2305 
4328 2297 1949 2305 1948 
4329 2297 1948 2305 2296 
4330 1949 2297 2305 2306 
4331 2298 1950 2306 1949 
4332 2298 1949 2306 2297 
4333 1950 2298 2306 1310 
4334 1308 1221 1310 1950 
4335 1308 1950 1310 2298 
4336 480 492 510 1967 
4337 1967 1919 2039 480 
4338 1967 480 2039 510 
4339 1919 1967 2039 1968 
4340 1968 1920 2040 1919 
4341 1968 1919 2040 2039 
4342 1920 1968 2040 1969 
4343 1969 1921 2041 1920 
4344 1969 1920 2041 2040 
4345 1921 1969 2041 1970 
4346 1970 1922 2042 1921 
4347 1970 1921 2042 2041 
4348 1922 1970 2042 1226 
4349 1226 1214 1244 1922 
4350 1226 1922 1244 2042 
4351 461 132 557 2227 
4352 1177 1843 2227 132 
4353 132 461 1843 2227 
4354 1843 1177 2227 2228 
4355 1178 1844 2228 1177 
4356 1177 1843 1844 2228 
4357 1844 1178 2228 2229 
4358 1179 1845 2229 1178 
4359 1178 1844 1845 2229 
4360 1845 1179 2229 2230 
4361 1180 1846 2230 1179 
4362 1179 1845 1846 2230 
4363 1846 1180 2230 1291 
4364 326 1195 1291 1180 
4365 1180 1846 1195 1291 
4366 131 462 557 2227 
4367 1847 1173 2227 131 
4368 1847 131 2227 462 
4369 1173 1847 2227 2228 
4370 1848 1174 2228 1173 
4371 1848 1173 2228 1847 
4372 1174 1848 2228 2229 
4373 1849 1175 2229 1174 
4374 1849 1174 2229 1848 
4375 1175 1849 2229 2230 
4376 1850 1176 2230 1175 
4377 1850 1175 2230 1849 
4378 1176 1850 2230 1291 
4379 1196 325 1291 1176 
4380 1196 1176 1291 1850 
4381 462 130 558 2231 
4382 1169 1847 2231 130 
4383 130 462 1847 2231 
4384 1847 1169 2231 2232 
4385 1170 1848 2232 1169 
4386 1169 1847 1848 2232 
4387 1848 1170 2232 2233 
4388 1171 1849 2233 1170 
4389 1170 1848 1849 2233 
4390 1849 1171 2233 2234 
4391 1172 1850 2234 1171 
4392 1171 1849 1850 2234 
4393 1850 1172 2234 1292 
4394 324 1196 1292 1172 
4395 1172 1850 1196 1292 
4396 129 463 558 2231 
4397 1851 1165 2231 129 
4398 1851 129 2231 463 
4399 1165 1851 2231 2232 
4400 1852 1166 2232 1165 
4401 1852 1165 2232 1851 
4402 1166 1852 2232 2233 
4403 1853 1167 2233 1166 
4404 1853 1166 2233 1852 
4405 1167 1853 2233 2234 
4406 1854 1168 2234 1167 
4407 1854 1167 2234 1853 
4408 1168 1854 2234 1292 
4409 1197 323 1292 1168 
4410 1197 1168 1292 1854 
4411 463 128 559 2235 
4412 1161 1851 2235 128 
4413 128 463 1851 2235 
4414 1851 1161 2235 2236 
4415 1162 1852 2236 1161 
4416 1161 1851 1852 2236 
4417 1852 1162 2236 2237 
4418 1163 1853 2237 1162 
4419 1162 1852 1853 2237 
4420 1853 1163 2237 2238 
4421 1164 1854 2238 1163 
4422 1163 1853 1854 2238 
4423 1854 1164 2238 1293 
4424 322 1197 1293 1164 
4425 1164 1854 1197 1293 
4426 127 464 559 2235 
4427 1855 1157 2235 127 
4428 1855 127 2235 464 
4429 1157 1855 2235 2236 
4430 1856 1158 2236 1157 
4431 1856 1157 2236 1855 
4432 1158 1856 2236 2237 
4433 1857 1159 2237 1158 
4434 1857 1158 2237 1856 
4435 1159 1857 2237 2238 
4436 1858 1160 2238 1159 
4437 1858 1159 2238 1857 
4438 1160 1858 2238 1293 
4439 1198 321 1293 1160 
4440 1198 1160 1293 1858 
4441 584 480 613 2451 
4442 1919 2335 2451 584 
4443 1919 584 2451 480 
4444 2335 1919 2451 2452 
4445 1920 2336 2452 2335 
4446 1920 2335 2452 1919 
4447 2336 1920 2452 2453 
4448 1921 2337 2453 2336 
4449 1921 2336 2453 1920 
4450 2337 1921 2453 2454 
4451 1922 2338 2454 2337 
4452 1922 2337 2454 1921 
4453 2338 1922 2454 1347 
4454 1214 1318 1347 2338 
4455 1214 2338 1347 1922 
4456 86 85 460 1839 
4457 989 993 1839 86 
4458 989 86 1839 85 
4459 993 989 1839 1840 
4460 990 994 1840 993 
4461 990 993 1840 989 
4462 994 990 1840 1841 
4463 991 995 1841 994 
4464 991 994 1841 990 
4465 995 991 1841 1842 
4466 992 996 1842 995 
4467 992 995 1842 991 
4468 996 992 1842 1194 
4469 279 280 1194 996 
4470 279 996 1194 992 
4471 88 87 455 1819 
4472 997 1001 1819 88 
4473 997 88 1819 87 
4474 1001 997 1819 1820 
4475 998 1002 1820 1001 
4476 998 1001 1820 997 
4477 1002 998 1820 1821 
4478 999 1003 1821 1002 
4479 999 1002 1821 998 
4480 1003 999 1821 1822 
4481 1000 1004 1822 1003 
4482 1000 1003 1822 999 
4483 1004 1000 1822 1189 
4484 281 282 1189 1004 
4485 281 1004 1189 1000 
4486 84 83 459 1835 
4487 981 985 1835 84 
4488 981 84 1835 83 
4489 985 981 1835 1836 
4490 982 986 1836 985 
4491 982 985 1836 981 
4492 986 982 1836 1837 
4493 983 987 1837 986 
4494 983 986 1837 982 
4495 987 983 1837 1838 
4496 984 988 1838 987 
4497 984 987 1838 983 
4498 988 984 1838 1193 
4499 277 278 1193 988 
4500 277 988 1193 984 
4501 527 573 574 2295 
4502 2291 2107 2295 527 
4503 2291 527 2295 573 
4504 2107 2291 2295 2296 
4505 2292 2108 2296 2107 
4506 2292 2107 2296 2291 
4507 2108 2292 2296 2297 
4508 2293 2109 2297 2108 
4509 2293 2108 2297 2292 
4510 2109 2293 2297 2298 
4511 2294 2110 2298 2109 
4512 2294 2109 2298 2293 
4513 2110 2294 2298 1308 
4514 1307 1261 1308 2110 
4515 1307 2110 1308 2294 
4516 486 526 572 2287 
4517 2103 1943 2287 486 
4518 2103 486 2287 526 
4519 1943 2103 2287 2288 
4520 2104 1944 2288 1943 
4521 2104 1943 2288 2103 
4522 1944 2104 2288 2289 
4523 2105 1945 2289 1944 
4524 2105 1944 2289 2104 
4525 1945 2105 2289 2290 
4526 2106 1946 2290 1945 
4527 2106 1945 2290 2105 
4528 1946 2106 2290 1306 
4529 1260 1220 1306 1946 
4530 1260 1946 1306 2106 
4531 521 465 579 2315 
4532 1859 2083 2315 465 
4533 465 521 2083 2315 
4534 2083 1859 2315 2316 
4535 1860 2084 2316 1859 
4536 1859 2083 2084 2316 
4537 2084 1860 2316 2317 
4538 1861 2085 2317 1860 
4539 1860 2084 2085 2317 
4540 2085 1861 2317 2318 
4541 1862 2086 2318 1861 
4542 1861 2085 2086 2318 
4543 2086 1862 2318 1313 
4544 1199 1255 1313 1862 
4545 1862 2086 1255 1313 
4546 134 133 564 2255 
4547 1181 1185 2255 134 
4548 1181 134 2255 133 
4549 1185 1181 2255 2256 
4550 1182 1186 2256 1185 
4551 1182 1185 2256 1181 
4552 1186 1182 2256 2257 
4553 1183 1187 2257 1186 
4554 1183 1186 2257 1182 
4555 1187 1183 2257 2258 
4556 1184 1188 2258 1187 
4557 1184 1187 2258 1183 
4558 1188 1184 2258 1298 
4559 327 328 1298 1188 
4560 327 1188 1298 1184 
4561 526 485 571 2283 
4562 1939 2103 2283 485 
4563 485 526 2103 2283 
4564 2103 1939 2283 2284 
4565 1940 2104 2284 1939 
4566 1939 2103 2104 2284 
4567 2104 1940 2284 2285 
4568 1941 2105 2285 1940 
4569 1940 2104 2105 2285 
4570 2105 1941 2285 2286 
4571 1942 2106 2286 1941 
4572 1941 2105 2106 2286 
4573 2106 1942 2286 1305 
4574 1219 1260 1305 1942 
4575 1942 2106 1260 1305 
4576 83 82 568 2271 
4577 977 981 2271 83 
4578 977 83 2271 82 
4579 981 977 2271 2272 
4580 978 982 2272 981 
4581 978 981 2272 977 
4582 982 978 2272 2273 
4583 979 983 2273 982 
4584 979 982 2273 978 
4585 983 979 2273 2274 
4586 980 984 2274 983 
4587 980 983 2274 979 
4588 984 980 2274 1302 
4589 276 277 1302 984 
4590 276 984 1302 980 
4591 495 511 583 2331 
4592 2043 1979 2331 495 
4593 2043 495 2331 511 
4594 1979 2043 2331 2332 
4595 2044 1980 2332 1979 
4596 2044 1979 2332 2043 
4597 1980 2044 2332 2333 
4598 2045 1981 2333 1980 
4599 2045 1980 2333 2044 
4600 1981 2045 2333 2334 
4601 2046 1982 2334 1981 
4602 2046 1981 2334 2045 
4603 1982 2046 2334 1317 
4604 1245 1229 1317 1982 
4605 1245 1982 1317 2046 
4606 486 572 573 2291 
4607 2287 1943 2291 486 
4608 2287 486 2291 572 
4609 1943 2287 2291 2292 
4610 2288 1944 2292 1943 
4611 2288 1943 2292 2287 
4612 1944 2288 2292 2293 
4613 2289 1945 2293 1944 
4614 2289 1944 2293 2288 
4615 1945 2289 2293 2294 
4616 2290 1946 2294 1945 
4617 2290 1945 2294 2289 
4618 1946 2290 2294 1307 
4619 1306 1220 1307 1946 
4620 1306 1946 1307 2290 
4621 81 80 489 1955 
4622 969 973 1955 81 
4623 969 81 1955 80 
4624 973 969 1955 1956 
4625 970 974 1956 973 
4626 970 973 1956 969 
4627 974 970 1956 1957 
4628 971 975 1957 974 
4629 971 974 1957 970 
4630 975 971 1957 1958 
4631 972 976 1958 975 
4632 972 975 1958 971 
4633 976 972 1958 1223 
4634 274 275 1223 976 
4635 274 976 1223 972 
4636 47 46 566 2263 
4637 833 837 2263 47 
4638 833 47 2263 46 
4639 837 833 2263 2264 
4640 834 838 2264 837 
4641 834 837 2264 833 
4642 838 834 2264 2265 
4643 835 839 2265 838 
4644 835 838 2265 834 
4645 839 835 2265 2266 
4646 836 840 2266 839 
4647 836 839 2266 835 
4648 840 836 2266 1300 
4649 240 241 1300 840 
4650 240 840 1300 836 
4651 498 513 561 2243 
4652 2051 1991 2243 498 
4653 2051 498 2243 513 
4654 1991 2051 2243 2244 
4655 2052 1992 2244 1991 
4656 2052 1991 2244 2051 
4657 1992 2052 2244 2245 
4658 2053 1993 2245 1992 
4659 2053 1992 2245 2052 
4660 1993 2053 2245 2246 
4661 2054 1994 2246 1993 
4662 2054 1993 2246 2053 
4663 1994 2054 2246 1295 
4664 1247 1232 1295 1994 
4665 1247 1994 1295 2054 
4666 485 517 570 2279 
4667 2067 1939 2279 485 
4668 2067 485 2279 517 
4669 1939 2067 2279 2280 
4670 2068 1940 2280 1939 
4671 2068 1939 2280 2067 
4672 1940 2068 2280 2281 
4673 2069 1941 2281 1940 
4674 2069 1940 2281 2068 
4675 1941 2069 2281 2282 
4676 2070 1942 2282 1941 
4677 2070 1941 2282 2069 
4678 1942 2070 2282 1304 
4679 1251 1219 1304 1942 
4680 1251 1942 1304 2070 
4681 606 554 614 2455 
4682 2215 2423 2455 554 
4683 554 606 2423 2455 
4684 2423 2215 2455 2456 
4685 2216 2424 2456 2215 
4686 2215 2423 2424 2456 
4687 2424 2216 2456 2457 
4688 2217 2425 2457 2216 
4689 2216 2424 2425 2457 
4690 2425 2217 2457 2458 
4691 2218 2426 2458 2217 
4692 2217 2425 2426 2458 
4693 2426 2218 2458 1348 
4694 1288 1340 1348 2218 
4695 2218 2426 1340 1348 
4696 514 611 612 2447 
4697 2443 2055 2447 514 
4698 2443 514 2447 611 
4699 2055 2443 2447 2448 
4700 2444 2056 2448 2055 
4701 2444 2055 2448 2443 
4702 2056 2444 2448 2449 
4703 2445 2057 2449 2056 
4704 2445 2056 2449 2444 
4705 2057 2445 2449 2450 
4706 2446 2058 2450 2057 
4707 2446 2057 2450 2445 
4708 2058 2446 2450 1346 
4709 1345 1248 1346 2058 
4710 1345 2058 1346 2446 
4711 526 571 572 2287 
4712 2283 2103 2287 526 
4713 2283 526 2287 571 
4714 2103 2283 2287 2288 
4715 2284 2104 2288 2103 
4716 2284 2103 2288 2283 
4717 2104 2284 2288 2289 
4718 2285 2105 2289 2104 
4719 2285 2104 2289 2284 
4720 2105 2285 2289 2290 
4721 2286 2106 2290 2105 
4722 2286 2105 2290 2285 
4723 2106 2286 2290 1306 
4724 1305 1260 1306 2106 
4725 1305 2106 1306 2286 
4726 525 464 577 2307 
4727 1855 2099 2307 464 
4728 464 525 2099 2307 
4729 2099 1855 2307 2308 
4730 1856 2100 2308 1855 
4731 1855 2099 2100 2308 
4732 2100 1856 2308 2309 
4733 1857 2101 2309 1856 
4734 1856 2100 2101 2309 
4735 2101 1857 2309 2310 
4736 1858 2102 2310 1857 
4737 1857 2101 2102 2310 
4738 2102 1858 2310 1311 
4739 1198 1259 1311 1858 
4740 1858 2102 1259 1311 
4741 490 525 578 2311 
4742 2099 1959 2311 490 
4743 2099 490 2311 525 
4744 1959 2099 2311 2312 
4745 2100 1960 2312 1959 
4746 2100 1959 2312 2099 
4747 1960 2100 2312 2313 
4748 2101 1961 2313 1960 
4749 2101 1960 2313 2100 
4750 1961 2101 2313 2314 
4751 2102 1962 2314 1961 
4752 2102 1961 2314 2101 
4753 1962 2102 2314 1312 
4754 1259 1224 1312 1962 
4755 1259 1962 1312 2102 
4756 517 483 565 2259 
4757 1931 2067 2259 483 
4758 483 517 2067 2259 
4759 2067 1931 2259 2260 
4760 1932 2068 2260 1931 
4761 1931 2067 2068 2260 
4762 2068 1932 2260 2261 
4763 1933 2069 2261 1932 
4764 1932 2068 2069 2261 
4765 2069 1933 2261 2262 
4766 1934 2070 2262 1933 
4767 1933 2069 2070 2262 
4768 2070 1934 2262 1299 
4769 1217 1251 1299 1934 
4770 1934 2070 1251 1299 
4771 494 521 580 2319 
4772 2083 1975 2319 494 
4773 2083 494 2319 521 
4774 1975 2083 2319 2320 
4775 2084 1976 2320 1975 
4776 2084 1975 2320 2083 
4777 1976 2084 2320 2321 
4778 2085 1977 2321 1976 
4779 2085 1976 2321 2084 
4780 1977 2085 2321 2322 
4781 2086 1978 2322 1977 
4782 2086 1977 2322 2085 
4783 1978 2086 2322 1314 
4784 1255 1228 1314 1978 
4785 1255 1978 1314 2086 
4786 521 520 578 2311 
4787 2079 2083 2311 520 
4788 520 521 2083 2311 
4789 2083 2079 2311 2312 
4790 2080 2084 2312 2079 
4791 2079 2083 2084 2312 
4792 2084 2080 2312 2313 
4793 2081 2085 2313 2080 
4794 2080 2084 2085 2313 
4795 2085 2081 2313 2314 
4796 2082 2086 2314 2081 
4797 2081 2085 2086 2314 
4798 2086 2082 2314 1312 
4799 1254 1255 1312 2082 
4800 2082 2086 1255 1312 
4801 496 519 582 2327 
4802 2075 1983 2327 496 
4803 2075 496 2327 519 
4804 1983 2075 2327 2328 
4805 2076 1984 2328 1983 
4806 2076 1983 2328 2075 
4807 1984 2076 2328 2329 
4808 2077 1985 2329 1984 
4809 2077 1984 2329 2076 
4810 1985 2077 2329 2330 
4811 2078 1986 2330 1985 
4812 2078 1985 2330 2077 
4813 1986 2078 2330 1316 
4814 1253 1230 1316 1986 
4815 1253 1986 1316 2078 
4816 519 518 580 2319 
4817 2071 2075 2319 518 
4818 518 519 2075 2319 
4819 2075 2071 2319 2320 
4820 2072 2076 2320 2071 
4821 2071 2075 2076 2320 
4822 2076 2072 2320 2321 
4823 2073 2077 2321 2072 
4824 2072 2076 2077 2321 
4825 2077 2073 2321 2322 
4826 2074 2078 2322 2073 
4827 2073 2077 2078 2322 
4828 2078 2074 2322 1314 
4829 1252 1253 1314 2074 
4830 2074 2078 1253 1314 
4831 484 515 563 2251 
4832 2059 1935 2251 484 
4833 2059 484 2251 515 
4834 1935 2059 2251 2252 
4835 2060 1936 2252 1935 
4836 2060 1935 2252 2059 
4837 1936 2060 2252 2253 
4838 2061 1937 2253 1936 
4839 2061 1936 2253 2060 
4840 1937 2061 2253 2254 
4841 2062 1938 2254 1937 
4842 2062 1937 2254 2061 
4843 1938 2062 2254 1297 
4844 1249 1218 1297 1938 
4845 1249 1938 1297 2062 
4846 523 522 582 2327 
4847 2087 2091 2327 522 
4848 522 523 2091 2327 
4849 2091 2087 2327 2328 
4850 2088 2092 2328 2087 
4851 2087 2091 2092 2328 
4852 2092 2088 2328 2329 
4853 2089 2093 2329 2088 
4854 2088 2092 2093 2329 
4855 2093 2089 2329 2330 
4856 2090 2094 2330 2089 
4857 2089 2093 2094 2330 
4858 2094 2090 2330 1316 
4859 1256 1257 1316 2090 
4860 2090 2094 1257 1316 
4861 485 570 571 2283 
4862 2279 1939 2283 485 
4863 2279 485 2283 570 
4864 1939 2279 2283 2284 
4865 2280 1940 2284 1939 
4866 2280 1939 2284 2279 
4867 1940 2280 2284 2285 
4868 2281 1941 2285 1940 
4869 2281 1940 2285 2280 
4870 1941 2281 2285 2286 
4871 2282 1942 2286 1941 
4872 2282 1941 2286 2281 
4873 1942 2282 2286 1305 
4874 1304 1219 1305 1942 
4875 1304 1942 1305 2282 
4876 80 79 560 2239 
4877 965 969 2239 80 
4878 965 80 2239 79 
4879 969 965 2239 2240 
4880 966 970 2240 969 
4881 966 969 2240 965 
4882 970 966 2240 2241 
4883 967 971 2241 970 
4884 967 970 2241 966 
4885 971 967 2241 2242 
4886 968 972 2242 971 
4887 968 971 2242 967 
4888 972 968 2242 1294 
4889 273 274 1294 972 
4890 273 972 1294 968 
4891 460 85 569 2275 
4892 989 1839 2275 85 
4893 85 460 1839 2275 
4894 1839 989 2275 2276 
4895 990 1840 2276 989 
4896 989 1839 1840 2276 
4897 1840 990 2276 2277 
4898 991 1841 2277 990 
4899 990 1840 1841 2277 
4900 1841 991 2277 2278 
4901 992 1842 2278 991 
4902 991 1841 1842 2278 
4903 1842 992 2278 1303 
4904 279 1194 1303 992 
4905 992 1842 1194 1303 
4906 84 459 569 2275 
4907 1835 985 2275 84 
4908 1835 84 2275 459 
4909 985 1835 2275 2276 
4910 1836 986 2276 985 
4911 1836 985 2276 1835 
4912 986 1836 2276 2277 
4913 1837 987 2277 986 
4914 1837 986 2277 1836 
4915 987 1837 2277 2278 
4916 1838 988 2278 987 
4917 1838 987 2278 1837 
4918 988 1838 2278 1303 
4919 1193 278 1303 988 
4920 1193 988 1303 1838 
4921 460 513 615 2459 
4922 2051 1839 2459 513 
4923 513 460 1839 2459 
4924 1839 2051 2459 2460 
4925 2052 1840 2460 2051 
4926 2051 1839 1840 2460 
4927 1840 2052 2460 2461 
4928 2053 1841 2461 2052 
4929 2052 1840 1841 2461 
4930 1841 2053 2461 2462 
4931 2054 1842 2462 2053 
4932 2053 1841 1842 2462 
4933 1842 2054 2462 1349 
4934 1247 1194 1349 2054 
4935 2054 1842 1194 1349 
4936 456 91 611 2443 
4937 1013 1823 2443 91 
4938 91 456 1823 2443 
4939 1823 1013 2443 2444 
4940 1014 1824 2444 1013 
4941 1013 1823 1824 2444 
4942 1824 1014 2444 2445 
4943 1015 1825 2445 1014 
4944 1014 1824 1825 2445 
4945 1825 1015 2445 2446 
4946 1016 1826 2446 1015 
4947 1015 1825 1826 2446 
4948 1826 1016 2446 1345 
4949 285 1190 1345 1016 
4950 1016 1826 1190 1345 
4951 92 456 586 2343 
4952 1823 1017 2343 92 
4953 1823 92 2343 456 
4954 1017 1823 2343 2344 
4955 1824 1018 2344 1017 
4956 1824 1017 2344 1823 
4957 1018 1824 2344 2345 
4958 1825 1019 2345 1018 
4959 1825 1018 2345 1824 
4960 1019 1825 2345 2346 
4961 1826 1020 2346 1019 
4962 1826 1019 2346 1825 
4963 1020 1826 2346 1320 
4964 1190 286 1320 1020 
4965 1190 1020 1320 1826 
4966 458 43 585 2339 
4967 821 1831 2339 43 
4968 43 458 1831 2339 
4969 1831 821 2339 2340 
4970 822 1832 2340 821 
4971 821 1831 1832 2340 
4972 1832 822 2340 2341 
4973 823 1833 2341 822 
4974 822 1832 1833 2341 
4975 1833 823 2341 2342 
4976 824 1834 2342 823 
4977 823 1833 1834 2342 
4978 1834 824 2342 1319 
4979 237 1192 1319 824 
4980 824 1834 1192 1319 
4981 42 497 585 1987 
4982 1987 817 2339 42 
4983 1987 42 2339 585 
4984 817 1987 2339 1988 
4985 1988 818 2340 817 
4986 1988 817 2340 2339 
4987 818 1988 2340 1989 
4988 1989 819 2341 818 
4989 1989 818 2341 2340 
4990 819 1989 2341 1990 
4991 1990 820 2342 819 
4992 1990 819 2342 2341 
4993 820 1990 2342 1231 
4994 1231 236 1319 820 
4995 1231 820 1319 2342 
4996 517 565 570 2279 
4997 2259 2067 2279 517 
4998 2259 517 2279 565 
4999 2067 2259 2279 2280 
5000 2260 2068 2280 2067 
5001 2260 2067 2280 2259 
5002 2068 2260 2280 2281 
5003 2261 2069 2281 2068 
5004 2261 2068 2281 2260 
5005 2069 2261 2281 2282 
5006 2262 2070 2282 2069 
5007 2262 2069 2282 2261 
5008 2070 2262 2282 1304 
5009 1299 1251 1304 2070 
5010 1299 2070 1304 2262 
5011 464 126 577 2307 
5012 1153 1855 2307 126 
5013 126 464 1855 2307 
5014 1855 1153 2307 2308 
5015 1154 1856 2308 1153 
5016 1153 1855 1856 2308 
5017 1856 1154 2308 2309 
5018 1155 1857 2309 1154 
5019 1154 1856 1857 2309 
5020 1857 1155 2309 2310 
5021 1156 1858 2310 1155 
5022 1155 1857 1858 2310 
5023 1858 1156 2310 1311 
5024 320 1198 1311 1156 
5025 1156 1858 1198 1311 
5026 125 465 577 1859 
5027 1859 1149 2307 125 
5028 1859 125 2307 577 
5029 1149 1859 2307 1860 
5030 1860 1150 2308 1149 
5031 1860 1149 2308 2307 
5032 1150 1860 2308 1861 
5033 1861 1151 2309 1150 
5034 1861 1150 2309 2308 
5035 1151 1861 2309 1862 
5036 1862 1152 2310 1151 
5037 1862 1151 2310 2309 
5038 1152 1862 2310 1199 
5039 1199 319 1311 1152 
5040 1199 1152 1311 2310 
5041 465 124 579 2315 
5042 1145 1859 2315 124 
5043 124 465 1859 2315 
5044 1859 1145 2315 2316 
5045 1146 1860 2316 1145 
5046 1145 1859 1860 2316 
5047 1860 1146 2316 2317 
5048 1147 1861 2317 1146 
5049 1146 1860 1861 2317 
5050 1861 1147 2317 2318 
5051 1148 1862 2318 1147 
5052 1147 1861 1862 2318 
5053 1862 1148 2318 1313 
5054 318 1199 1313 1148 
5055 1148 1862 1199 1313 
5056 123 466 579 1863 
5057 1863 1141 2315 123 
5058 1863 123 2315 579 
5059 1141 1863 2315 1864 
5060 1864 1142 2316 1141 
5061 1864 1141 2316 2315 
5062 1142 1864 2316 1865 
5063 1865 1143 2317 1142 
5064 1865 1142 2317 2316 
5065 1143 1865 2317 1866 
5066 1866 1144 2318 1143 
5067 1866 1143 2318 2317 
5068 1144 1866 2318 1200 
5069 1200 317 1313 1144 
5070 1200 1144 1313 2318 
5071 121 467 581 1867 
5072 1867 1133 2323 121 
5073 1867 121 2323 581 
5074 1133 1867 2323 1868 
5075 1868 1134 2324 1133 
5076 1868 1133 2324 2323 
5077 1134 1868 2324 1869 
5078 1869 1135 2325 1134 
5079 1869 1134 2325 2324 
5080 1135 1869 2325 1870 
5081 1870 1136 2326 1135 
5082 1870 1135 2326 2325 
5083 1136 1870 2326 1201 
5084 1201 315 1315 1136 
5085 1201 1136 1315 2326 
5086 466 122 581 2323 
5087 1137 1863 2323 122 
5088 122 466 1863 2323 
5089 1863 1137 2323 2324 
5090 1138 1864 2324 1137 
5091 1137 1863 1864 2324 
5092 1864 1138 2324 2325 
5093 1139 1865 2325 1138 
5094 1138 1864 1865 2325 
5095 1865 1139 2325 2326 
5096 1140 1866 2326 1139 
5097 1139 1865 1866 2326 
5098 1866 1140 2326 1315 
5099 316 1200 1315 1140 
5100 1140 1866 1200 1315 
5101 457 47 566 2263 
5102 837 1827 2263 47 
5103 47 457 1827 2263 
5104 1827 837 2263 2264 
5105 838 1828 2264 837 
5106 837 1827 1828 2264 
5107 1828 838 2264 2265 
5108 839 1829 2265 838 
5109 838 1828 1829 2265 
5110 1829 839 2265 2266 
5111 840 1830 2266 839 
5112 839 1829 1830 2266 
5113 1830 840 2266 1300 
5114 241 1191 1300 840 
5115 840 1830 1191 1300 
5116 511 481 587 2347 
5117 1923 2043 2347 481 
5118 481 511 2043 2347 
5119 2043 1923 2347 2348 
5120 1924 2044 2348 1923 
5121 1923 2043 2044 2348 
5122 2044 1924 2348 2349 
5123 1925 2045 2349 1924 
5124 1924 2044 2045 2349 
5125 2045 1925 2349 2350 
5126 1926 2046 2350 1925 
5127 1925 2045 2046 2350 
5128 2046 1926 2350 1321 
5129 1215 1245 1321 1926 
5130 1926 2046 1245 1321 
5131 499 93 586 2343 
5132 1021 1995 2343 93 
5133 93 499 1995 2343 
5134 1995 1021 2343 2344 
5135 1022 1996 2344 1021 
5136 1021 1995 1996 2344 
5137 1996 1022 2344 2345 
5138 1023 1997 2345 1022 
5139 1022 1996 1997 2345 
5140 1997 1023 2345 2346 
5141 1024 1998 2346 1023 
5142 1023 1997 1998 2346 
5143 1998 1024 2346 1320 
5144 287 1233 1320 1024 
5145 1024 1998 1233 1320 
5146 467 120 584 2335 
5147 1129 1867 2335 120 
5148 120 467 1867 2335 
5149 1867 1129 2335 2336 
5150 1130 1868 2336 1129 
5151 1129 1867 1868 2336 
5152 1868 1130 2336 2337 
5153 1131 1869 2337 1130 
5154 1130 1868 1869 2337 
5155 1869 1131 2337 2338 
5156 1132 1870 2338 1131 
5157 1131 1869 1870 2338 
5158 1870 1132 2338 1318 
5159 314 1201 1318 1132 
5160 1132 1870 1201 1318 
5161 119 480 584 1919 
5162 1919 1125 2335 119 
5163 1919 119 2335 584 
5164 1125 1919 2335 1920 
5165 1920 1126 2336 1125 
5166 1920 1125 2336 2335 
5167 1126 1920 2336 1921 
5168 1921 1127 2337 1126 
5169 1921 1126 2337 2336 
5170 1127 1921 2337 1922 
5171 1922 1128 2338 1127 
5172 1922 1127 2338 2337 
5173 1128 1922 2338 1214 
5174 1214 313 1318 1128 
5175 1214 1128 1318 2338 
5176 531 532 587 2347 
5177 2127 2123 2347 531 
5178 2127 531 2347 532 
5179 2123 2127 2347 2348 
5180 2128 2124 2348 2123 
5181 2128 2123 2348 2127 
5182 2124 2128 2348 2349 
5183 2129 2125 2349 2124 
5184 2129 2124 2349 2128 
5185 2125 2129 2349 2350 
5186 2130 2126 2350 2125 
5187 2130 2125 2350 2129 
5188 2126 2130 2350 1321 
5189 1266 1265 1321 2126 
5190 1266 2126 1321 2130 
5191 85 84 569 2275 
5192 985 989 2275 85 
5193 985 85 2275 84 
5194 989 985 2275 2276 
5195 986 990 2276 989 
5196 986 989 2276 985 
5197 990 986 2276 2277 
5198 987 991 2277 990 
5199 987 990 2277 986 
5200 991 987 2277 2278 
5201 988 992 2278 991 
5202 988 991 2278 987 
5203 992 988 2278 1303 
5204 278 279 1303 992 
5205 278 992 1303 988 
5206 523 584 613 2451 
5207 2335 2091 2451 523 
5208 2335 523 2451 584 
5209 2091 2335 2451 2452 
5210 2336 2092 2452 2091 
5211 2336 2091 2452 2335 
5212 2092 2336 2452 2453 
5213 2337 2093 2453 2092 
5214 2337 2092 2453 2336 
5215 2093 2337 2453 2454 
5216 2338 2094 2454 2093 
5217 2338 2093 2454 2337 
5218 2094 2338 2454 1347 
5219 1318 1257 1347 2094 
5220 1318 2094 1347 2338 
5221 468 530 567 2267 
5222 2119 1871 2267 468 
5223 2119 468 2267 530 
5224 1871 2119 2267 2268 
5225 2120 1872 2268 1871 
5226 2120 1871 2268 2119 
5227 1872 2120 2268 2269 
5228 2121 1873 2269 1872 
5229 2121 1872 2269 2120 
5230 1873 2121 2269 2270 
5231 2122 1874 2270 1873 
5232 2122 1873 2270 2121 
5233 1874 2122 2270 1301 
5234 1264 1202 1301 1874 
5235 1264 1874 1301 2122 
5236 94 499 588 2351 
5237 1995 1025 2351 94 
5238 1995 94 2351 499 
5239 1025 1995 2351 2352 
5240 1996 1026 2352 1025 
5241 1996 1025 2352 1995 
5242 1026 1996 2352 2353 
5243 1997 1027 2353 1026 
5244 1997 1026 2353 1996 
5245 1027 1997 2353 2354 
5246 1998 1028 2354 1027 
5247 1998 1027 2354 1997 
5248 1028 1998 2354 1322 
5249 1233 288 1322 1028 
5250 1233 1028 1322 1998 
5251 533 534 590 2359 
5252 2135 2131 2359 533 
5253 2135 533 2359 534 
5254 2131 2135 2359 2360 
5255 2136 2132 2360 2131 
5256 2136 2131 2360 2135 
5257 2132 2136 2360 2361 
5258 2137 2133 2361 2132 
5259 2137 2132 2361 2136 
5260 2133 2137 2361 2362 
5261 2138 2134 2362 2133 
5262 2138 2133 2362 2137 
5263 2134 2138 2362 1324 
5264 1268 1267 1324 2134 
5265 1268 2134 1324 2138 
5266 535 536 590 2359 
5267 2143 2139 2359 535 
5268 2143 535 2359 536 
5269 2139 2143 2359 2360 
5270 2144 2140 2360 2139 
5271 2144 2139 2360 2143 
5272 2140 2144 2360 2361 
5273 2145 2141 2361 2140 
5274 2145 2140 2361 2144 
5275 2141 2145 2361 2362 
5276 2146 2142 2362 2141 
5277 2146 2141 2362 2145 
5278 2142 2146 2362 1324 
5279 1270 1269 1324 2142 
5280 1270 2142 1324 2146 
5281 471 96 589 2355 
5282 1033 1883 2355 96 
5283 96 471 1883 2355 
5284 1883 1033 2355 2356 
5285 1034 1884 2356 1033 
5286 1033 1883 1884 2356 
5287 1884 1034 2356 2357 
5288 1035 1885 2357 1034 
5289 1034 1884 1885 2357 
5290 1885 1035 2357 2358 
5291 1036 1886 2358 1035 
5292 1035 1885 1886 2358 
5293 1886 1036 2358 1323 
5294 290 1205 1323 1036 
5295 1036 1886 1205 1323 
5296 536 502 595 2379 
5297 2007 2143 2379 502 
5298 502 536 2143 2379 
5299 2143 2007 2379 2380 
5300 2008 2144 2380 2007 
5301 2007 2143 2144 2380 
5302 2144 2008 2380 2381 
5303 2009 2145 2381 2008 
5304 2008 2144 2145 2381 
5305 2145 2009 2381 2382 
5306 2010 2146 2382 2009 
5307 2009 2145 2146 2382 
5308 2146 2010 2382 1329 
5309 1236 1270 1329 2010 
5310 2010 2146 1270 1329 
5311 539 540 592 2367 
5312 2159 2155 2367 539 
5313 2159 539 2367 540 
5314 2155 2159 2367 2368 
5315 2160 2156 2368 2155 
5316 2160 2155 2368 2159 
5317 2156 2160 2368 2369 
5318 2161 2157 2369 2156 
5319 2161 2156 2369 2160 
5320 2157 2161 2369 2370 
5321 2162 2158 2370 2157 
5322 2162 2157 2370 2161 
5323 2158 2162 2370 1326 
5324 1274 1273 1326 2158 
5325 1274 2158 1326 2162 
5326 537 538 594 2375 
5327 2151 2147 2375 537 
5328 2151 537 2375 538 
5329 2147 2151 2375 2376 
5330 2152 2148 2376 2147 
5331 2152 2147 2376 2151 
5332 2148 2152 2376 2377 
5333 2153 2149 2377 2148 
5334 2153 2148 2377 2152 
5335 2149 2153 2377 2378 
5336 2154 2150 2378 2149 
5337 2154 2149 2378 2153 
5338 2150 2154 2378 1328 
5339 1272 1271 1328 2150 
5340 1272 2150 1328 2154 
5341 546 504 599 2395 
5342 2015 2183 2395 504 
5343 504 546 2183 2395 
5344 2183 2015 2395 2396 
5345 2016 2184 2396 2015 
5346 2015 2183 2184 2396 
5347 2184 2016 2396 2397 
5348 2017 2185 2397 2016 
5349 2016 2184 2185 2397 
5350 2185 2017 2397 2398 
5351 2018 2186 2398 2017 
5352 2017 2185 2186 2398 
5353 2186 2018 2398 1333 
5354 1238 1280 1333 2018 
5355 2018 2186 1280 1333 
5356 542 505 601 2403 
5357 2019 2167 2403 505 
5358 505 542 2167 2403 
5359 2167 2019 2403 2404 
5360 2020 2168 2404 2019 
5361 2019 2167 2168 2404 
5362 2168 2020 2404 2405 
5363 2021 2169 2405 2020 
5364 2020 2168 2169 2405 
5365 2169 2021 2405 2406 
5366 2022 2170 2406 2021 
5367 2021 2169 2170 2406 
5368 2170 2022 2406 1335 
5369 1239 1276 1335 2022 
5370 2022 2170 1276 1335 
5371 540 501 594 2375 
5372 2003 2159 2375 501 
5373 501 540 2159 2375 
5374 2159 2003 2375 2376 
5375 2004 2160 2376 2003 
5376 2003 2159 2160 2376 
5377 2160 2004 2376 2377 
5378 2005 2161 2377 2004 
5379 2004 2160 2161 2377 
5380 2161 2005 2377 2378 
5381 2006 2162 2378 2005 
5382 2005 2161 2162 2378 
5383 2162 2006 2378 1328 
5384 1235 1274 1328 2006 
5385 2006 2162 1274 1328 
5386 544 507 605 2419 
5387 2027 2175 2419 507 
5388 507 544 2175 2419 
5389 2175 2027 2419 2420 
5390 2028 2176 2420 2027 
5391 2027 2175 2176 2420 
5392 2176 2028 2420 2421 
5393 2029 2177 2421 2028 
5394 2028 2176 2177 2421 
5395 2177 2029 2421 2422 
5396 2030 2178 2422 2029 
5397 2029 2177 2178 2422 
5398 2178 2030 2422 1339 
5399 1241 1278 1339 2030 
5400 2030 2178 1278 1339 
5401 545 546 595 2183 
5402 2183 2179 2379 545 
5403 2183 545 2379 595 
5404 2179 2183 2379 2184 
5405 2184 2180 2380 2179 
5406 2184 2179 2380 2379 
5407 2180 2184 2380 2185 
5408 2185 2181 2381 2180 
5409 2185 2180 2381 2380 
5410 2181 2185 2381 2186 
5411 2186 2182 2382 2181 
5412 2186 2181 2382 2381 
5413 2182 2186 2382 1280 
5414 1280 1279 1329 2182 
5415 1280 2182 1329 2382 
5416 541 542 597 2387 
5417 2167 2163 2387 541 
5418 2167 541 2387 542 
5419 2163 2167 2387 2388 
5420 2168 2164 2388 2163 
5421 2168 2163 2388 2167 
5422 2164 2168 2388 2389 
5423 2169 2165 2389 2164 
5424 2169 2164 2389 2168 
5425 2165 2169 2389 2390 
5426 2170 2166 2390 2165 
5427 2170 2165 2390 2169 
5428 2166 2170 2390 1331 
5429 1276 1275 1331 2166 
5430 1276 2166 1331 2170 
5431 538 503 597 2387 
5432 2011 2151 2387 503 
5433 503 538 2151 2387 
5434 2151 2011 2387 2388 
5435 2012 2152 2388 2011 
5436 2011 2151 2152 2388 
5437 2152 2012 2388 2389 
5438 2013 2153 2389 2012 
5439 2012 2152 2153 2389 
5440 2153 2013 2389 2390 
5441 2014 2154 2390 2013 
5442 2013 2153 2154 2390 
5443 2154 2014 2390 1331 
5444 1237 1272 1331 2014 
5445 2014 2154 1272 1331 
5446 548 506 603 2411 
5447 2023 2191 2411 506 
5448 506 548 2191 2411 
5449 2191 2023 2411 2412 
5450 2024 2192 2412 2023 
5451 2023 2191 2192 2412 
5452 2192 2024 2412 2413 
5453 2025 2193 2413 2024 
5454 2024 2192 2193 2413 
5455 2193 2025 2413 2414 
5456 2026 2194 2414 2025 
5457 2025 2193 2194 2414 
5458 2194 2026 2414 1337 
5459 1240 1282 1337 2026 
5460 2026 2194 1282 1337 
5461 50 468 591 2363 
5462 1871 849 2363 50 
5463 1871 50 2363 468 
5464 849 1871 2363 2364 
5465 1872 850 2364 849 
5466 1872 849 2364 1871 
5467 850 1872 2364 2365 
5468 1873 851 2365 850 
5469 1873 850 2365 1872 
5470 851 1873 2365 2366 
5471 1874 852 2366 851 
5472 1874 851 2366 1873 
5473 852 1874 2366 1325 
5474 1202 244 1325 852 
5475 1202 852 1325 1874 
5476 469 51 591 2363 
5477 853 1875 2363 51 
5478 51 469 1875 2363 
5479 1875 853 2363 2364 
5480 854 1876 2364 853 
5481 853 1875 1876 2364 
5482 1876 854 2364 2365 
5483 855 1877 2365 854 
5484 854 1876 1877 2365 
5485 1877 855 2365 2366 
5486 856 1878 2366 855 
5487 855 1877 1878 2366 
5488 1878 856 2366 1325 
5489 245 1203 1325 856 
5490 856 1878 1203 1325 
5491 543 544 601 2403 
5492 2175 2171 2403 543 
5493 2175 543 2403 544 
5494 2171 2175 2403 2404 
5495 2176 2172 2404 2171 
5496 2176 2171 2404 2175 
5497 2172 2176 2404 2405 
5498 2177 2173 2405 2172 
5499 2177 2172 2405 2176 
5500 2173 2177 2405 2406 
5501 2178 2174 2406 2173 
5502 2178 2173 2406 2177 
5503 2174 2178 2406 1335 
5504 1278 1277 1335 2174 
5505 1278 2174 1335 2178 
5506 547 548 599 2395 
5507 2191 2187 2395 547 
5508 2191 547 2395 548 
5509 2187 2191 2395 2396 
5510 2192 2188 2396 2187 
5511 2192 2187 2396 2191 
5512 2188 2192 2396 2397 
5513 2193 2189 2397 2188 
5514 2193 2188 2397 2192 
5515 2189 2193 2397 2398 
5516 2194 2190 2398 2189 
5517 2194 2189 2398 2193 
5518 2190 2194 2398 1333 
5519 1282 1281 1333 2190 
5520 1282 2190 1333 2194 
5521 553 554 603 2411 
5522 2215 2211 2411 553 
5523 2215 553 2411 554 
5524 2211 2215 2411 2412 
5525 2216 2212 2412 2211 
5526 2216 2211 2412 2215 
5527 2212 2216 2412 2413 
5528 2217 2213 2413 2212 
5529 2217 2212 2413 2216 
5530 2213 2217 2413 2414 
5531 2218 2214 2414 2213 
5532 2218 2213 2414 2217 
5533 2214 2218 2414 1337 
5534 1288 1287 1337 2214 
5535 1288 2214 1337 2218 
5536 556 500 592 2367 
5537 1999 2223 2367 500 
5538 500 556 2223 2367 
5539 2223 1999 2367 2368 
5540 2000 2224 2368 1999 
5541 1999 2223 2224 2368 
5542 2224 2000 2368 2369 
5543 2001 2225 2369 2000 
5544 2000 2224 2225 2369 
5545 2225 2001 2369 2370 
5546 2002 2226 2370 2001 
5547 2001 2225 2226 2370 
5548 2226 2002 2370 1326 
5549 1234 1290 1326 2002 
5550 2002 2226 1290 1326 
5551 551 552 605 2419 
5552 2207 2203 2419 551 
5553 2207 551 2419 552 
5554 2203 2207 2419 2420 
5555 2208 2204 2420 2203 
5556 2208 2203 2420 2207 
5557 2204 2208 2420 2421 
5558 2209 2205 2421 2204 
5559 2209 2204 2421 2208 
5560 2205 2209 2421 2422 
5561 2210 2206 2422 2205 
5562 2210 2205 2422 2209 
5563 2206 2210 2422 1339 
5564 1286 1285 1339 2206 
5565 1286 2206 1339 2210 
5566 52 469 593 2371 
5567 1875 857 2371 52 
5568 1875 52 2371 469 
5569 857 1875 2371 2372 
5570 1876 858 2372 857 
5571 1876 857 2372 1875 
5572 858 1876 2372 2373 
5573 1877 859 2373 858 
5574 1877 858 2373 1876 
5575 859 1877 2373 2374 
5576 1878 860 2374 859 
5577 1878 859 2374 1877 
5578 860 1878 2374 1327 
5579 1203 246 1327 860 
5580 1203 860 1327 1878 
5581 479 104 606 2423 
5582 1065 1915 2423 104 
5583 104 479 1915 2423 
5584 1915 1065 2423 2424 
5585 1066 1916 2424 1065 
5586 1065 1915 1916 2424 
5587 1916 1066 2424 2425 
5588 1067 1917 2425 1066 
5589 1066 1916 1917 2425 
5590 1917 1067 2425 2426 
5591 1068 1918 2426 1067 
5592 1067 1917 1918 2426 
5593 1918 1068 2426 1340 
5594 298 1213 1340 1068 
5595 1068 1918 1213 1340 
5596 472 53 593 2371 
5597 861 1887 2371 53 
5598 53 472 1887 2371 
5599 1887 861 2371 2372 
5600 862 1888 2372 861 
5601 861 1887 1888 2372 
5602 1888 862 2372 2373 
5603 863 1889 2373 862 
5604 862 1888 1889 2373 
5605 1889 863 2373 2374 
5606 864 1890 2374 863 
5607 863 1889 1890 2374 
5608 1890 864 2374 1327 
5609 247 1206 1327 864 
5610 864 1890 1206 1327 
5611 549 550 609 2435 
5612 2199 2195 2435 549 
5613 2199 549 2435 550 
5614 2195 2199 2435 2436 
5615 2200 2196 2436 2195 
5616 2200 2195 2436 2199 
5617 2196 2200 2436 2437 
5618 2201 2197 2437 2196 
5619 2201 2196 2437 2200 
5620 2197 2201 2437 2438 
5621 2202 2198 2438 2197 
5622 2202 2197 2438 2201 
5623 2198 2202 2438 1343 
5624 1284 1283 1343 2198 
5625 1284 2198 1343 2202 
5626 552 482 609 2435 
5627 1927 2207 2435 482 
5628 482 552 2207 2435 
5629 2207 1927 2435 2436 
5630 1928 2208 2436 1927 
5631 1927 2207 2208 2436 
5632 2208 1928 2436 2437 
5633 1929 2209 2437 1928 
5634 1928 2208 2209 2437 
5635 2209 1929 2437 2438 
5636 1930 2210 2438 1929 
5637 1929 2209 2210 2438 
5638 2210 1930 2438 1343 
5639 1216 1286 1343 1930 
5640 1930 2210 1286 1343 
5641 509 61 607 2427 
5642 893 2035 2427 61 
5643 61 509 2035 2427 
5644 2035 893 2427 2428 
5645 894 2036 2428 893 
5646 893 2035 2036 2428 
5647 2036 894 2428 2429 
5648 895 2037 2429 894 
5649 894 2036 2037 2429 
5650 2037 895 2429 2430 
5651 896 2038 2430 895 
5652 895 2037 2038 2430 
5653 2038 896 2430 1341 
5654 255 1243 1341 896 
5655 896 2038 1243 1341 
5656 474 55 596 2383 
5657 869 1895 2383 55 
5658 55 474 1895 2383 
5659 1895 869 2383 2384 
5660 870 1896 2384 869 
5661 869 1895 1896 2384 
5662 1896 870 2384 2385 
5663 871 1897 2385 870 
5664 870 1896 1897 2385 
5665 1897 871 2385 2386 
5666 872 1898 2386 871 
5667 871 1897 1898 2386 
5668 1898 872 2386 1330 
5669 249 1208 1330 872 
5670 872 1898 1208 1330 
5671 54 472 596 2383 
5672 1887 865 2383 54 
5673 1887 54 2383 472 
5674 865 1887 2383 2384 
5675 1888 866 2384 865 
5676 1888 865 2384 1887 
5677 866 1888 2384 2385 
5678 1889 867 2385 866 
5679 1889 866 2385 1888 
5680 867 1889 2385 2386 
5681 1890 868 2386 867 
5682 1890 867 2386 1889 
5683 868 1890 2386 1330 
5684 1206 248 1330 868 
5685 1206 868 1330 1890 
5686 508 63 608 2431 
5687 901 2031 2431 63 
5688 63 508 2031 2431 
5689 2031 901 2431 2432 
5690 902 2032 2432 901 
5691 901 2031 2032 2432 
5692 2032 902 2432 2433 
5693 903 2033 2433 902 
5694 902 2032 2033 2433 
5695 2033 903 2433 2434 
5696 904 2034 2434 903 
5697 903 2033 2034 2434 
5698 2034 904 2434 1342 
5699 257 1242 1342 904 
5700 904 2034 1242 1342 
5701 60 478 607 2427 
5702 1911 889 2427 60 
5703 1911 60 2427 478 
5704 889 1911 2427 2428 
5705 1912 890 2428 889 
5706 1912 889 2428 1911 
5707 890 1912 2428 2429 
5708 1913 891 2429 890 
5709 1913 890 2429 1912 
5710 891 1913 2429 2430 
5711 1914 892 2430 891 
5712 1914 891 2430 1913 
5713 892 1914 2430 1341 
5714 1212 254 1341 892 
5715 1212 892 1341 1914 
5716 99 473 598 2391 
5717 1891 1045 2391 99 
5718 1891 99 2391 473 
5719 1045 1891 2391 2392 
5720 1892 1046 2392 1045 
5721 1892 1045 2392 1891 
5722 1046 1892 2392 2393 
5723 1893 1047 2393 1046 
5724 1893 1046 2393 1892 
5725 1047 1893 2393 2394 
5726 1894 1048 2394 1047 
5727 1894 1047 2394 1893 
5728 1048 1894 2394 1332 
5729 1207 293 1332 1048 
5730 1207 1048 1332 1894 
5731 475 100 598 2391 
5732 1049 1899 2391 100 
5733 100 475 1899 2391 
5734 1899 1049 2391 2392 
5735 1050 1900 2392 1049 
5736 1049 1899 1900 2392 
5737 1900 1050 2392 2393 
5738 1051 1901 2393 1050 
5739 1050 1900 1901 2393 
5740 1901 1051 2393 2394 
5741 1052 1902 2394 1051 
5742 1051 1901 1902 2394 
5743 1902 1052 2394 1332 
5744 294 1209 1332 1052 
5745 1052 1902 1209 1332 
5746 62 509 608 2431 
5747 2035 897 2431 62 
5748 2035 62 2431 509 
5749 897 2035 2431 2432 
5750 2036 898 2432 897 
5751 2036 897 2432 2035 
5752 898 2036 2432 2433 
5753 2037 899 2433 898 
5754 2037 898 2433 2036 
5755 899 2037 2433 2434 
5756 2038 900 2434 899 
5757 2038 899 2434 2037 
5758 900 2038 2434 1342 
5759 1243 256 1342 900 
5760 1243 900 1342 2038 
5761 56 474 600 2399 
5762 1895 873 2399 56 
5763 1895 56 2399 474 
5764 873 1895 2399 2400 
5765 1896 874 2400 873 
5766 1896 873 2400 1895 
5767 874 1896 2400 2401 
5768 1897 875 2401 874 
5769 1897 874 2401 1896 
5770 875 1897 2401 2402 
5771 1898 876 2402 875 
5772 1898 875 2402 1897 
5773 876 1898 2402 1334 
5774 1208 250 1334 876 
5775 1208 876 1334 1898 
5776 476 57 600 2399 
5777 877 1903 2399 57 
5778 57 476 1903 2399 
5779 1903 877 2399 2400 
5780 878 1904 2400 877 
5781 877 1903 1904 2400 
5782 1904 878 2400 2401 
5783 879 1905 2401 878 
5784 878 1904 1905 2401 
5785 1905 879 2401 2402 
5786 880 1906 2402 879 
5787 879 1905 1906 2402 
5788 1906 880 2402 1334 
5789 251 1210 1334 880 
5790 880 1906 1210 1334 
5791 101 475 602 2407 
5792 1899 1053 2407 101 
5793 1899 101 2407 475 
5794 1053 1899 2407 2408 
5795 1900 1054 2408 1053 
5796 1900 1053 2408 1899 
5797 1054 1900 2408 2409 
5798 1901 1055 2409 1054 
5799 1901 1054 2409 1900 
5800 1055 1901 2409 2410 
5801 1902 1056 2410 1055 
5802 1902 1055 2410 1901 
5803 1056 1902 2410 1336 
5804 1209 295 1336 1056 
5805 1209 1056 1336 1902 
5806 477 102 602 2407 
5807 1057 1907 2407 102 
5808 102 477 1907 2407 
5809 1907 1057 2407 2408 
5810 1058 1908 2408 1057 
5811 1057 1907 1908 2408 
5812 1908 1058 2408 2409 
5813 1059 1909 2409 1058 
5814 1058 1908 1909 2409 
5815 1909 1059 2409 2410 
5816 1060 1910 2410 1059 
5817 1059 1909 1910 2410 
5818 1910 1060 2410 1336 
5819 296 1211 1336 1060 
5820 1060 1910 1211 1336 
5821 478 59 604 2415 
5822 885 1911 2415 59 
5823 59 478 1911 2415 
5824 1911 885 2415 2416 
5825 886 1912 2416 885 
5826 885 1911 1912 2416 
5827 1912 886 2416 2417 
5828 887 1913 2417 886 
5829 886 1912 1913 2417 
5830 1913 887 2417 2418 
5831 888 1914 2418 887 
5832 887 1913 1914 2418 
5833 1914 888 2418 1338 
5834 253 1212 1338 888 
5835 888 1914 1212 1338 
5836 58 476 604 2415 
5837 1903 881 2415 58 
5838 1903 58 2415 476 
5839 881 1903 2415 2416 
5840 1904 882 2416 881 
5841 1904 881 2416 1903 
5842 882 1904 2416 2417 
5843 1905 883 2417 882 
5844 1905 882 2417 1904 
5845 883 1905 2417 2418 
5846 1906 884 2418 883 
5847 1906 883 2418 1905 
5848 884 1906 2418 1338 
5849 1210 252 1338 884 
5850 1210 884 1338 1906 
5851 103 477 606 2423 
5852 1907 1061 2423 103 
5853 1907 103 2423 477 
5854 1061 1907 2423 2424 
5855 1908 1062 2424 1061 
5856 1908 1061 2424 1907 
5857 1062 1908 2424 2425 
5858 1909 1063 2425 1062 
5859 1909 1062 2425 1908 
5860 1063 1909 2425 2426 
5861 1910 1064 2426 1063 
5862 1910 1063 2426 1909 
5863 1064 1910 2426 1340 
5864 1211 297 1340 1064 
5865 1211 1064 1340 1910 
5866 97 471 610 2439 
5867 1883 1037 2439 97 
5868 1883 97 2439 471 
5869 1037 1883 2439 2440 
5870 1884 1038 2440 1037 
5871 1884 1037 2440 1883 
5872 1038 1884 2440 2441 
5873 1885 1039 2441 1038 
5874 1885 1038 2441 1884 
5875 1039 1885 2441 2442 
5876 1886 1040 2442 1039 
5877 1886 1039 2442 1885 
5878 1040 1886 2442 1344 
5879 1205 291 1344 1040 
5880 1205 1040 1344 1886 
5881 473 98 610 2439 
5882 1041 1891 2439 98 
5883 98 473 1891 2439 
5884 1891 1041 2439 2440 
5885 1042 1892 2440 1041 
5886 1041 1891 1892 2440 
5887 1892 1042 2440 2441 
5888 1043 1893 2441 1042 
5889 1042 1892 1893 2441 
5890 1893 1043 2441 2442 
5891 1044 1894 2442 1043 
5892 1043 1893 1894 2442 
5893 1894 1044 2442 1344 
5894 292 1207 1344 1044 
5895 1044 1894 1207 1344 
5896 612 611 620 2479 
5897 2443 2447 2479 611 
5898 611 612 2447 2479 
5899 2447 2443 2479 2480 
5900 2444 2448 2480 2443 
5901 2443 2447 2448 2480 
5902 2448 2444 2480 2481 
5903 2445 2449 2481 2444 
5904 2444 2448 2449 2481 
5905 2449 2445 2481 2482 
5906 2446 2450 2482 2445 
5907 2445 2449 2450 2482 
5908 2450 2446 2482 1354 
5909 1345 1346 1354 2446 
5910 2446 2450 1346 1354 
5911 137 136 562 2247 
5912 136 137 2248 2247 
5913 137 136 2248 2249 
5914 136 137 2250 2249 
5915 137 136 2250 1296 
5916 133 461 564 1843 
5917 1843 1181 2255 133 
5918 1843 133 2255 564 
5919 1181 1843 2255 1844 
5920 1844 1182 2256 1181 
5921 1844 1181 2256 2255 
5922 1182 1844 2256 1845 
5923 1845 1183 2257 1182 
5924 1845 1182 2257 2256 
5925 1183 1845 2257 1846 
5926 1846 1184 2258 1183 
5927 1846 1183 2258 2257 
5928 1184 1846 2258 1195 
5929 1195 327 1298 1184 
5930 1195 1184 1298 2258 
5931 136 135 491 1963 
5932 135 136 1964 1963 
5933 136 135 1964 1965 
5934 135 136 1966 1965 
5935 136 135 1966 1225 
5936 455 514 612 2447 
5937 2055 1819 2447 455 
5938 2055 455 2447 514 
5939 1819 2055 2447 2448 
5940 2056 1820 2448 1819 
5941 2056 1819 2448 2055 
5942 1820 2056 2448 2449 
5943 2057 1821 2449 1820 
5944 2057 1820 2449 2056 
5945 1821 2057 2449 2450 
5946 2058 1822 2450 1821 
5947 2058 1821 2450 2057 
5948 1822 2058 2450 1346 
5949 1248 1189 1346 1822 
5950 1248 1822 1346 2058 
5951 489 80 560 2239 
5952 969 1955 2239 80 
5953 80 489 1955 2239 
5954 1955 969 2239 2240 
5955 970 1956 2240 969 
5956 969 1955 1956 2240 
5957 1956 970 2240 2241 
5958 971 1957 2241 970 
5959 970 1956 1957 2241 
5960 1957 971 2241 2242 
5961 972 1958 2242 971 
5962 971 1957 1958 2242 
5963 1958 972 2242 1294 
5964 274 1223 1294 972 
5965 972 1958 1223 1294 
5966 565 461 570 2279 
5967 1843 2259 2279 565 
5968 1843 565 2279 461 
5969 2259 1843 2279 2280 
5970 1844 2260 2280 2259 
5971 1844 2259 2280 1843 
5972 2260 1844 2280 2281 
5973 1845 2261 2281 2260 
5974 1845 2260 2281 1844 
5975 2261 1845 2281 2282 
5976 1846 2262 2282 2261 
5977 1846 2261 2282 1845 
5978 2262 1846 2282 1304 
5979 1195 1299 1304 2262 
5980 1195 2262 1304 1846 
5981 461 557 570 2279 
5982 2227 1843 2279 461 
5983 2227 461 2279 557 
5984 1843 2227 2279 2280 
5985 2228 1844 2280 1843 
5986 2228 1843 2280 2227 
5987 1844 2228 2280 2281 
5988 2229 1845 2281 1844 
5989 2229 1844 2281 2228 
5990 1845 2229 2281 2282 
5991 2230 1846 2282 1845 
5992 2230 1845 2282 2229 
5993 1846 2230 2282 1304 
5994 1291 1195 1304 1846 
5995 1291 1846 1304 2230 
5996 7 118 618 2471 
5997 1121 349 2471 7 
5998 1121 7 2471 118 
5999 349 1121 2471 2472 
6000 1122 350 2472 349 
6001 1122 349 2472 1121 
6002 350 1122 2472 2473 
6003 1123 351 2473 350 
6004 1123 350 2473 1122 
6005 351 1123 2473 2474 
6006 1124 352 2474 351 
6007 1124 351 2474 1123 
6008 352 1124 2474 1352 
6009 312 21 1352 352 
6010 312 352 1352 1124 
6011 459 83 568 2271 
6012 981 1835 2271 83 
6013 83 459 1835 2271 
6014 1835 981 2271 2272 
6015 982 1836 2272 981 
6016 981 1835 1836 2272 
6017 1836 982 2272 2273 
6018 983 1837 2273 982 
6019 982 1836 1837 2273 
6020 1837 983 2273 2274 
6021 984 1838 2274 983 
6022 983 1837 1838 2274 
6023 1838 984 2274 1302 
6024 277 1193 1302 984 
6025 984 1838 1193 1302 
6026 570 557 571 2283 
6027 2227 2279 2283 557 
6028 557 570 2279 2283 
6029 2279 2227 2283 2284 
6030 2228 2280 2284 2227 
6031 2227 2279 2280 2284 
6032 2280 2228 2284 2285 
6033 2229 2281 2285 2228 
6034 2228 2280 2281 2285 
6035 2281 2229 2285 2286 
6036 2230 2282 2286 2229 
6037 2229 2281 2282 2286 
6038 2282 2230 2286 1305 
6039 1291 1304 1305 2230 
6040 2230 2282 1304 1305 
6041 493 7 618 2471 
6042 349 1971 2471 7 
6043 7 493 1971 2471 
6044 1971 349 2471 2472 
6045 350 1972 2472 349 
6046 349 1971 1972 2472 
6047 1972 350 2472 2473 
6048 351 1973 2473 350 
6049 350 1972 1973 2473 
6050 1973 351 2473 2474 
6051 352 1974 2474 351 
6052 351 1973 1974 2474 
6053 1974 352 2474 1352 
6054 21 1227 1352 352 
6055 352 1974 1227 1352 
6056 557 462 571 2283 
6057 1847 2227 2283 462 
6058 462 557 2227 2283 
6059 2227 1847 2283 2284 
6060 1848 2228 2284 1847 
6061 1847 2227 2228 2284 
6062 2228 1848 2284 2285 
6063 1849 2229 2285 1848 
6064 1848 2228 2229 2285 
6065 2229 1849 2285 2286 
6066 1850 2230 2286 1849 
6067 1849 2229 2230 2286 
6068 2230 1850 2286 1305 
6069 1196 1291 1305 1850 
6070 1850 2230 1291 1305 
6071 3 498 616 2463 
6072 1991 333 2463 3 
6073 1991 3 2463 498 
6074 333 1991 2463 2464 
6075 1992 334 2464 333 
6076 1992 333 2464 1991 
6077 334 1992 2464 2465 
6078 1993 335 2465 334 
6079 1993 334 2465 1992 
6080 335 1993 2465 2466 
6081 1994 336 2466 335 
6082 1994 335 2466 1993 
6083 336 1994 2466 1350 
6084 1232 17 1350 336 
6085 1232 336 1350 1994 
6086 462 558 572 2287 
6087 2231 1847 2287 462 
6088 2231 462 2287 558 
6089 1847 2231 2287 2288 
6090 2232 1848 2288 1847 
6091 2232 1847 2288 2231 
6092 1848 2232 2288 2289 
6093 2233 1849 2289 1848 
6094 2233 1848 2289 2232 
6095 1849 2233 2289 2290 
6096 2234 1850 2290 1849 
6097 2234 1849 2290 2233 
6098 1850 2234 2290 1306 
6099 1292 1196 1306 1850 
6100 1292 1850 1306 2234 
6101 571 462 572 2287 
6102 1847 2283 2287 462 
6103 462 571 2283 2287 
6104 2283 1847 2287 2288 
6105 1848 2284 2288 1847 
6106 1847 2283 2284 2288 
6107 2284 1848 2288 2289 
6108 1849 2285 2289 1848 
6109 1848 2284 2285 2289 
6110 2285 1849 2289 2290 
6111 1850 2286 2290 1849 
6112 1849 2285 2286 2290 
6113 2286 1850 2290 1306 
6114 1196 1305 1306 1850 
6115 1850 2286 1305 1306 
6116 4 78 623 2491 
6117 961 337 2491 4 
6118 961 4 2491 78 
6119 337 961 2491 2492 
6120 962 338 2492 337 
6121 962 337 2492 961 
6122 338 962 2492 2493 
6123 963 339 2493 338 
6124 963 338 2493 962 
6125 339 963 2493 2494 
6126 964 340 2494 339 
6127 964 339 2494 963 
6128 340 964 2494 1357 
6129 272 18 1357 340 
6130 272 340 1357 964 
6131 2 45 617 2467 
6132 829 329 2467 2 
6133 829 2 2467 45 
6134 329 829 2467 2468 
6135 830 330 2468 329 
6136 830 329 2468 829 
6137 330 830 2468 2469 
6138 831 331 2469 330 
6139 831 330 2469 830 
6140 331 831 2469 2470 
6141 832 332 2470 331 
6142 832 331 2470 831 
6143 332 832 2470 1351 
6144 239 16 1351 332 
6145 239 332 1351 832 
6146 46 2 617 2467 
6147 329 833 2467 46 
6148 329 46 2467 2 
6149 833 329 2467 2468 
6150 330 834 2468 833 
6151 330 833 2468 329 
6152 834 330 2468 2469 
6153 331 835 2469 834 
6154 331 834 2469 330 
6155 835 331 2469 2470 
6156 332 836 2470 835 
6157 332 835 2470 331 
6158 836 332 2470 1351 
6159 16 240 1351 836 
6160 16 836 1351 332 
6161 564 461 565 1843 
6162 1843 2255 2259 564 
6163 1843 564 2259 565 
6164 2255 1843 2259 1844 
6165 1844 2256 2260 2255 
6166 1844 2255 2260 2259 
6167 2256 1844 2260 1845 
6168 1845 2257 2261 2256 
6169 1845 2256 2261 2260 
6170 2257 1845 2261 1846 
6171 1846 2258 2262 2257 
6172 1846 2257 2262 2261 
6173 2258 1846 2262 1195 
6174 1195 1298 1299 2258 
6175 1195 2258 1299 2262 
6176 558 463 573 2291 
6177 1851 2231 2291 463 
6178 463 558 2231 2291 
6179 2231 1851 2291 2292 
6180 1852 2232 2292 1851 
6181 1851 2231 2232 2292 
6182 2232 1852 2292 2293 
6183 1853 2233 2293 1852 
6184 1852 2232 2233 2293 
6185 2233 1853 2293 2294 
6186 1854 2234 2294 1853 
6187 1853 2233 2234 2294 
6188 2234 1854 2294 1307 
6189 1197 1292 1307 1854 
6190 1854 2234 1292 1307 
6191 572 558 573 2291 
6192 2231 2287 2291 558 
6193 558 572 2287 2291 
6194 2287 2231 2291 2292 
6195 2232 2288 2292 2231 
6196 2231 2287 2288 2292 
6197 2288 2232 2292 2293 
6198 2233 2289 2293 2232 
6199 2232 2288 2289 2293 
6200 2289 2233 2293 2294 
6201 2234 2290 2294 2233 
6202 2233 2289 2290 2294 
6203 2290 2234 2294 1307 
6204 1292 1306 1307 2234 
6205 2234 2290 1306 1307 
6206 88 455 612 2447 
6207 1819 1001 2447 88 
6208 1819 88 2447 455 
6209 1001 1819 2447 2448 
6210 1820 1002 2448 1001 
6211 1820 1001 2448 1819 
6212 1002 1820 2448 2449 
6213 1821 1003 2449 1002 
6214 1821 1002 2449 1820 
6215 1003 1821 2449 2450 
6216 1822 1004 2450 1003 
6217 1822 1003 2450 1821 
6218 1004 1822 2450 1346 
6219 1189 282 1346 1004 
6220 1189 1004 1346 1822 
6221 27 1 624 2495 
6222 1 757 2495 27 
6223 1 758 2496 757 
6224 1 757 2496 2495 
6225 758 1 2496 2497 
6226 1 758 759 2497 
6227 1 760 2498 759 
6228 1 759 2498 2497 
6229 75 3 616 2463 
6230 333 949 2463 75 
6231 333 75 2463 3 
6232 949 333 2463 2464 
6233 334 950 2464 949 
6234 334 949 2464 333 
6235 950 334 2464 2465 
6236 335 951 2465 950 
6237 335 950 2465 334 
6238 951 335 2465 2466 
6239 336 952 2466 951 
6240 336 951 2466 335 
6241 952 336 2466 1350 
6242 17 269 1350 952 
6243 17 952 1350 336 
6244 463 559 574 2295 
6245 2235 1851 2295 463 
6246 2235 463 2295 559 
6247 1851 2235 2295 2296 
6248 2236 1852 2296 1851 
6249 2236 1851 2296 2235 
6250 1852 2236 2296 2297 
6251 2237 1853 2297 1852 
6252 2237 1852 2297 2236 
6253 1853 2237 2297 2298 
6254 2238 1854 2298 1853 
6255 2238 1853 2298 2237 
6256 1854 2238 2298 1308 
6257 1293 1197 1308 1854 
6258 1293 1854 1308 2238 
6259 573 463 574 2295 
6260 1851 2291 2295 463 
6261 463 573 2291 2295 
6262 2291 1851 2295 2296 
6263 1852 2292 2296 1851 
6264 1851 2291 2292 2296 
6265 2292 1852 2296 2297 
6266 1853 2293 2297 1852 
6267 1852 2292 2293 2297 
6268 2293 1853 2297 2298 
6269 1854 2294 2298 1853 
6270 1853 2293 2294 2298 
6271 2294 1854 2298 1308 
6272 1197 1307 1308 1854 
6273 1854 2294 1307 1308 
6274 530 457 627 2507 
6275 1827 2119 2507 457 
6276 457 530 2119 2507 
6277 2119 1827 2507 2508 
6278 1828 2120 2508 1827 
6279 1827 2119 2120 2508 
6280 2120 1828 2508 2509 
6281 1829 2121 2509 1828 
6282 1828 2120 2121 2509 
6283 2121 1829 2509 2510 
6284 1830 2122 2510 1829 
6285 1829 2121 2122 2510 
6286 2122 1830 2510 1361 
6287 1191 1264 1361 1830 
6288 1830 2122 1264 1361 
6289 559 464 576 2303 
6290 1855 2235 2303 464 
6291 464 559 2235 2303 
6292 2235 1855 2303 2304 
6293 1856 2236 2304 1855 
6294 1855 2235 2236 2304 
6295 2236 1856 2304 2305 
6296 1857 2237 2305 1856 
6297 1856 2236 2237 2305 
6298 2237 1857 2305 2306 
6299 1858 2238 2306 1857 
6300 1857 2237 2238 2306 
6301 2238 1858 2306 1310 
6302 1198 1293 1310 1858 
6303 1858 2238 1293 1310 
6304 574 559 576 2303 
6305 2235 2295 2303 559 
6306 559 574 2295 2303 
6307 2295 2235 2303 2304 
6308 2236 2296 2304 2235 
6309 2235 2295 2296 2304 
6310 2296 2236 2304 2305 
6311 2237 2297 2305 2236 
6312 2236 2296 2297 2305 
6313 2297 2237 2305 2306 
6314 2238 2298 2306 2237 
6315 2237 2297 2298 2306 
6316 2298 2238 2306 1310 
6317 1293 1308 1310 2238 
6318 2238 2298 1308 1310 
6319 8 134 625 2499 
6320 1185 8 2499 134 
6321 1186 8 2500 1185 
6322 1185 2499 8 2500 
6323 8 1186 2500 2501 
6324 1187 8 2501 1186 
6325 1188 8 2502 1187 
6326 1187 2501 8 2502 
6327 8 1188 2502 1359 
6328 328 8 1359 1188 
6329 520 490 578 2311 
6330 1959 2079 2311 490 
6331 490 520 2079 2311 
6332 2079 1959 2311 2312 
6333 1960 2080 2312 1959 
6334 1959 2079 2080 2312 
6335 2080 1960 2312 2313 
6336 1961 2081 2313 1960 
6337 1960 2080 2081 2313 
6338 2081 1961 2313 2314 
6339 1962 2082 2314 1961 
6340 1961 2081 2082 2314 
6341 2082 1962 2314 1312 
6342 1224 1254 1312 1962 
6343 1962 2082 1254 1312 
6344 126 125 577 2307 
6345 1149 1153 2307 126 
6346 1149 126 2307 125 
6347 1153 1149 2307 2308 
6348 1150 1154 2308 1153 
6349 1150 1153 2308 1149 
6350 1154 1150 2308 2309 
6351 1151 1155 2309 1154 
6352 1151 1154 2309 1150 
6353 1155 1151 2309 2310 
6354 1152 1156 2310 1155 
6355 1152 1155 2310 1151 
6356 1156 1152 2310 1311 
6357 319 320 1311 1156 
6358 319 1156 1311 1152 
6359 82 5 622 2487 
6360 341 977 2487 82 
6361 341 82 2487 5 
6362 977 341 2487 2488 
6363 342 978 2488 977 
6364 342 977 2488 341 
6365 978 342 2488 2489 
6366 343 979 2489 978 
6367 343 978 2489 342 
6368 979 343 2489 2490 
6369 344 980 2490 979 
6370 344 979 2490 343 
6371 980 344 2490 1356 
6372 19 276 1356 980 
6373 19 980 1356 344 
6374 455 87 615 2459 
6375 997 1819 2459 87 
6376 87 455 1819 2459 
6377 1819 997 2459 2460 
6378 998 1820 2460 997 
6379 997 1819 1820 2460 
6380 1820 998 2460 2461 
6381 999 1821 2461 998 
6382 998 1820 1821 2461 
6383 1821 999 2461 2462 
6384 1000 1822 2462 999 
6385 999 1821 1822 2462 
6386 1822 1000 2462 1349 
6387 281 1189 1349 1000 
6388 1000 1822 1189 1349 
6389 86 460 615 2459 
6390 1839 993 2459 86 
6391 1839 86 2459 460 
6392 993 1839 2459 2460 
6393 1840 994 2460 993 
6394 1840 993 2460 1839 
6395 994 1840 2460 2461 
6396 1841 995 2461 994 
6397 1841 994 2461 1840 
6398 995 1841 2461 2462 
6399 1842 996 2462 995 
6400 1842 995 2462 1841 
6401 996 1842 2462 1349 
6402 1194 280 1349 996 
6403 1194 996 1349 1842 
6404 512 495 583 2331 
6405 1979 2047 2331 495 
6406 495 512 2047 2331 
6407 2047 1979 2331 2332 
6408 1980 2048 2332 1979 
6409 1979 2047 2048 2332 
6410 2048 1980 2332 2333 
6411 1981 2049 2333 1980 
6412 1980 2048 2049 2333 
6413 2049 1981 2333 2334 
6414 1982 2050 2334 1981 
6415 1981 2049 2050 2334 
6416 2050 1982 2334 1317 
6417 1229 1246 1317 1982 
6418 1982 2050 1246 1317 
6419 514 512 583 2331 
6420 2047 2055 2331 512 
6421 512 514 2055 2331 
6422 2055 2047 2331 2332 
6423 2048 2056 2332 2047 
6424 2047 2055 2056 2332 
6425 2056 2048 2332 2333 
6426 2049 2057 2333 2048 
6427 2048 2056 2057 2333 
6428 2057 2049 2333 2334 
6429 2050 2058 2334 2049 
6430 2049 2057 2058 2334 
6431 2058 2050 2334 1317 
6432 1246 1248 1317 2050 
6433 2050 2058 1248 1317 
6434 518 494 580 2319 
6435 1975 2071 2319 494 
6436 494 518 2071 2319 
6437 2071 1975 2319 2320 
6438 1976 2072 2320 1975 
6439 1975 2071 2072 2320 
6440 2072 1976 2320 2321 
6441 1977 2073 2321 1976 
6442 1976 2072 2073 2321 
6443 2073 1977 2321 2322 
6444 1978 2074 2322 1977 
6445 1977 2073 2074 2322 
6446 2074 1978 2322 1314 
6447 1228 1252 1314 1978 
6448 1978 2074 1252 1314 
6449 90 6 620 2479 
6450 345 1009 2479 90 
6451 345 90 2479 6 
6452 1009 345 2479 2480 
6453 346 1010 2480 1009 
6454 346 1009 2480 345 
6455 1010 346 2480 2481 
6456 347 1011 2481 1010 
6457 347 1010 2481 346 
6458 1011 347 2481 2482 
6459 348 1012 2482 1011 
6460 348 1011 2482 347 
6461 1012 348 2482 1354 
6462 20 284 1354 1012 
6463 20 1012 1354 348 
6464 124 123 579 2315 
6465 1141 1145 2315 124 
6466 1141 124 2315 123 
6467 1145 1141 2315 2316 
6468 1142 1146 2316 1145 
6469 1142 1145 2316 1141 
6470 1146 1142 2316 2317 
6471 1143 1147 2317 1146 
6472 1143 1146 2317 1142 
6473 1147 1143 2317 2318 
6474 1144 1148 2318 1147 
6475 1144 1147 2318 1143 
6476 1148 1144 2318 1313 
6477 317 318 1313 1148 
6478 317 1148 1313 1144 
6479 522 496 582 2327 
6480 1983 2087 2327 496 
6481 496 522 2087 2327 
6482 2087 1983 2327 2328 
6483 1984 2088 2328 1983 
6484 1983 2087 2088 2328 
6485 2088 1984 2328 2329 
6486 1985 2089 2329 1984 
6487 1984 2088 2089 2329 
6488 2089 1985 2329 2330 
6489 1986 2090 2330 1985 
6490 1985 2089 2090 2330 
6491 2090 1986 2330 1316 
6492 1230 1256 1316 1986 
6493 1986 2090 1256 1316 
6494 561 460 621 2483 
6495 1839 2243 2483 460 
6496 460 561 2243 2483 
6497 2243 1839 2483 2484 
6498 1840 2244 2484 1839 
6499 1839 2243 2244 2484 
6500 2244 1840 2484 2485 
6501 1841 2245 2485 1840 
6502 1840 2244 2245 2485 
6503 2245 1841 2485 2486 
6504 1842 2246 2486 1841 
6505 1841 2245 2246 2486 
6506 2246 1842 2486 1355 
6507 1194 1295 1355 1842 
6508 1842 2246 1295 1355 
6509 122 121 581 2323 
6510 1133 1137 2323 122 
6511 1133 122 2323 121 
6512 1137 1133 2323 2324 
6513 1134 1138 2324 1137 
6514 1134 1137 2324 1133 
6515 1138 1134 2324 2325 
6516 1135 1139 2325 1138 
6517 1135 1138 2325 1134 
6518 1139 1135 2325 2326 
6519 1136 1140 2326 1139 
6520 1136 1139 2326 1135 
6521 1140 1136 2326 1315 
6522 315 316 1315 1140 
6523 315 1140 1315 1136 
6524 120 119 584 2335 
6525 1125 1129 2335 120 
6526 1125 120 2335 119 
6527 1129 1125 2335 2336 
6528 1126 1130 2336 1129 
6529 1126 1129 2336 1125 
6530 1130 1126 2336 2337 
6531 1127 1131 2337 1130 
6532 1127 1130 2337 1126 
6533 1131 1127 2337 2338 
6534 1128 1132 2338 1131 
6535 1128 1131 2338 1127 
6536 1132 1128 2338 1318 
6537 313 314 1318 1132 
6538 313 1132 1318 1128 
6539 568 489 619 2475 
6540 1955 2271 2475 568 
6541 1955 568 2475 489 
6542 2271 1955 2475 2476 
6543 1956 2272 2476 2271 
6544 1956 2271 2476 1955 
6545 2272 1956 2476 2477 
6546 1957 2273 2477 2272 
6547 1957 2272 2477 1956 
6548 2273 1957 2477 2478 
6549 1958 2274 2478 2273 
6550 1958 2273 2478 1957 
6551 2274 1958 2478 1353 
6552 1223 1302 1353 2274 
6553 1223 2274 1353 1958 
6554 43 42 585 2339 
6555 817 821 2339 43 
6556 817 43 2339 42 
6557 821 817 2339 2340 
6558 818 822 2340 821 
6559 818 821 2340 817 
6560 822 818 2340 2341 
6561 819 823 2341 822 
6562 819 822 2341 818 
6563 823 819 2341 2342 
6564 820 824 2342 823 
6565 820 823 2342 819 
6566 824 820 2342 1319 
6567 236 237 1319 824 
6568 236 824 1319 820 
6569 6 89 620 2479 
6570 1005 345 2479 6 
6571 1005 6 2479 89 
6572 345 1005 2479 2480 
6573 1006 346 2480 345 
6574 1006 345 2480 1005 
6575 346 1006 2480 2481 
6576 1007 347 2481 346 
6577 1007 346 2481 1006 
6578 347 1007 2481 2482 
6579 1008 348 2482 347 
6580 1008 347 2482 1007 
6581 348 1008 2482 1354 
6582 283 20 1354 348 
6583 283 348 1354 1008 
6584 136 491 562 2247 
6585 1963 136 2247 491 
6586 1964 136 2248 1963 
6587 1963 2247 136 2248 
6588 136 1964 2248 2249 
6589 1965 136 2249 1964 
6590 1966 136 2250 1965 
6591 1965 2249 136 2250 
6592 136 1966 2250 1296 
6593 1225 136 1296 1966 
6594 5 81 622 2487 
6595 973 341 2487 5 
6596 973 5 2487 81 
6597 341 973 2487 2488 
6598 974 342 2488 341 
6599 974 341 2488 973 
6600 342 974 2488 2489 
6601 975 343 2489 342 
6602 975 342 2489 974 
6603 343 975 2489 2490 
6604 976 344 2490 343 
6605 976 343 2490 975 
6606 344 976 2490 1356 
6607 275 19 1356 344 
6608 275 344 1356 976 
6609 134 564 625 2499 
6610 2255 1185 2499 134 
6611 2255 134 2499 564 
6612 1185 2255 2499 2500 
6613 2256 1186 2500 1185 
6614 2256 1185 2500 2255 
6615 1186 2256 2500 2501 
6616 2257 1187 2501 1186 
6617 2257 1186 2501 2256 
6618 1187 2257 2501 2502 
6619 2258 1188 2502 1187 
6620 2258 1187 2502 2257 
6621 1188 2258 2502 1359 
6622 1298 328 1359 1188 
6623 1298 1188 1359 2258 
6624 93 92 586 2343 
6625 1017 1021 2343 93 
6626 1017 93 2343 92 
6627 1021 1017 2343 2344 
6628 1018 1022 2344 1021 
6629 1018 1021 2344 1017 
6630 1022 1018 2344 2345 
6631 1019 1023 2345 1022 
6632 1019 1022 2345 1018 
6633 1023 1019 2345 2346 
6634 1020 1024 2346 1023 
6635 1020 1023 2346 1019 
6636 1024 1020 2346 1320 
6637 286 287 1320 1024 
6638 286 1024 1320 1020 
6639 497 523 613 2451 
6640 2091 1987 2451 497 
6641 2091 497 2451 523 
6642 1987 2091 2451 2452 
6643 2092 1988 2452 1987 
6644 2092 1987 2452 2091 
6645 1988 2092 2452 2453 
6646 2093 1989 2453 1988 
6647 2093 1988 2453 2092 
6648 1989 2093 2453 2454 
6649 2094 1990 2454 1989 
6650 2094 1989 2454 2093 
6651 1990 2094 2454 1347 
6652 1257 1231 1347 1990 
6653 1257 1990 1347 2094 
6654 481 531 587 2347 
6655 2123 1923 2347 481 
6656 2123 481 2347 531 
6657 1923 2123 2347 2348 
6658 2124 1924 2348 1923 
6659 2124 1923 2348 2123 
6660 1924 2124 2348 2349 
6661 2125 1925 2349 1924 
6662 2125 1924 2349 2124 
6663 1925 2125 2349 2350 
6664 2126 1926 2350 1925 
6665 2126 1925 2350 2125 
6666 1926 2126 2350 1321 
6667 1265 1215 1321 1926 
6668 1265 1926 1321 2126 
6669 457 575 627 2507 
6670 2299 1827 2507 457 
6671 2299 457 2507 575 
6672 1827 2299 2507 2508 
6673 2300 1828 2508 1827 
6674 2300 1827 2508 2299 
6675 1828 2300 2508 2509 
6676 2301 1829 2509 1828 
6677 2301 1828 2509 2300 
6678 1829 2301 2509 2510 
6679 2302 1830 2510 1829 
6680 2302 1829 2510 2301 
6681 1830 2302 2510 1361 
6682 1309 1191 1361 1830 
6683 1309 1830 1361 2302 
6684 95 94 588 2351 
6685 1025 1029 2351 95 
6686 1025 95 2351 94 
6687 1029 1025 2351 2352 
6688 1026 1030 2352 1029 
6689 1026 1029 2352 1025 
6690 1030 1026 2352 2353 
6691 1027 1031 2353 1030 
6692 1027 1030 2353 1026 
6693 1031 1027 2353 2354 
6694 1028 1032 2354 1031 
6695 1028 1031 2354 1027 
6696 1032 1028 2354 1322 
6697 288 289 1322 1032 
6698 288 1032 1322 1028 
6699 95 588 589 2355 
6700 2351 1029 2355 95 
6701 2351 95 2355 588 
6702 1029 2351 2355 2356 
6703 2352 1030 2356 1029 
6704 2352 1029 2356 2351 
6705 1030 2352 2356 2357 
6706 2353 1031 2357 1030 
6707 2353 1030 2357 2352 
6708 1031 2353 2357 2358 
6709 2354 1032 2358 1031 
6710 2354 1031 2358 2353 
6711 1032 2354 2358 1323 
6712 1322 289 1323 1032 
6713 1322 1032 1323 2354 
6714 96 95 589 2355 
6715 1029 1033 2355 96 
6716 1029 96 2355 95 
6717 1033 1029 2355 2356 
6718 1030 1034 2356 1033 
6719 1030 1033 2356 1029 
6720 1034 1030 2356 2357 
6721 1031 1035 2357 1034 
6722 1031 1034 2357 1030 
6723 1035 1031 2357 2358 
6724 1032 1036 2358 1035 
6725 1032 1035 2358 1031 
6726 1036 1032 2358 1323 
6727 289 290 1323 1036 
6728 289 1036 1323 1032 
6729 534 535 590 2359 
6730 2139 2135 2359 534 
6731 2139 534 2359 535 
6732 2135 2139 2359 2360 
6733 2140 2136 2360 2135 
6734 2140 2135 2360 2139 
6735 2136 2140 2360 2361 
6736 2141 2137 2361 2136 
6737 2141 2136 2361 2140 
6738 2137 2141 2361 2362 
6739 2142 2138 2362 2137 
6740 2142 2137 2362 2141 
6741 2138 2142 2362 1324 
6742 1269 1268 1324 2138 
6743 1269 2138 1324 2142 
6744 500 539 592 2367 
6745 2155 1999 2367 500 
6746 2155 500 2367 539 
6747 1999 2155 2367 2368 
6748 2156 2000 2368 1999 
6749 2156 1999 2368 2155 
6750 2000 2156 2368 2369 
6751 2157 2001 2369 2000 
6752 2157 2000 2369 2156 
6753 2001 2157 2369 2370 
6754 2158 2002 2370 2001 
6755 2158 2001 2370 2157 
6756 2002 2158 2370 1326 
6757 1273 1234 1326 2002 
6758 1273 2002 1326 2158 
6759 51 50 591 2363 
6760 849 853 2363 51 
6761 849 51 2363 50 
6762 853 849 2363 2364 
6763 850 854 2364 853 
6764 850 853 2364 849 
6765 854 850 2364 2365 
6766 851 855 2365 854 
6767 851 854 2365 850 
6768 855 851 2365 2366 
6769 852 856 2366 855 
6770 852 855 2366 851 
6771 856 852 2366 1325 
6772 244 245 1325 856 
6773 244 856 1325 852 
6774 501 537 594 2375 
6775 2147 2003 2375 501 
6776 2147 501 2375 537 
6777 2003 2147 2375 2376 
6778 2148 2004 2376 2003 
6779 2148 2003 2376 2147 
6780 2004 2148 2376 2377 
6781 2149 2005 2377 2004 
6782 2149 2004 2377 2148 
6783 2005 2149 2377 2378 
6784 2150 2006 2378 2005 
6785 2150 2005 2378 2149 
6786 2006 2150 2378 1328 
6787 1271 1235 1328 2006 
6788 1271 2006 1328 2150 
6789 53 52 593 2371 
6790 857 861 2371 53 
6791 857 53 2371 52 
6792 861 857 2371 2372 
6793 858 862 2372 861 
6794 858 861 2372 857 
6795 862 858 2372 2373 
6796 859 863 2373 862 
6797 859 862 2373 858 
6798 863 859 2373 2374 
6799 860 864 2374 863 
6800 860 863 2374 859 
6801 864 860 2374 1327 
6802 246 247 1327 864 
6803 246 864 1327 860 
6804 502 545 595 2379 
6805 2179 2007 2379 502 
6806 2179 502 2379 545 
6807 2007 2179 2379 2380 
6808 2180 2008 2380 2007 
6809 2180 2007 2380 2179 
6810 2008 2180 2380 2381 
6811 2181 2009 2381 2008 
6812 2181 2008 2381 2180 
6813 2009 2181 2381 2382 
6814 2182 2010 2382 2009 
6815 2182 2009 2382 2181 
6816 2010 2182 2382 1329 
6817 1279 1236 1329 2010 
6818 1279 2010 1329 2182 
6819 503 541 597 2387 
6820 2163 2011 2387 503 
6821 2163 503 2387 541 
6822 2011 2163 2387 2388 
6823 2164 2012 2388 2011 
6824 2164 2011 2388 2163 
6825 2012 2164 2388 2389 
6826 2165 2013 2389 2012 
6827 2165 2012 2389 2164 
6828 2013 2165 2389 2390 
6829 2166 2014 2390 2013 
6830 2166 2013 2390 2165 
6831 2014 2166 2390 1331 
6832 1275 1237 1331 2014 
6833 1275 2014 1331 2166 
6834 55 54 596 2383 
6835 865 869 2383 55 
6836 865 55 2383 54 
6837 869 865 2383 2384 
6838 866 870 2384 869 
6839 866 869 2384 865 
6840 870 866 2384 2385 
6841 867 871 2385 870 
6842 867 870 2385 866 
6843 871 867 2385 2386 
6844 868 872 2386 871 
6845 868 871 2386 867 
6846 872 868 2386 1330 
6847 248 249 1330 872 
6848 248 872 1330 868 
6849 504 547 599 2395 
6850 2187 2015 2395 504 
6851 2187 504 2395 547 
6852 2015 2187 2395 2396 
6853 2188 2016 2396 2015 
6854 2188 2015 2396 2187 
6855 2016 2188 2396 2397 
6856 2189 2017 2397 2016 
6857 2189 2016 2397 2188 
6858 2017 2189 2397 2398 
6859 2190 2018 2398 2017 
6860 2190 2017 2398 2189 
6861 2018 2190 2398 1333 
6862 1281 1238 1333 2018 
6863 1281 2018 1333 2190 
6864 100 99 598 2391 
6865 1045 1049 2391 100 
6866 1045 100 2391 99 
6867 1049 1045 2391 2392 
6868 1046 1050 2392 1049 
6869 1046 1049 2392 1045 
6870 1050 1046 2392 2393 
6871 1047 1051 2393 1050 
6872 1047 1050 2393 1046 
6873 1051 1047 2393 2394 
6874 1048 1052 2394 1051 
6875 1048 1051 2394 1047 
6876 1052 1048 2394 1332 
6877 293 294 1332 1052 
6878 293 1052 1332 1048 
6879 505 543 601 2403 
6880 2171 2019 2403 505 
6881 2171 505 2403 543 
6882 2019 2171 2403 2404 
6883 2172 2020 2404 2019 
6884 2172 2019 2404 2171 
6885 2020 2172 2404 2405 
6886 2173 2021 2405 2020 
6887 2173 2020 2405 2172 
6888 2021 2173 2405 2406 
6889 2174 2022 2406 2021 
6890 2174 2021 2406 2173 
6891 2022 2174 2406 1335 
6892 1277 1239 1335 2022 
6893 1277 2022 1335 2174 
6894 57 56 600 2399 
6895 873 877 2399 57 
6896 873 57 2399 56 
6897 877 873 2399 2400 
6898 874 878 2400 877 
6899 874 877 2400 873 
6900 878 874 2400 2401 
6901 875 879 2401 878 
6902 875 878 2401 874 
6903 879 875 2401 2402 
6904 876 880 2402 879 
6905 876 879 2402 875 
6906 880 876 2402 1334 
6907 250 251 1334 880 
6908 250 880 1334 876 
6909 507 551 605 2419 
6910 2203 2027 2419 507 
6911 2203 507 2419 551 
6912 2027 2203 2419 2420 
6913 2204 2028 2420 2027 
6914 2204 2027 2420 2203 
6915 2028 2204 2420 2421 
6916 2205 2029 2421 2028 
6917 2205 2028 2421 2204 
6918 2029 2205 2421 2422 
6919 2206 2030 2422 2029 
6920 2206 2029 2422 2205 
6921 2030 2206 2422 1339 
6922 1285 1241 1339 2030 
6923 1285 2030 1339 2206 
6924 102 101 602 2407 
6925 1053 1057 2407 102 
6926 1053 102 2407 101 
6927 1057 1053 2407 2408 
6928 1054 1058 2408 1057 
6929 1054 1057 2408 1053 
6930 1058 1054 2408 2409 
6931 1055 1059 2409 1058 
6932 1055 1058 2409 1054 
6933 1059 1055 2409 2410 
6934 1056 1060 2410 1059 
6935 1056 1059 2410 1055 
6936 1060 1056 2410 1336 
6937 295 296 1336 1060 
6938 295 1060 1336 1056 
6939 506 553 603 2411 
6940 2211 2023 2411 506 
6941 2211 506 2411 553 
6942 2023 2211 2411 2412 
6943 2212 2024 2412 2023 
6944 2212 2023 2412 2211 
6945 2024 2212 2412 2413 
6946 2213 2025 2413 2024 
6947 2213 2024 2413 2212 
6948 2025 2213 2413 2414 
6949 2214 2026 2414 2025 
6950 2214 2025 2414 2213 
6951 2026 2214 2414 1337 
6952 1287 1240 1337 2026 
6953 1287 2026 1337 2214 
6954 59 58 604 2415 
6955 881 885 2415 59 
6956 881 59 2415 58 
6957 885 881 2415 2416 
6958 882 886 2416 885 
6959 882 885 2416 881 
6960 886 882 2416 2417 
6961 883 887 2417 886 
6962 883 886 2417 882 
6963 887 883 2417 2418 
6964 884 888 2418 887 
6965 884 887 2418 883 
6966 888 884 2418 1338 
6967 252 253 1338 888 
6968 252 888 1338 884 
6969 61 60 607 2427 
6970 889 893 2427 61 
6971 889 61 2427 60 
6972 893 889 2427 2428 
6973 890 894 2428 893 
6974 890 893 2428 889 
6975 894 890 2428 2429 
6976 891 895 2429 894 
6977 891 894 2429 890 
6978 895 891 2429 2430 
6979 892 896 2430 895 
6980 892 895 2430 891 
6981 896 892 2430 1341 
6982 254 255 1341 896 
6983 254 896 1341 892 
6984 104 103 606 2423 
6985 1061 1065 2423 104 
6986 1061 104 2423 103 
6987 1065 1061 2423 2424 
6988 1062 1066 2424 1065 
6989 1062 1065 2424 1061 
6990 1066 1062 2424 2425 
6991 1063 1067 2425 1066 
6992 1063 1066 2425 1062 
6993 1067 1063 2425 2426 
6994 1064 1068 2426 1067 
6995 1064 1067 2426 1063 
6996 1068 1064 2426 1340 
6997 297 298 1340 1068 
6998 297 1068 1340 1064 
6999 482 549 609 2435 
7000 2195 1927 2435 482 
7001 2195 482 2435 549 
7002 1927 2195 2435 2436 
7003 2196 1928 2436 1927 
7004 2196 1927 2436 2195 
7005 1928 2196 2436 2437 
7006 2197 1929 2437 1928 
7007 2197 1928 2437 2196 
7008 1929 2197 2437 2438 
7009 2198 1930 2438 1929 
7010 2198 1929 2438 2197 
7011 1930 2198 2438 1343 
7012 1283 1216 1343 1930 
7013 1283 1930 1343 2198 
7014 63 62 608 2431 
7015 897 901 2431 63 
7016 897 63 2431 62 
7017 901 897 2431 2432 
7018 898 902 2432 901 
7019 898 901 2432 897 
7020 902 898 2432 2433 
7021 899 903 2433 902 
7022 899 902 2433 898 
7023 903 899 2433 2434 
7024 900 904 2434 903 
7025 900 903 2434 899 
7026 904 900 2434 1342 
7027 256 257 1342 904 
7028 256 904 1342 900 
7029 98 97 610 2439 
7030 1037 1041 2439 98 
7031 1037 98 2439 97 
7032 1041 1037 2439 2440 
7033 1038 1042 2440 1041 
7034 1038 1041 2440 1037 
7035 1042 1038 2440 2441 
7036 1039 1043 2441 1042 
7037 1039 1042 2441 1038 
7038 1043 1039 2441 2442 
7039 1040 1044 2442 1043 
7040 1040 1043 2442 1039 
7041 1044 1040 2442 1344 
7042 291 292 1344 1044 
7043 291 1044 1344 1040 
7044 564 491 625 2499 
7045 1963 2255 2499 564 
7046 1963 564 2499 491 
7047 2255 1963 2499 2500 
7048 1964 2256 2500 2255 
7049 1964 2255 2500 1963 
7050 2256 1964 2500 2501 
7051 1965 2257 2501 2256 
7052 1965 2256 2501 1964 
7053 2257 1965 2501 2502 
7054 1966 2258 2502 2257 
7055 1966 2257 2502 1965 
7056 2258 1966 2502 1359 
7057 1225 1298 1359 2258 
7058 1225 2258 1359 1966 
7059 79 4 623 2491 
7060 337 965 2491 79 
7061 337 79 2491 4 
7062 965 337 2491 2492 
7063 338 966 2492 965 
7064 338 965 2492 337 
7065 966 338 2492 2493 
7066 339 967 2493 966 
7067 339 966 2493 338 
7068 967 339 2493 2494 
7069 340 968 2494 967 
7070 340 967 2494 339 
7071 968 340 2494 1357 
7072 18 273 1357 968 
7073 18 968 1357 340 
7074 135 8 625 2499 
7075 8 135 2500 2499 
7076 135 8 2500 2501 
7077 8 135 2502 2501 
7078 135 8 2502 1359 
7079 91 90 611 2443 
7080 1009 1013 2443 91 
7081 1009 91 2443 90 
7082 1013 1009 2443 2444 
7083 1010 1014 2444 1013 
7084 1010 1013 2444 1009 
7085 1014 1010 2444 2445 
7086 1011 1015 2445 1014 
7087 1011 1014 2445 1010 
7088 1015 1011 2445 2446 
7089 1012 1016 2446 1015 
7090 1012 1015 2446 1011 
7091 1016 1012 2446 1345 
7092 284 285 1345 1016 
7093 284 1016 1345 1012 
7094 1 137 624 2495 
7095 137 1 2496 2495 
7096 1 137 2496 2497 
7097 137 1 2498 2497 
7098 1 137 2498 1358 
7099 78 484 623 2491 
7100 1935 961 2491 78 
7101 1935 78 2491 484 
7102 961 1935 2491 2492 
7103 1936 962 2492 961 
7104 1936 961 2492 1935 
7105 962 1936 2492 2493 
7106 1937 963 2493 962 
7107 1937 962 2493 1936 
7108 963 1937 2493 2494 
7109 1938 964 2494 963 
7110 1938 963 2494 1937 
7111 964 1938 2494 1357 
7112 1218 272 1357 964 
7113 1218 964 1357 1938 
7114 568 82 622 2487 
7115 977 2271 2487 82 
7116 82 568 2271 2487 
7117 2271 977 2487 2488 
7118 978 2272 2488 977 
7119 977 2271 2272 2488 
7120 2272 978 2488 2489 
7121 979 2273 2489 978 
7122 978 2272 2273 2489 
7123 2273 979 2489 2490 
7124 980 2274 2490 979 
7125 979 2273 2274 2490 
7126 2274 980 2490 1356 
7127 276 1302 1356 980 
7128 980 2274 1302 1356 
7129 554 508 614 2455 
7130 2031 2215 2455 508 
7131 508 554 2215 2455 
7132 2215 2031 2455 2456 
7133 2032 2216 2456 2031 
7134 2031 2215 2216 2456 
7135 2216 2032 2456 2457 
7136 2033 2217 2457 2032 
7137 2032 2216 2217 2457 
7138 2217 2033 2457 2458 
7139 2034 2218 2458 2033 
7140 2033 2217 2218 2458 
7141 2218 2034 2458 1348 
7142 1242 1288 1348 2034 
7143 2034 2218 1288 1348 
7144 483 27 624 2495 
7145 757 1931 2495 27 
7146 27 483 1931 2495 
7147 1931 757 2495 2496 
7148 758 1932 2496 757 
7149 757 1931 1932 2496 
7150 1932 758 2496 2497 
7151 759 1933 2497 758 
7152 758 1932 1933 2497 
7153 1933 759 2497 2498 
7154 760 1934 2498 759 
7155 759 1933 1934 2498 
7156 1934 760 2498 1358 
7157 221 1217 1358 760 
7158 760 1934 1217 1358 
7159 89 88 612 2447 
7160 1001 1005 2447 89 
7161 1001 89 2447 88 
7162 1005 1001 2447 2448 
7163 1002 1006 2448 1005 
7164 1002 1005 2448 1001 
7165 1006 1002 2448 2449 
7166 1003 1007 2449 1006 
7167 1003 1006 2449 1002 
7168 1007 1003 2449 2450 
7169 1004 1008 2450 1007 
7170 1004 1007 2450 1003 
7171 1008 1004 2450 1346 
7172 282 283 1346 1008 
7173 282 1008 1346 1004 
7174 489 568 622 2487 
7175 2271 1955 2487 568 
7176 568 489 1955 2487 
7177 1955 2271 2487 2488 
7178 2272 1956 2488 2271 
7179 2271 1955 1956 2488 
7180 1956 2272 2488 2489 
7181 2273 1957 2489 2272 
7182 2272 1956 1957 2489 
7183 1957 2273 2489 2490 
7184 2274 1958 2490 2273 
7185 2273 1957 1958 2490 
7186 1958 2274 2490 1356 
7187 1302 1223 1356 2274 
7188 2274 1958 1223 1356 
7189 480 510 613 2451 
7190 2039 1919 2451 480 
7191 2039 480 2451 510 
7192 1919 2039 2451 2452 
7193 2040 1920 2452 1919 
7194 2040 1919 2452 2039 
7195 1920 2040 2452 2453 
7196 2041 1921 2453 1920 
7197 2041 1920 2453 2040 
7198 1921 2041 2453 2454 
7199 2042 1922 2454 1921 
7200 2042 1921 2454 2041 
7201 1922 2042 2454 1347 
7202 1244 1214 1347 1922 
7203 1244 1922 1347 2042 
7204 550 479 614 2455 
7205 1915 2199 2455 479 
7206 479 550 2199 2455 
7207 2199 1915 2455 2456 
7208 1916 2200 2456 1915 
7209 1915 2199 2200 2456 
7210 2200 1916 2456 2457 
7211 1917 2201 2457 1916 
7212 1916 2200 2201 2457 
7213 2201 1917 2457 2458 
7214 1918 2202 2458 1917 
7215 1917 2201 2202 2458 
7216 2202 1918 2458 1348 
7217 1213 1284 1348 1918 
7218 1918 2202 1284 1348 
7219 491 564 626 2503 
7220 2255 1963 2503 564 
7221 564 491 1963 2503 
7222 1963 2255 2503 2504 
7223 2256 1964 2504 2255 
7224 2255 1963 1964 2504 
7225 1964 2256 2504 2505 
7226 2257 1965 2505 2256 
7227 2256 1964 1965 2505 
7228 1965 2257 2505 2506 
7229 2258 1966 2506 2257 
7230 2257 1965 1966 2506 
7231 1966 2258 2506 1360 
7232 1298 1225 1360 2258 
7233 2258 1966 1225 1360 
7234 567 493 618 2471 
7235 1971 2267 2471 567 
7236 1971 567 2471 493 
7237 2267 1971 2471 2472 
7238 1972 2268 2472 2267 
7239 1972 2267 2472 1971 
7240 2268 1972 2472 2473 
7241 1973 2269 2473 2268 
7242 1973 2268 2473 1972 
7243 2269 1973 2473 2474 
7244 1974 2270 2474 2269 
7245 1974 2269 2474 1973 
7246 2270 1974 2474 1352 
7247 1227 1301 1352 2270 
7248 1227 2270 1352 1974 
7249 484 560 623 2491 
7250 2239 1935 2491 484 
7251 2239 484 2491 560 
7252 1935 2239 2491 2492 
7253 2240 1936 2492 1935 
7254 2240 1935 2492 2239 
7255 1936 2240 2492 2493 
7256 2241 1937 2493 1936 
7257 2241 1936 2493 2240 
7258 1937 2241 2493 2494 
7259 2242 1938 2494 1937 
7260 2242 1937 2494 2241 
7261 1938 2242 2494 1357 
7262 1294 1218 1357 1938 
7263 1294 1938 1357 2242 
7264 87 86 615 2459 
7265 993 997 2459 87 
7266 993 87 2459 86 
7267 997 993 2459 2460 
7268 994 998 2460 997 
7269 994 997 2460 993 
7270 998 994 2460 2461 
7271 995 999 2461 998 
7272 995 998 2461 994 
7273 999 995 2461 2462 
7274 996 1000 2462 999 
7275 996 999 2462 995 
7276 1000 996 2462 1349 
7277 280 281 1349 1000 
7278 280 1000 1349 996 
7279 488 75 616 2463 
7280 949 1951 2463 75 
7281 75 488 1951 2463 
7282 1951 949 2463 2464 
7283 950 1952 2464 949 
7284 949 1951 1952 2464 
7285 1952 950 2464 2465 
7286 951 1953 2465 950 
7287 950 1952 1953 2465 
7288 1953 951 2465 2466 
7289 952 1954 2466 951 
7290 951 1953 1954 2466 
7291 1954 952 2466 1350 
7292 269 1222 1350 952 
7293 952 1954 1222 1350 
7294 566 46 617 2467 
7295 833 2263 2467 46 
7296 46 566 2263 2467 
7297 2263 833 2467 2468 
7298 834 2264 2468 833 
7299 833 2263 2264 2468 
7300 2264 834 2468 2469 
7301 835 2265 2469 834 
7302 834 2264 2265 2469 
7303 2265 835 2469 2470 
7304 836 2266 2470 835 
7305 835 2265 2266 2470 
7306 2266 836 2470 1351 
7307 240 1300 1351 836 
7308 836 2266 1300 1351 
7309 564 565 626 2503 
7310 2259 2255 2503 564 
7311 2259 564 2503 565 
7312 2255 2259 2503 2504 
7313 2260 2256 2504 2255 
7314 2260 2255 2504 2259 
7315 2256 2260 2504 2505 
7316 2261 2257 2505 2256 
7317 2261 2256 2505 2260 
7318 2257 2261 2505 2506 
7319 2262 2258 2506 2257 
7320 2262 2257 2506 2261 
7321 2258 2262 2506 1360 
7322 1299 1298 1360 2258 
7323 1299 2258 1360 2262 
7324 562 483 624 2495 
7325 1931 2247 2495 562 
7326 1931 562 2495 483 
7327 2247 1931 2495 2496 
7328 1932 2248 2496 2247 
7329 1932 2247 2496 1931 
7330 2248 1932 2496 2497 
7331 1933 2249 2497 2248 
7332 1933 2248 2497 1932 
7333 2249 1933 2497 2498 
7334 1934 2250 2498 2249 
7335 1934 2249 2498 1933 
7336 2250 1934 2498 1358 
7337 1217 1296 1358 2250 
7338 1217 2250 1358 1934 
7339 45 528 617 2467 
7340 2111 829 2467 45 
7341 2111 45 2467 528 
7342 829 2111 2467 2468 
7343 2112 830 2468 829 
7344 2112 829 2468 2111 
7345 830 2112 2468 2469 
7346 2113 831 2469 830 
7347 2113 830 2469 2112 
7348 831 2113 2469 2470 
7349 2114 832 2470 831 
7350 2114 831 2470 2113 
7351 832 2114 2470 1351 
7352 1262 239 1351 832 
7353 1262 832 1351 2114 
7354 118 555 618 2471 
7355 2219 1121 2471 118 
7356 2219 118 2471 555 
7357 1121 2219 2471 2472 
7358 2220 1122 2472 1121 
7359 2220 1121 2472 2219 
7360 1122 2220 2472 2473 
7361 2221 1123 2473 1122 
7362 2221 1122 2473 2220 
7363 1123 2221 2473 2474 
7364 2222 1124 2474 1123 
7365 2222 1123 2474 2221 
7366 1124 2222 2474 1352 
7367 1289 312 1352 1124 
7368 1289 1124 1352 2222 
7369 484 563 619 2475 
7370 2251 1935 2475 484 
7371 2251 484 2475 563 
7372 1935 2251 2475 2476 
7373 2252 1936 2476 1935 
7374 2252 1935 2476 2251 
7375 1936 2252 2476 2477 
7376 2253 1937 2477 1936 
7377 2253 1936 2477 2252 
7378 1937 2253 2477 2478 
7379 2254 1938 2478 1937 
7380 2254 1937 2478 2253 
7381 1938 2254 2478 1353 
7382 1297 1218 1353 1938 
7383 1297 1938 1353 2254 
7384 560 484 619 2475 
7385 1935 2239 2475 484 
7386 484 560 2239 2475 
7387 2239 1935 2475 2476 
7388 1936 2240 2476 1935 
7389 1935 2239 2240 2476 
7390 2240 1936 2476 2477 
7391 1937 2241 2477 1936 
7392 1936 2240 2241 2477 
7393 2241 1937 2477 2478 
7394 1938 2242 2478 1937 
7395 1937 2241 2242 2478 
7396 2242 1938 2478 1353 
7397 1218 1294 1353 1938 
7398 1938 2242 1294 1353 
7399 561 488 616 2463 
7400 1951 2243 2463 488 
7401 488 561 2243 2463 
7402 2243 1951 2463 2464 
7403 1952 2244 2464 1951 
7404 1951 2243 2244 2464 
7405 2244 1952 2464 2465 
7406 1953 2245 2465 1952 
7407 1952 2244 2245 2465 
7408 2245 1953 2465 2466 
7409 1954 2246 2466 1953 
7410 1953 2245 2246 2466 
7411 2246 1954 2466 1350 
7412 1222 1295 1350 1954 
7413 1954 2246 1295 1350 
7414 498 561 616 2463 
7415 2243 1991 2463 498 
7416 2243 498 2463 561 
7417 1991 2243 2463 2464 
7418 2244 1992 2464 1991 
7419 2244 1991 2464 2243 
7420 1992 2244 2464 2465 
7421 2245 1993 2465 1992 
7422 2245 1992 2465 2244 
7423 1993 2245 2465 2466 
7424 2246 1994 2466 1993 
7425 2246 1993 2466 2245 
7426 1994 2246 2466 1350 
7427 1295 1232 1350 1994 
7428 1295 1994 1350 2246 
7429 528 566 617 2467 
7430 2263 2111 2467 528 
7431 2263 528 2467 566 
7432 2111 2263 2467 2468 
7433 2264 2112 2468 2111 
7434 2264 2111 2468 2263 
7435 2112 2264 2468 2469 
7436 2265 2113 2469 2112 
7437 2265 2112 2469 2264 
7438 2113 2265 2469 2470 
7439 2266 2114 2470 2113 
7440 2266 2113 2470 2265 
7441 2114 2266 2470 1351 
7442 1300 1262 1351 2114 
7443 1300 2114 1351 2266 
7444 460 569 621 2483 
7445 2275 1839 2483 460 
7446 2275 460 2483 569 
7447 1839 2275 2483 2484 
7448 2276 1840 2484 1839 
7449 2276 1839 2484 2275 
7450 1840 2276 2484 2485 
7451 2277 1841 2485 1840 
7452 2277 1840 2485 2276 
7453 1841 2277 2485 2486 
7454 2278 1842 2486 1841 
7455 2278 1841 2486 2277 
7456 1842 2278 2486 1355 
7457 1303 1194 1355 1842 
7458 1303 1842 1355 2278 
7459 565 483 626 2503 
7460 1931 2259 2503 483 
7461 483 565 2259 2503 
7462 2259 1931 2503 2504 
7463 1932 2260 2504 1931 
7464 1931 2259 2260 2504 
7465 2260 1932 2504 2505 
7466 1933 2261 2505 1932 
7467 1932 2260 2261 2505 
7468 2261 1933 2505 2506 
7469 1934 2262 2506 1933 
7470 1933 2261 2262 2506 
7471 2262 1934 2506 1360 
7472 1217 1299 1360 1934 
7473 1934 2262 1299 1360 
7474 81 489 622 2487 
7475 1955 973 2487 81 
7476 1955 81 2487 489 
7477 973 1955 2487 2488 
7478 1956 974 2488 973 
7479 1956 973 2488 1955 
7480 974 1956 2488 2489 
7481 1957 975 2489 974 
7482 1957 974 2489 1956 
7483 975 1957 2489 2490 
7484 1958 976 2490 975 
7485 1958 975 2490 1957 
7486 976 1958 2490 1356 
7487 1223 275 1356 976 
7488 1223 976 1356 1958 
7489 489 560 619 2475 
7490 2239 1955 2475 489 
7491 2239 489 2475 560 
7492 1955 2239 2475 2476 
7493 2240 1956 2476 1955 
7494 2240 1955 2476 2239 
7495 1956 2240 2476 2477 
7496 2241 1957 2477 1956 
7497 2241 1956 2477 2240 
7498 1957 2241 2477 2478 
7499 2242 1958 2478 1957 
7500 2242 1957 2478 2241 
7501 1958 2242 2478 1353 
7502 1294 1223 1353 1958 
7503 1294 1958 1353 2242 
7504 493 567 627 2507 
7505 2267 1971 2507 567 
7506 567 493 1971 2507 
7507 1971 2267 2507 2508 
7508 2268 1972 2508 2267 
7509 2267 1971 1972 2508 
7510 1972 2268 2508 2509 
7511 2269 1973 2509 2268 
7512 2268 1972 1973 2509 
7513 1973 2269 2509 2510 
7514 2270 1974 2510 2269 
7515 2269 1973 1974 2510 
7516 1974 2270 2510 1361 
7517 1301 1227 1361 2270 
7518 2270 1974 1227 1361 
7519 483 562 626 2503 
7520 2247 1931 2503 562 
7521 562 483 1931 2503 
7522 1931 2247 2503 2504 
7523 2248 1932 2504 2247 
7524 2247 1931 1932 2504 
7525 1932 2248 2504 2505 
7526 2249 1933 2505 2248 
7527 2248 1932 1933 2505 
7528 1933 2249 2505 2506 
7529 2250 1934 2506 2249 
7530 2249 1933 1934 2506 
7531 1934 2250 2506 1360 
7532 1296 1217 1360 2250 
7533 2250 1934 1217 1360 
7534 560 79 623 2491 
7535 965 2239 2491 79 
7536 79 560 2239 2491 
7537 2239 965 2491 2492 
7538 966 2240 2492 965 
7539 965 2239 2240 2492 
7540 2240 966 2492 2493 
7541 967 2241 2493 966 
7542 966 2240 2241 2493 
7543 2241 967 2493 2494 
7544 968 2242 2494 967 
7545 967 2241 2242 2494 
7546 2242 968 2494 1357 
7547 273 1294 1357 968 
7548 968 2242 1294 1357 
7549 569 516 621 2483 
7550 2063 2275 2483 516 
7551 516 569 2275 2483 
7552 2275 2063 2483 2484 
7553 2064 2276 2484 2063 
7554 2063 2275 2276 2484 
7555 2276 2064 2484 2485 
7556 2065 2277 2485 2064 
7557 2064 2276 2277 2485 
7558 2277 2065 2485 2486 
7559 2066 2278 2486 2065 
7560 2065 2277 2278 2486 
7561 2278 2066 2486 1355 
7562 1250 1303 1355 2066 
7563 2066 2278 1303 1355 
7564 137 562 624 2495 
7565 2247 137 2495 562 
7566 2248 137 2496 2247 
7567 2247 2495 137 2496 
7568 137 2248 2496 2497 
7569 2249 137 2497 2248 
7570 2250 137 2498 2249 
7571 2249 2497 137 2498 
7572 137 2250 2498 1358 
7573 1296 137 1358 2250 
7574 491 135 625 2499 
7575 135 491 1963 2499 
7576 135 1964 2500 1963 
7577 135 1963 2500 2499 
7578 1964 135 2500 2501 
7579 135 1964 1965 2501 
7580 135 1966 2502 1965 
7581 135 1965 2502 2501 
7582 1966 135 2502 1359 
7583 135 1966 1225 1359 
7584 575 493 627 2507 
7585 1971 2299 2507 493 
7586 493 575 2299 2507 
7587 2299 1971 2507 2508 
7588 1972 2300 2508 1971 
7589 1971 2299 2300 2508 
7590 2300 1972 2508 2509 
7591 1973 2301 2509 1972 
7592 1972 2300 2301 2509 
7593 2301 1973 2509 2510 
7594 1974 2302 2510 1973 
7595 1973 2301 2302 2510 
7596 2302 1974 2510 1361 
7597 1227 1309 1361 1974 
7598 1974 2302 1309 1361 
7599 567 530 627 2507 
7600 2119 2267 2507 530 
7601 530 567 2267 2507 
7602 2267 2119 2507 2508 
7603 2120 2268 2508 2119 
7604 2119 2267 2268 2508 
7605 2268 2120 2508 2509 
7606 2121 2269 2509 2120 
7607 2120 2268 2269 2509 
7608 2269 2121 2509 2510 
7609 2122 2270 2510 2121 
7610 2121 2269 2270 2510 
7611 2270 2122 2510 1361 
7612 1264 1301 1361 2122 
7613 2122 2270 1301 1361 
7614 611 90 620 2479 
7615 1009 2443 2479 90 
7616 90 611 2443 2479 
7617 2443 1009 2479 2480 
7618 1010 2444 2480 1009 
7619 1009 2443 2444 2480 
7620 2444 1010 2480 2481 
7621 1011 2445 2481 1010 
7622 1010 2444 2445 2481 
7623 2445 1011 2481 2482 
7624 1012 2446 2482 1011 
7625 1011 2445 2446 2482 
7626 2446 1012 2482 1354 
7627 284 1345 1354 1012 
7628 1012 2446 1345 1354 
7629 562 491 626 2503 
7630 1963 2247 2503 491 
7631 491 562 2247 2503 
7632 2247 1963 2503 2504 
7633 1964 2248 2504 1963 
7634 1963 2247 2248 2504 
7635 2248 1964 2504 2505 
7636 1965 2249 2505 1964 
7637 1964 2248 2249 2505 
7638 2249 1965 2505 2506 
7639 1966 2250 2506 1965 
7640 1965 2249 2250 2506 
7641 2250 1966 2506 1360 
7642 1225 1296 1360 1966 
7643 1966 2250 1296 1360 
7644 89 612 620 2479 
7645 2447 1005 2479 89 
7646 2447 89 2479 612 
7647 1005 2447 2479 2480 
7648 2448 1006 2480 1005 
7649 2448 1005 2480 2447 
7650 1006 2448 2480 2481 
7651 2449 1007 2481 1006 
7652 2449 1006 2481 2448 
7653 1007 2449 2481 2482 
7654 2450 1008 2482 1007 
7655 2450 1007 2482 2449 
7656 1008 2450 2482 1354 
7657 1346 283 1354 1008 
7658 1346 1008 1354 2450 
3 2 4 5303
7659 666 145 753 3011 
7660 1390 2663 3011 666 
7661 1390 666 3011 145 
7662 2663 1390 3011 3012 
7663 1391 2664 3012 2663 
7664 1391 2663 3012 1390 
7665 2664 1391 3012 3013 
7666 1392 2665 3013 2664 
7667 1392 2664 3013 1391 
7668 2665 1392 3013 3014 
7669 1393 2666 3014 2665 
7670 1393 2665 3014 1392 
7671 2666 1393 3014 1815 
7672 360 1728 1815 2666 
7673 360 2666 1815 1393 
7674 719 635 720 2879 
7675 2539 2875 2879 719 
7676 2539 719 2879 635 
7677 2875 2539 2879 2880 
7678 2540 2876 2880 2875 
7679 2540 2875 2880 2539 
7680 2876 2540 2880 2881 
7681 2541 2877 2881 2876 
7682 2541 2876 2881 2540 
7683 2877 2541 2881 2882 
7684 2542 2878 2882 2877 
7685 2542 2877 2882 2541 
7686 2878 2542 2882 1782 
7687 1697 1781 1782 2878 
7688 1697 2878 1782 2542 
7689 701 719 720 2879 
7690 2875 2803 2879 701 
7691 2875 701 2879 719 
7692 2803 2875 2879 2880 
7693 2876 2804 2880 2803 
7694 2876 2803 2880 2875 
7695 2804 2876 2880 2881 
7696 2877 2805 2881 2804 
7697 2877 2804 2881 2876 
7698 2805 2877 2881 2882 
7699 2878 2806 2882 2805 
7700 2878 2805 2882 2877 
7701 2806 2878 2882 1782 
7702 1781 1763 1782 2806 
7703 1781 2806 1782 2878 
7704 639 691 734 2935 
7705 2763 2555 2935 639 
7706 2763 639 2935 691 
7707 2555 2763 2935 2936 
7708 2764 2556 2936 2555 
7709 2764 2555 2936 2763 
7710 2556 2764 2936 2937 
7711 2765 2557 2937 2556 
7712 2765 2556 2937 2764 
7713 2557 2765 2937 2938 
7714 2766 2558 2938 2557 
7715 2766 2557 2938 2765 
7716 2558 2766 2938 1796 
7717 1753 1701 1796 2558 
7718 1753 2558 1796 2766 
7719 691 639 733 2931 
7720 2555 2763 2931 639 
7721 639 691 2763 2931 
7722 2763 2555 2931 2932 
7723 2556 2764 2932 2555 
7724 2555 2763 2764 2932 
7725 2764 2556 2932 2933 
7726 2557 2765 2933 2556 
7727 2556 2764 2765 2933 
7728 2765 2557 2933 2934 
7729 2558 2766 2934 2557 
7730 2557 2765 2766 2934 
7731 2766 2558 2934 1795 
7732 1701 1753 1795 2558 
7733 2558 2766 1753 1795 
7734 681 714 718 2871 
7735 2855 2723 2871 681 
7736 2855 681 2871 714 
7737 2723 2855 2871 2872 
7738 2856 2724 2872 2723 
7739 2856 2723 2872 2855 
7740 2724 2856 2872 2873 
7741 2857 2725 2873 2724 
7742 2857 2724 2873 2856 
7743 2725 2857 2873 2874 
7744 2858 2726 2874 2725 
7745 2858 2725 2874 2857 
7746 2726 2858 2874 1780 
7747 1776 1743 1780 2726 
7748 1776 2726 1780 2858 
7749 724 667 726 2903 
7750 2667 2895 2903 724 
7751 2667 724 2903 667 
7752 2895 2667 2903 2904 
7753 2668 2896 2904 2895 
7754 2668 2895 2904 2667 
7755 2896 2668 2904 2905 
7756 2669 2897 2905 2896 
7757 2669 2896 2905 2668 
7758 2897 2669 2905 2906 
7759 2670 2898 2906 2897 
7760 2670 2897 2906 2669 
7761 2898 2670 2906 1788 
7762 1729 1786 1788 2898 
7763 1729 2898 1788 2670 
7764 714 634 718 2871 
7765 2535 2855 2871 714 
7766 2535 714 2871 634 
7767 2855 2535 2871 2872 
7768 2536 2856 2872 2855 
7769 2536 2855 2872 2535 
7770 2856 2536 2872 2873 
7771 2537 2857 2873 2856 
7772 2537 2856 2873 2536 
7773 2857 2537 2873 2874 
7774 2538 2858 2874 2857 
7775 2538 2857 2874 2537 
7776 2858 2538 2874 1780 
7777 1696 1776 1780 2858 
7778 1696 2858 1780 2538 
7779 672 642 731 2923 
7780 2567 2687 2923 672 
7781 2567 672 2923 642 
7782 2687 2567 2923 2924 
7783 2568 2688 2924 2687 
7784 2568 2687 2924 2567 
7785 2688 2568 2924 2925 
7786 2569 2689 2925 2688 
7787 2569 2688 2925 2568 
7788 2689 2569 2925 2926 
7789 2570 2690 2926 2689 
7790 2570 2689 2926 2569 
7791 2690 2570 2926 1793 
7792 1704 1734 1793 2690 
7793 1704 2690 1793 2570 
7794 642 672 736 2943 
7795 2687 2567 2943 672 
7796 672 642 2567 2943 
7797 2567 2687 2943 2944 
7798 2688 2568 2944 2687 
7799 2687 2567 2568 2944 
7800 2568 2688 2944 2945 
7801 2689 2569 2945 2688 
7802 2688 2568 2569 2945 
7803 2569 2689 2945 2946 
7804 2690 2570 2946 2689 
7805 2689 2569 2570 2946 
7806 2570 2690 2946 1798 
7807 1734 1704 1798 2690 
7808 2690 2570 1704 1798 
7809 640 724 726 2903 
7810 2895 2559 2903 640 
7811 2895 640 2903 724 
7812 2559 2895 2903 2904 
7813 2896 2560 2904 2559 
7814 2896 2559 2904 2895 
7815 2560 2896 2904 2905 
7816 2897 2561 2905 2560 
7817 2897 2560 2905 2896 
7818 2561 2897 2905 2906 
7819 2898 2562 2906 2561 
7820 2898 2561 2906 2897 
7821 2562 2898 2906 1788 
7822 1786 1702 1788 2562 
7823 1786 2562 1788 2898 
7824 683 730 732 2927 
7825 2919 2731 2927 683 
7826 2919 683 2927 730 
7827 2731 2919 2927 2928 
7828 2920 2732 2928 2731 
7829 2920 2731 2928 2919 
7830 2732 2920 2928 2929 
7831 2921 2733 2929 2732 
7832 2921 2732 2929 2920 
7833 2733 2921 2929 2930 
7834 2922 2734 2930 2733 
7835 2922 2733 2930 2921 
7836 2734 2922 2930 1794 
7837 1792 1745 1794 2734 
7838 1792 2734 1794 2922 
7839 730 638 732 2927 
7840 2551 2919 2927 730 
7841 2551 730 2927 638 
7842 2919 2551 2927 2928 
7843 2552 2920 2928 2919 
7844 2552 2919 2928 2551 
7845 2920 2552 2928 2929 
7846 2553 2921 2929 2920 
7847 2553 2920 2929 2552 
7848 2921 2553 2929 2930 
7849 2554 2922 2930 2921 
7850 2554 2921 2930 2553 
7851 2922 2554 2930 1794 
7852 1700 1792 1794 2922 
7853 1700 2922 1794 2554 
7854 632 670 725 2899 
7855 2679 2527 2899 632 
7856 2679 632 2899 670 
7857 2527 2679 2899 2900 
7858 2680 2528 2900 2527 
7859 2680 2527 2900 2679 
7860 2528 2680 2900 2901 
7861 2681 2529 2901 2528 
7862 2681 2528 2901 2680 
7863 2529 2681 2901 2902 
7864 2682 2530 2902 2529 
7865 2682 2529 2902 2681 
7866 2530 2682 2902 1787 
7867 1732 1694 1787 2530 
7868 1732 2530 1787 2682 
7869 744 687 745 2979 
7870 2747 2975 2979 744 
7871 2747 744 2979 687 
7872 2975 2747 2979 2980 
7873 2748 2976 2980 2975 
7874 2748 2975 2980 2747 
7875 2976 2748 2980 2981 
7876 2749 2977 2981 2976 
7877 2749 2976 2981 2748 
7878 2977 2749 2981 2982 
7879 2750 2978 2982 2977 
7880 2750 2977 2982 2749 
7881 2978 2750 2982 1807 
7882 1749 1806 1807 2978 
7883 1749 2978 1807 2750 
7884 687 688 745 2979 
7885 2751 2747 2979 687 
7886 2751 687 2979 688 
7887 2747 2751 2979 2980 
7888 2752 2748 2980 2747 
7889 2752 2747 2980 2751 
7890 2748 2752 2980 2981 
7891 2753 2749 2981 2748 
7892 2753 2748 2981 2752 
7893 2749 2753 2981 2982 
7894 2754 2750 2982 2749 
7895 2754 2749 2982 2753 
7896 2750 2754 2982 1807 
7897 1750 1749 1807 2750 
7898 1750 2750 1807 2754 
7899 670 632 729 2915 
7900 2527 2679 2915 632 
7901 632 670 2679 2915 
7902 2679 2527 2915 2916 
7903 2528 2680 2916 2527 
7904 2527 2679 2680 2916 
7905 2680 2528 2916 2917 
7906 2529 2681 2917 2528 
7907 2528 2680 2681 2917 
7908 2681 2529 2917 2918 
7909 2530 2682 2918 2529 
7910 2529 2681 2682 2918 
7911 2682 2530 2918 1791 
7912 1694 1732 1791 2530 
7913 2530 2682 1732 1791 
7914 145 144 753 3011 
7915 1386 1390 3011 145 
7916 1386 145 3011 144 
7917 1390 1386 3011 3012 
7918 1387 1391 3012 1390 
7919 1387 1390 3012 1386 
7920 1391 1387 3012 3013 
7921 1388 1392 3013 1391 
7922 1388 1391 3013 1387 
7923 1392 1388 3013 3014 
7924 1389 1393 3014 1392 
7925 1389 1392 3014 1388 
7926 1393 1389 3014 1815 
7927 359 360 1815 1393 
7928 359 1393 1815 1389 
7929 641 695 737 2947 
7930 2779 2563 2947 641 
7931 2779 641 2947 695 
7932 2563 2779 2947 2948 
7933 2780 2564 2948 2563 
7934 2780 2563 2948 2779 
7935 2564 2780 2948 2949 
7936 2781 2565 2949 2564 
7937 2781 2564 2949 2780 
7938 2565 2781 2949 2950 
7939 2782 2566 2950 2565 
7940 2782 2565 2950 2781 
7941 2566 2782 2950 1799 
7942 1757 1703 1799 2566 
7943 1757 2566 1799 2782 
7944 695 641 735 2939 
7945 2563 2779 2939 641 
7946 641 695 2779 2939 
7947 2779 2563 2939 2940 
7948 2564 2780 2940 2563 
7949 2563 2779 2780 2940 
7950 2780 2564 2940 2941 
7951 2565 2781 2941 2564 
7952 2564 2780 2781 2941 
7953 2781 2565 2941 2942 
7954 2566 2782 2942 2565 
7955 2565 2781 2782 2942 
7956 2782 2566 2942 1797 
7957 1703 1757 1797 2566 
7958 2566 2782 1757 1797 
7959 145 666 712 2847 
7960 2663 1390 2847 666 
7961 666 145 1390 2847 
7962 1390 2663 2847 2848 
7963 2664 1391 2848 2663 
7964 2663 1390 1391 2848 
7965 1391 2664 2848 2849 
7966 2665 1392 2849 2664 
7967 2664 1391 1392 2849 
7968 1392 2665 2849 2850 
7969 2666 1393 2850 2665 
7970 2665 1392 1393 2850 
7971 1393 2666 2850 1774 
7972 1728 360 1774 2666 
7973 2666 1393 360 1774 
7974 678 709 710 2839 
7975 2835 2711 2839 678 
7976 2835 678 2839 709 
7977 2711 2835 2839 2840 
7978 2836 2712 2840 2711 
7979 2836 2711 2840 2835 
7980 2712 2836 2840 2841 
7981 2837 2713 2841 2712 
7982 2837 2712 2841 2836 
7983 2713 2837 2841 2842 
7984 2838 2714 2842 2713 
7985 2838 2713 2842 2837 
7986 2714 2838 2842 1772 
7987 1771 1740 1772 2714 
7988 1771 2714 1772 2838 
7989 722 636 727 2907 
7990 2543 2887 2907 722 
7991 2543 722 2907 636 
7992 2887 2543 2907 2908 
7993 2544 2888 2908 2887 
7994 2544 2887 2908 2543 
7995 2888 2544 2908 2909 
7996 2545 2889 2909 2888 
7997 2545 2888 2909 2544 
7998 2889 2545 2909 2910 
7999 2546 2890 2910 2889 
8000 2546 2889 2910 2545 
8001 2890 2546 2910 1789 
8002 1698 1784 1789 2890 
8003 1698 2890 1789 2546 
8004 709 633 710 2839 
8005 2531 2835 2839 709 
8006 2531 709 2839 633 
8007 2835 2531 2839 2840 
8008 2532 2836 2840 2835 
8009 2532 2835 2840 2531 
8010 2836 2532 2840 2841 
8011 2533 2837 2841 2836 
8012 2533 2836 2841 2532 
8013 2837 2533 2841 2842 
8014 2534 2838 2842 2837 
8015 2534 2837 2842 2533 
8016 2838 2534 2842 1772 
8017 1695 1771 1772 2838 
8018 1695 2838 1772 2534 
8019 669 702 715 2859 
8020 2807 2675 2859 669 
8021 2807 669 2859 702 
8022 2675 2807 2859 2860 
8023 2808 2676 2860 2675 
8024 2808 2675 2860 2807 
8025 2676 2808 2860 2861 
8026 2809 2677 2861 2676 
8027 2809 2676 2861 2808 
8028 2677 2809 2861 2862 
8029 2810 2678 2862 2677 
8030 2810 2677 2862 2809 
8031 2678 2810 2862 1777 
8032 1764 1731 1777 2678 
8033 1764 2678 1777 2810 
8034 697 643 738 2951 
8035 2571 2787 2951 697 
8036 2571 697 2951 643 
8037 2787 2571 2951 2952 
8038 2572 2788 2952 2787 
8039 2572 2787 2952 2571 
8040 2788 2572 2952 2953 
8041 2573 2789 2953 2788 
8042 2573 2788 2953 2572 
8043 2789 2573 2953 2954 
8044 2574 2790 2954 2789 
8045 2574 2789 2954 2573 
8046 2790 2574 2954 1800 
8047 1705 1759 1800 2790 
8048 1705 2790 1800 2574 
8049 644 693 740 2959 
8050 2771 2575 2959 644 
8051 2771 644 2959 693 
8052 2575 2771 2959 2960 
8053 2772 2576 2960 2575 
8054 2772 2575 2960 2771 
8055 2576 2772 2960 2961 
8056 2773 2577 2961 2576 
8057 2773 2576 2961 2772 
8058 2577 2773 2961 2962 
8059 2774 2578 2962 2577 
8060 2774 2577 2962 2773 
8061 2578 2774 2962 1802 
8062 1755 1706 1802 2578 
8063 1755 2578 1802 2774 
8064 643 697 741 2963 
8065 2787 2571 2963 697 
8066 697 643 2571 2963 
8067 2571 2787 2963 2964 
8068 2788 2572 2964 2787 
8069 2787 2571 2572 2964 
8070 2572 2788 2964 2965 
8071 2789 2573 2965 2788 
8072 2788 2572 2573 2965 
8073 2573 2789 2965 2966 
8074 2790 2574 2966 2789 
8075 2789 2573 2574 2966 
8076 2574 2790 2966 1803 
8077 1759 1705 1803 2790 
8078 2790 2574 1705 1803 
8079 693 644 742 2967 
8080 2575 2771 2967 644 
8081 644 693 2771 2967 
8082 2771 2575 2967 2968 
8083 2576 2772 2968 2575 
8084 2575 2771 2772 2968 
8085 2772 2576 2968 2969 
8086 2577 2773 2969 2576 
8087 2576 2772 2773 2969 
8088 2773 2577 2969 2970 
8089 2578 2774 2970 2577 
8090 2577 2773 2774 2970 
8091 2774 2578 2970 1804 
8092 1706 1755 1804 2578 
8093 2578 2774 1755 1804 
8094 712 666 728 2911 
8095 2663 2847 2911 666 
8096 666 712 2847 2911 
8097 2847 2663 2911 2912 
8098 2664 2848 2912 2663 
8099 2663 2847 2848 2912 
8100 2848 2664 2912 2913 
8101 2665 2849 2913 2664 
8102 2664 2848 2849 2913 
8103 2849 2665 2913 2914 
8104 2666 2850 2914 2665 
8105 2665 2849 2850 2914 
8106 2850 2666 2914 1790 
8107 1728 1774 1790 2666 
8108 2666 2850 1774 1790 
8109 699 722 727 2907 
8110 2887 2795 2907 699 
8111 2887 699 2907 722 
8112 2795 2887 2907 2908 
8113 2888 2796 2908 2795 
8114 2888 2795 2908 2887 
8115 2796 2888 2908 2909 
8116 2889 2797 2909 2796 
8117 2889 2796 2909 2888 
8118 2797 2889 2909 2910 
8119 2890 2798 2910 2797 
8120 2890 2797 2910 2889 
8121 2798 2890 2910 1789 
8122 1784 1761 1789 2798 
8123 1784 2798 1789 2890 
8124 633 681 710 2839 
8125 2723 2531 2839 633 
8126 2723 633 2839 681 
8127 2531 2723 2839 2840 
8128 2724 2532 2840 2531 
8129 2724 2531 2840 2723 
8130 2532 2724 2840 2841 
8131 2725 2533 2841 2532 
8132 2725 2532 2841 2724 
8133 2533 2725 2841 2842 
8134 2726 2534 2842 2533 
8135 2726 2533 2842 2725 
8136 2534 2726 2842 1772 
8137 1743 1695 1772 2534 
8138 1743 2534 1772 2726 
8139 635 699 720 2879 
8140 2795 2539 2879 635 
8141 2795 635 2879 699 
8142 2539 2795 2879 2880 
8143 2796 2540 2880 2539 
8144 2796 2539 2880 2795 
8145 2540 2796 2880 2881 
8146 2797 2541 2881 2540 
8147 2797 2540 2881 2796 
8148 2541 2797 2881 2882 
8149 2798 2542 2882 2541 
8150 2798 2541 2882 2797 
8151 2542 2798 2882 1782 
8152 1761 1697 1782 2542 
8153 1761 2542 1782 2798 
8154 699 635 722 2887 
8155 2539 2795 2887 635 
8156 635 699 2795 2887 
8157 2795 2539 2887 2888 
8158 2540 2796 2888 2539 
8159 2539 2795 2796 2888 
8160 2796 2540 2888 2889 
8161 2541 2797 2889 2540 
8162 2540 2796 2797 2889 
8163 2797 2541 2889 2890 
8164 2542 2798 2890 2541 
8165 2541 2797 2798 2890 
8166 2798 2542 2890 1784 
8167 1697 1761 1784 2542 
8168 2542 2798 1761 1784 
8169 645 685 739 2955 
8170 2739 2579 2955 645 
8171 2739 645 2955 685 
8172 2579 2739 2955 2956 
8173 2740 2580 2956 2579 
8174 2740 2579 2956 2739 
8175 2580 2740 2956 2957 
8176 2741 2581 2957 2580 
8177 2741 2580 2957 2740 
8178 2581 2741 2957 2958 
8179 2742 2582 2958 2581 
8180 2742 2581 2958 2741 
8181 2582 2742 2958 1801 
8182 1747 1707 1801 2582 
8183 1747 2582 1801 2742 
8184 685 645 743 2971 
8185 2579 2739 2971 645 
8186 645 685 2739 2971 
8187 2739 2579 2971 2972 
8188 2580 2740 2972 2579 
8189 2579 2739 2740 2972 
8190 2740 2580 2972 2973 
8191 2581 2741 2973 2580 
8192 2580 2740 2741 2973 
8193 2741 2581 2973 2974 
8194 2582 2742 2974 2581 
8195 2581 2741 2742 2974 
8196 2742 2582 2974 1805 
8197 1707 1747 1805 2582 
8198 2582 2742 1747 1805 
8199 681 633 714 2855 
8200 2531 2723 2855 633 
8201 633 681 2723 2855 
8202 2723 2531 2855 2856 
8203 2532 2724 2856 2531 
8204 2531 2723 2724 2856 
8205 2724 2532 2856 2857 
8206 2533 2725 2857 2532 
8207 2532 2724 2725 2857 
8208 2725 2533 2857 2858 
8209 2534 2726 2858 2533 
8210 2533 2725 2726 2858 
8211 2726 2534 2858 1776 
8212 1695 1743 1776 2534 
8213 2534 2726 1743 1776 
8214 634 701 718 2871 
8215 2803 2535 2871 634 
8216 2803 634 2871 701 
8217 2535 2803 2871 2872 
8218 2804 2536 2872 2535 
8219 2804 2535 2872 2803 
8220 2536 2804 2872 2873 
8221 2805 2537 2873 2536 
8222 2805 2536 2873 2804 
8223 2537 2805 2873 2874 
8224 2806 2538 2874 2537 
8225 2806 2537 2874 2805 
8226 2538 2806 2874 1780 
8227 1763 1696 1780 2538 
8228 1763 2538 1780 2806 
8229 701 634 719 2875 
8230 2535 2803 2875 634 
8231 634 701 2803 2875 
8232 2803 2535 2875 2876 
8233 2536 2804 2876 2535 
8234 2535 2803 2804 2876 
8235 2804 2536 2876 2877 
8236 2537 2805 2877 2536 
8237 2536 2804 2805 2877 
8238 2805 2537 2877 2878 
8239 2538 2806 2878 2537 
8240 2537 2805 2806 2878 
8241 2806 2538 2878 1781 
8242 1696 1763 1781 2538 
8243 2538 2806 1763 1781 
8244 687 645 739 2955 
8245 2579 2747 2955 645 
8246 645 687 2747 2955 
8247 2747 2579 2955 2956 
8248 2580 2748 2956 2579 
8249 2579 2747 2748 2956 
8250 2748 2580 2956 2957 
8251 2581 2749 2957 2580 
8252 2580 2748 2749 2957 
8253 2749 2581 2957 2958 
8254 2582 2750 2958 2581 
8255 2581 2749 2750 2958 
8256 2750 2582 2958 1801 
8257 1707 1749 1801 2582 
8258 2582 2750 1749 1801 
8259 645 687 744 2747 
8260 2747 2579 2975 645 
8261 2747 645 2975 744 
8262 2579 2747 2975 2748 
8263 2748 2580 2976 2579 
8264 2748 2579 2976 2975 
8265 2580 2748 2976 2749 
8266 2749 2581 2977 2580 
8267 2749 2580 2977 2976 
8268 2581 2749 2977 2750 
8269 2750 2582 2978 2581 
8270 2750 2581 2978 2977 
8271 2582 2750 2978 1749 
8272 1749 1707 1806 2582 
8273 1749 2582 1806 2978 
8274 674 706 707 2827 
8275 2823 2695 2827 674 
8276 2823 674 2827 706 
8277 2695 2823 2827 2828 
8278 2824 2696 2828 2695 
8279 2824 2695 2828 2823 
8280 2696 2824 2828 2829 
8281 2825 2697 2829 2696 
8282 2825 2696 2829 2824 
8283 2697 2825 2829 2830 
8284 2826 2698 2830 2697 
8285 2826 2697 2830 2825 
8286 2698 2826 2830 1769 
8287 1768 1736 1769 2698 
8288 1768 2698 1769 2826 
8289 706 631 707 2827 
8290 2523 2823 2827 706 
8291 2523 706 2827 631 
8292 2823 2523 2827 2828 
8293 2524 2824 2828 2823 
8294 2524 2823 2828 2523 
8295 2824 2524 2828 2829 
8296 2525 2825 2829 2824 
8297 2525 2824 2829 2524 
8298 2825 2525 2829 2830 
8299 2526 2826 2830 2825 
8300 2526 2825 2830 2525 
8301 2826 2526 2830 1769 
8302 1693 1768 1769 2826 
8303 1693 2826 1769 2526 
8304 631 678 707 2827 
8305 2711 2523 2827 631 
8306 2711 631 2827 678 
8307 2523 2711 2827 2828 
8308 2712 2524 2828 2523 
8309 2712 2523 2828 2711 
8310 2524 2712 2828 2829 
8311 2713 2525 2829 2524 
8312 2713 2524 2829 2712 
8313 2525 2713 2829 2830 
8314 2714 2526 2830 2525 
8315 2714 2525 2830 2713 
8316 2526 2714 2830 1769 
8317 1740 1693 1769 2526 
8318 1740 2526 1769 2714 
8319 643 688 738 2951 
8320 2751 2571 2951 643 
8321 2751 643 2951 688 
8322 2571 2751 2951 2952 
8323 2752 2572 2952 2571 
8324 2752 2571 2952 2751 
8325 2572 2752 2952 2953 
8326 2753 2573 2953 2572 
8327 2753 2572 2953 2752 
8328 2573 2753 2953 2954 
8329 2754 2574 2954 2573 
8330 2754 2573 2954 2753 
8331 2574 2754 2954 1800 
8332 1750 1705 1800 2574 
8333 1750 2574 1800 2754 
8334 702 669 747 2987 
8335 2675 2807 2987 669 
8336 669 702 2807 2987 
8337 2807 2675 2987 2988 
8338 2676 2808 2988 2675 
8339 2675 2807 2808 2988 
8340 2808 2676 2988 2989 
8341 2677 2809 2989 2676 
8342 2676 2808 2809 2989 
8343 2809 2677 2989 2990 
8344 2678 2810 2990 2677 
8345 2677 2809 2810 2990 
8346 2810 2678 2990 1809 
8347 1731 1764 1809 2678 
8348 2678 2810 1764 1809 
8349 688 643 745 2979 
8350 2571 2751 2979 643 
8351 643 688 2751 2979 
8352 2751 2571 2979 2980 
8353 2572 2752 2980 2571 
8354 2571 2751 2752 2980 
8355 2752 2572 2980 2981 
8356 2573 2753 2981 2572 
8357 2572 2752 2753 2981 
8358 2753 2573 2981 2982 
8359 2574 2754 2982 2573 
8360 2573 2753 2754 2982 
8361 2754 2574 2982 1807 
8362 1705 1750 1807 2574 
8363 2574 2754 1750 1807 
8364 685 644 740 2959 
8365 2575 2739 2959 685 
8366 2575 685 2959 644 
8367 2739 2575 2959 2960 
8368 2576 2740 2960 2739 
8369 2576 2739 2960 2575 
8370 2740 2576 2960 2961 
8371 2577 2741 2961 2740 
8372 2577 2740 2961 2576 
8373 2741 2577 2961 2962 
8374 2578 2742 2962 2741 
8375 2578 2741 2962 2577 
8376 2742 2578 2962 1802 
8377 1706 1747 1802 2742 
8378 1706 2742 1802 2578 
8379 632 667 724 2667 
8380 2667 2527 2895 632 
8381 2667 632 2895 724 
8382 2527 2667 2895 2668 
8383 2668 2528 2896 2527 
8384 2668 2527 2896 2895 
8385 2528 2668 2896 2669 
8386 2669 2529 2897 2528 
8387 2669 2528 2897 2896 
8388 2529 2669 2897 2670 
8389 2670 2530 2898 2529 
8390 2670 2529 2898 2897 
8391 2530 2670 2898 1729 
8392 1729 1694 1786 2530 
8393 1729 2530 1786 2898 
8394 644 685 743 2971 
8395 2739 2575 2971 685 
8396 685 644 2575 2971 
8397 2575 2739 2971 2972 
8398 2740 2576 2972 2739 
8399 2739 2575 2576 2972 
8400 2576 2740 2972 2973 
8401 2741 2577 2973 2740 
8402 2740 2576 2577 2973 
8403 2577 2741 2973 2974 
8404 2742 2578 2974 2741 
8405 2741 2577 2578 2974 
8406 2578 2742 2974 1805 
8407 1747 1706 1805 2742 
8408 2742 2578 1706 1805 
8409 678 631 709 2835 
8410 2523 2711 2835 631 
8411 631 678 2711 2835 
8412 2711 2523 2835 2836 
8413 2524 2712 2836 2523 
8414 2523 2711 2712 2836 
8415 2712 2524 2836 2837 
8416 2525 2713 2837 2524 
8417 2524 2712 2713 2837 
8418 2713 2525 2837 2838 
8419 2526 2714 2838 2525 
8420 2525 2713 2714 2838 
8421 2714 2526 2838 1771 
8422 1693 1740 1771 2526 
8423 2526 2714 1740 1771 
8424 667 632 725 2899 
8425 2527 2667 2899 632 
8426 632 667 2667 2899 
8427 2667 2527 2899 2900 
8428 2528 2668 2900 2527 
8429 2527 2667 2668 2900 
8430 2668 2528 2900 2901 
8431 2529 2669 2901 2528 
8432 2528 2668 2669 2901 
8433 2669 2529 2901 2902 
8434 2530 2670 2902 2529 
8435 2529 2669 2670 2902 
8436 2670 2530 2902 1787 
8437 1694 1729 1787 2530 
8438 2530 2670 1729 1787 
8439 630 674 704 2815 
8440 2695 2519 2815 630 
8441 2695 630 2815 674 
8442 2519 2695 2815 2816 
8443 2696 2520 2816 2519 
8444 2696 2519 2816 2695 
8445 2520 2696 2816 2817 
8446 2697 2521 2817 2520 
8447 2697 2520 2817 2696 
8448 2521 2697 2817 2818 
8449 2698 2522 2818 2521 
8450 2698 2521 2818 2697 
8451 2522 2698 2818 1766 
8452 1736 1692 1766 2522 
8453 1736 2522 1766 2698 
8454 668 628 669 2675 
8455 2511 2671 2675 668 
8456 2511 668 2675 628 
8457 2671 2511 2675 2676 
8458 2512 2672 2676 2671 
8459 2512 2671 2676 2511 
8460 2672 2512 2676 2677 
8461 2513 2673 2677 2672 
8462 2513 2672 2677 2512 
8463 2673 2513 2677 2678 
8464 2514 2674 2678 2673 
8465 2514 2673 2678 2513 
8466 2674 2514 2678 1731 
8467 1690 1730 1731 2674 
8468 1690 2674 1731 2514 
8469 666 637 728 2911 
8470 2547 2663 2911 666 
8471 2547 666 2911 637 
8472 2663 2547 2911 2912 
8473 2548 2664 2912 2663 
8474 2548 2663 2912 2547 
8475 2664 2548 2912 2913 
8476 2549 2665 2913 2664 
8477 2549 2664 2913 2548 
8478 2665 2549 2913 2914 
8479 2550 2666 2914 2665 
8480 2550 2665 2914 2549 
8481 2666 2550 2914 1790 
8482 1699 1728 1790 2666 
8483 1699 2666 1790 2550 
8484 693 642 736 2943 
8485 2567 2771 2943 693 
8486 2567 693 2943 642 
8487 2771 2567 2943 2944 
8488 2568 2772 2944 2771 
8489 2568 2771 2944 2567 
8490 2772 2568 2944 2945 
8491 2569 2773 2945 2772 
8492 2569 2772 2945 2568 
8493 2773 2569 2945 2946 
8494 2570 2774 2946 2773 
8495 2570 2773 2946 2569 
8496 2774 2570 2946 1798 
8497 1704 1755 1798 2774 
8498 1704 2774 1798 2570 
8499 641 697 735 2939 
8500 2787 2563 2939 641 
8501 2787 641 2939 697 
8502 2563 2787 2939 2940 
8503 2788 2564 2940 2563 
8504 2788 2563 2940 2787 
8505 2564 2788 2940 2941 
8506 2789 2565 2941 2564 
8507 2789 2564 2941 2788 
8508 2565 2789 2941 2942 
8509 2790 2566 2942 2565 
8510 2790 2565 2942 2789 
8511 2566 2790 2942 1797 
8512 1759 1703 1797 2566 
8513 1759 2566 1797 2790 
8514 642 693 742 2967 
8515 2771 2567 2967 693 
8516 693 642 2567 2967 
8517 2567 2771 2967 2968 
8518 2772 2568 2968 2771 
8519 2771 2567 2568 2968 
8520 2568 2772 2968 2969 
8521 2773 2569 2969 2772 
8522 2772 2568 2569 2969 
8523 2569 2773 2969 2970 
8524 2774 2570 2970 2773 
8525 2773 2569 2570 2970 
8526 2570 2774 2970 1804 
8527 1755 1704 1804 2774 
8528 2774 2570 1704 1804 
8529 697 641 741 2963 
8530 2563 2787 2963 641 
8531 641 697 2787 2963 
8532 2787 2563 2963 2964 
8533 2564 2788 2964 2563 
8534 2563 2787 2788 2964 
8535 2788 2564 2964 2965 
8536 2565 2789 2965 2564 
8537 2564 2788 2789 2965 
8538 2789 2565 2965 2966 
8539 2566 2790 2966 2565 
8540 2565 2789 2790 2966 
8541 2790 2566 2966 1803 
8542 1703 1759 1803 2566 
8543 2566 2790 1759 1803 
8544 628 668 670 2679 
8545 2671 2511 2679 668 
8546 668 628 2511 2679 
8547 2511 2671 2679 2680 
8548 2672 2512 2680 2671 
8549 2671 2511 2512 2680 
8550 2512 2672 2680 2681 
8551 2673 2513 2681 2672 
8552 2672 2512 2513 2681 
8553 2513 2673 2681 2682 
8554 2674 2514 2682 2673 
8555 2673 2513 2514 2682 
8556 2514 2674 2682 1732 
8557 1730 1690 1732 2674 
8558 2674 2514 1690 1732 
8559 672 640 726 2903 
8560 2559 2687 2903 672 
8561 2559 672 2903 640 
8562 2687 2559 2903 2904 
8563 2560 2688 2904 2687 
8564 2560 2687 2904 2559 
8565 2688 2560 2904 2905 
8566 2561 2689 2905 2688 
8567 2561 2688 2905 2560 
8568 2689 2561 2905 2906 
8569 2562 2690 2906 2689 
8570 2562 2689 2906 2561 
8571 2690 2562 2906 1788 
8572 1702 1734 1788 2690 
8573 1702 2690 1788 2562 
8574 639 695 733 2931 
8575 2779 2555 2931 639 
8576 2779 639 2931 695 
8577 2555 2779 2931 2932 
8578 2780 2556 2932 2555 
8579 2780 2555 2932 2779 
8580 2556 2780 2932 2933 
8581 2781 2557 2933 2556 
8582 2781 2556 2933 2780 
8583 2557 2781 2933 2934 
8584 2782 2558 2934 2557 
8585 2782 2557 2934 2781 
8586 2558 2782 2934 1795 
8587 1757 1701 1795 2558 
8588 1757 2558 1795 2782 
8589 143 142 721 2883 
8590 1378 1382 2883 143 
8591 1378 143 2883 142 
8592 1382 1378 2883 2884 
8593 1379 1383 2884 1382 
8594 1379 1382 2884 1378 
8595 1383 1379 2884 2885 
8596 1380 1384 2885 1383 
8597 1380 1383 2885 1379 
8598 1384 1380 2885 2886 
8599 1381 1385 2886 1384 
8600 1381 1384 2886 1380 
8601 1385 1381 2886 1783 
8602 357 358 1783 1385 
8603 357 1385 1783 1381 
8604 674 630 706 2823 
8605 2519 2695 2823 630 
8606 630 674 2695 2823 
8607 2695 2519 2823 2824 
8608 2520 2696 2824 2519 
8609 2519 2695 2696 2824 
8610 2696 2520 2824 2825 
8611 2521 2697 2825 2520 
8612 2520 2696 2697 2825 
8613 2697 2521 2825 2826 
8614 2522 2698 2826 2521 
8615 2521 2697 2698 2826 
8616 2698 2522 2826 1768 
8617 1692 1736 1768 2522 
8618 2522 2698 1736 1768 
8619 143 721 723 2891 
8620 2883 1382 2891 143 
8621 2883 143 2891 721 
8622 1382 2883 2891 2892 
8623 2884 1383 2892 1382 
8624 2884 1382 2892 2883 
8625 1383 2884 2892 2893 
8626 2885 1384 2893 1383 
8627 2885 1383 2893 2884 
8628 1384 2885 2893 2894 
8629 2886 1385 2894 1384 
8630 2886 1384 2894 2885 
8631 1385 2886 2894 1785 
8632 1783 358 1785 1385 
8633 1783 1385 1785 2886 
8634 695 639 737 2947 
8635 2555 2779 2947 639 
8636 639 695 2779 2947 
8637 2779 2555 2947 2948 
8638 2556 2780 2948 2555 
8639 2555 2779 2780 2948 
8640 2780 2556 2948 2949 
8641 2557 2781 2949 2556 
8642 2556 2780 2781 2949 
8643 2781 2557 2949 2950 
8644 2558 2782 2950 2557 
8645 2557 2781 2782 2950 
8646 2782 2558 2950 1799 
8647 1701 1757 1799 2558 
8648 2558 2782 1757 1799 
8649 629 676 679 2715 
8650 2703 2515 2715 629 
8651 2703 629 2715 676 
8652 2515 2703 2715 2716 
8653 2704 2516 2716 2515 
8654 2704 2515 2716 2703 
8655 2516 2704 2716 2717 
8656 2705 2517 2717 2516 
8657 2705 2516 2717 2704 
8658 2517 2705 2717 2718 
8659 2706 2518 2718 2517 
8660 2706 2517 2718 2705 
8661 2518 2706 2718 1741 
8662 1738 1691 1741 2518 
8663 1738 2518 1741 2706 
8664 640 672 731 2923 
8665 2687 2559 2923 672 
8666 672 640 2559 2923 
8667 2559 2687 2923 2924 
8668 2688 2560 2924 2687 
8669 2687 2559 2560 2924 
8670 2560 2688 2924 2925 
8671 2689 2561 2925 2688 
8672 2688 2560 2561 2925 
8673 2561 2689 2925 2926 
8674 2690 2562 2926 2689 
8675 2689 2561 2562 2926 
8676 2562 2690 2926 1793 
8677 1734 1702 1793 2690 
8678 2690 2562 1702 1793 
8679 637 683 728 2911 
8680 2731 2547 2911 637 
8681 2731 637 2911 683 
8682 2547 2731 2911 2912 
8683 2732 2548 2912 2547 
8684 2732 2547 2912 2731 
8685 2548 2732 2912 2913 
8686 2733 2549 2913 2548 
8687 2733 2548 2913 2732 
8688 2549 2733 2913 2914 
8689 2734 2550 2914 2549 
8690 2734 2549 2914 2733 
8691 2550 2734 2914 1790 
8692 1745 1699 1790 2550 
8693 1745 2550 1790 2734 
8694 703 630 704 2815 
8695 2519 2811 2815 703 
8696 2519 703 2815 630 
8697 2811 2519 2815 2816 
8698 2520 2812 2816 2811 
8699 2520 2811 2816 2519 
8700 2812 2520 2816 2817 
8701 2521 2813 2817 2812 
8702 2521 2812 2817 2520 
8703 2813 2521 2817 2818 
8704 2522 2814 2818 2813 
8705 2522 2813 2818 2521 
8706 2814 2522 2818 1766 
8707 1692 1765 1766 2814 
8708 1692 2814 1766 2522 
8709 638 691 732 2927 
8710 2763 2551 2927 638 
8711 2763 638 2927 691 
8712 2551 2763 2927 2928 
8713 2764 2552 2928 2551 
8714 2764 2551 2928 2763 
8715 2552 2764 2928 2929 
8716 2765 2553 2929 2552 
8717 2765 2552 2929 2764 
8718 2553 2765 2929 2930 
8719 2766 2554 2930 2553 
8720 2766 2553 2930 2765 
8721 2554 2766 2930 1794 
8722 1753 1700 1794 2554 
8723 1753 2554 1794 2766 
8724 676 703 704 2815 
8725 2811 2703 2815 676 
8726 2811 676 2815 703 
8727 2703 2811 2815 2816 
8728 2812 2704 2816 2703 
8729 2812 2703 2816 2811 
8730 2704 2812 2816 2817 
8731 2813 2705 2817 2704 
8732 2813 2704 2817 2812 
8733 2705 2813 2817 2818 
8734 2814 2706 2818 2705 
8735 2814 2705 2818 2813 
8736 2706 2814 2818 1766 
8737 1765 1738 1766 2706 
8738 1765 2706 1766 2814 
8739 691 638 734 2935 
8740 2551 2763 2935 638 
8741 638 691 2763 2935 
8742 2763 2551 2935 2936 
8743 2552 2764 2936 2551 
8744 2551 2763 2764 2936 
8745 2764 2552 2936 2937 
8746 2553 2765 2937 2552 
8747 2552 2764 2765 2937 
8748 2765 2553 2937 2938 
8749 2554 2766 2938 2553 
8750 2553 2765 2766 2938 
8751 2766 2554 2938 1796 
8752 1700 1753 1796 2554 
8753 2554 2766 1753 1796 
8754 142 141 717 2867 
8755 1374 1378 2867 142 
8756 1374 142 2867 141 
8757 1378 1374 2867 2868 
8758 1375 1379 2868 1378 
8759 1375 1378 2868 1374 
8760 1379 1375 2868 2869 
8761 1376 1380 2869 1379 
8762 1376 1379 2869 1375 
8763 1380 1376 2869 2870 
8764 1377 1381 2870 1380 
8765 1377 1380 2870 1376 
8766 1381 1377 2870 1779 
8767 356 357 1779 1381 
8768 356 1381 1779 1377 
8769 683 637 730 2919 
8770 2547 2731 2919 637 
8771 637 683 2731 2919 
8772 2731 2547 2919 2920 
8773 2548 2732 2920 2547 
8774 2547 2731 2732 2920 
8775 2732 2548 2920 2921 
8776 2549 2733 2921 2548 
8777 2548 2732 2733 2921 
8778 2733 2549 2921 2922 
8779 2550 2734 2922 2549 
8780 2549 2733 2734 2922 
8781 2734 2550 2922 1792 
8782 1699 1745 1792 2550 
8783 2550 2734 1745 1792 
8784 676 629 703 2811 
8785 2515 2703 2811 629 
8786 629 676 2703 2811 
8787 2703 2515 2811 2812 
8788 2516 2704 2812 2515 
8789 2515 2703 2704 2812 
8790 2704 2516 2812 2813 
8791 2517 2705 2813 2516 
8792 2516 2704 2705 2813 
8793 2705 2517 2813 2814 
8794 2518 2706 2814 2517 
8795 2517 2705 2706 2814 
8796 2706 2518 2814 1765 
8797 1691 1738 1765 2518 
8798 2518 2706 1738 1765 
8799 143 723 753 3011 
8800 2891 1382 3011 143 
8801 2891 143 3011 723 
8802 1382 2891 3011 3012 
8803 2892 1383 3012 1382 
8804 2892 1382 3012 2891 
8805 1383 2892 3012 3013 
8806 2893 1384 3013 1383 
8807 2893 1383 3013 2892 
8808 1384 2893 3013 3014 
8809 2894 1385 3014 1384 
8810 2894 1384 3014 2893 
8811 1385 2894 3014 1815 
8812 1785 358 1815 1385 
8813 1785 1385 1815 2894 
8814 142 717 721 2883 
8815 2867 1378 2883 142 
8816 2867 142 2883 717 
8817 1378 2867 2883 2884 
8818 2868 1379 2884 1378 
8819 2868 1378 2884 2867 
8820 1379 2868 2884 2885 
8821 2869 1380 2885 1379 
8822 2869 1379 2885 2868 
8823 1380 2869 2885 2886 
8824 2870 1381 2886 1380 
8825 2870 1380 2886 2869 
8826 1381 2870 2886 1783 
8827 1779 357 1783 1381 
8828 1779 1381 1783 2870 
8829 629 679 716 2863 
8830 2715 2515 2863 629 
8831 2715 629 2863 679 
8832 2515 2715 2863 2864 
8833 2716 2516 2864 2515 
8834 2716 2515 2864 2715 
8835 2516 2716 2864 2865 
8836 2717 2517 2865 2516 
8837 2717 2516 2865 2716 
8838 2517 2717 2865 2866 
8839 2718 2518 2866 2517 
8840 2718 2517 2866 2717 
8841 2518 2718 2866 1778 
8842 1741 1691 1778 2518 
8843 1741 2518 1778 2718 
8844 144 143 753 3011 
8845 1382 1386 3011 144 
8846 1382 144 3011 143 
8847 1386 1382 3011 3012 
8848 1383 1387 3012 1386 
8849 1383 1386 3012 1382 
8850 1387 1383 3012 3013 
8851 1384 1388 3013 1387 
8852 1384 1387 3013 1383 
8853 1388 1384 3013 3014 
8854 1385 1389 3014 1388 
8855 1385 1388 3014 1384 
8856 1389 1385 3014 1815 
8857 358 359 1815 1389 
8858 358 1389 1815 1385 
8859 715 702 727 2907 
8860 2807 2859 2907 702 
8861 702 715 2859 2907 
8862 2859 2807 2907 2908 
8863 2808 2860 2908 2807 
8864 2807 2859 2860 2908 
8865 2860 2808 2908 2909 
8866 2809 2861 2909 2808 
8867 2808 2860 2861 2909 
8868 2861 2809 2909 2910 
8869 2810 2862 2910 2809 
8870 2809 2861 2862 2910 
8871 2862 2810 2910 1789 
8872 1764 1777 1789 2810 
8873 2810 2862 1777 1789 
8874 674 673 704 2815 
8875 2691 2695 2815 674 
8876 2691 674 2815 673 
8877 2695 2691 2815 2816 
8878 2692 2696 2816 2695 
8879 2692 2695 2816 2691 
8880 2696 2692 2816 2817 
8881 2693 2697 2817 2696 
8882 2693 2696 2817 2692 
8883 2697 2693 2817 2818 
8884 2694 2698 2818 2697 
8885 2694 2697 2818 2693 
8886 2698 2694 2818 1766 
8887 1735 1736 1766 2698 
8888 1735 2698 1766 2694 
8889 655 712 728 2911 
8890 2847 2619 2911 655 
8891 2847 655 2911 712 
8892 2619 2847 2911 2912 
8893 2848 2620 2912 2619 
8894 2848 2619 2912 2847 
8895 2620 2848 2912 2913 
8896 2849 2621 2913 2620 
8897 2849 2620 2913 2848 
8898 2621 2849 2913 2914 
8899 2850 2622 2914 2621 
8900 2850 2621 2914 2849 
8901 2622 2850 2914 1790 
8902 1774 1717 1790 2622 
8903 1774 2622 1790 2850 
8904 141 140 713 2851 
8905 1370 1374 2851 141 
8906 1370 141 2851 140 
8907 1374 1370 2851 2852 
8908 1371 1375 2852 1374 
8909 1371 1374 2852 1370 
8910 1375 1371 2852 2853 
8911 1372 1376 2853 1375 
8912 1372 1375 2853 1371 
8913 1376 1372 2853 2854 
8914 1373 1377 2854 1376 
8915 1373 1376 2854 1372 
8916 1377 1373 2854 1775 
8917 355 356 1775 1377 
8918 355 1377 1775 1373 
8919 220 15 748 2991 
8920 15 220 2992 2991 
8921 220 15 2992 2993 
8922 15 220 2994 2993 
8923 220 15 2994 1810 
8924 141 713 717 2867 
8925 2851 1374 2867 141 
8926 2851 141 2867 713 
8927 1374 2851 2867 2868 
8928 2852 1375 2868 1374 
8929 2852 1374 2868 2851 
8930 1375 2852 2868 2869 
8931 2853 1376 2869 1375 
8932 2853 1375 2869 2852 
8933 1376 2853 2869 2870 
8934 2854 1377 2870 1376 
8935 2854 1376 2870 2853 
8936 1377 2854 2870 1779 
8937 1775 356 1779 1377 
8938 1775 1377 1779 2854 
8939 11 165 656 2623 
8940 1470 439 2623 11 
8941 1470 11 2623 165 
8942 439 1470 2623 2624 
8943 1471 440 2624 439 
8944 1471 439 2624 1470 
8945 440 1471 2624 2625 
8946 1472 441 2625 440 
8947 1472 440 2625 1471 
8948 441 1472 2625 2626 
8949 1473 442 2626 441 
8950 1473 441 2626 1472 
8951 442 1473 2626 1718 
8952 380 23 1718 442 
8953 380 442 1718 1473 
8954 671 662 672 2687 
8955 2647 2683 2687 671 
8956 2647 671 2687 662 
8957 2683 2647 2687 2688 
8958 2648 2684 2688 2683 
8959 2648 2683 2688 2647 
8960 2684 2648 2688 2689 
8961 2649 2685 2689 2684 
8962 2649 2684 2689 2648 
8963 2685 2649 2689 2690 
8964 2650 2686 2690 2685 
8965 2650 2685 2690 2649 
8966 2686 2650 2690 1734 
8967 1724 1733 1734 2686 
8968 1724 2686 1734 2650 
8969 164 662 671 2647 
8970 2647 1466 2683 164 
8971 2647 164 2683 671 
8972 1466 2647 2683 2648 
8973 2648 1467 2684 1466 
8974 2648 1466 2684 2683 
8975 1467 2648 2684 2649 
8976 2649 1468 2685 1467 
8977 2649 1467 2685 2684 
8978 1468 2649 2685 2650 
8979 2650 1469 2686 1468 
8980 2650 1468 2686 2685 
8981 1469 2650 2686 1724 
8982 1724 379 1733 1469 
8983 1724 1469 1733 2686 
8984 15 219 748 2991 
8985 1686 15 2991 219 
8986 1687 15 2992 1686 
8987 1686 2991 15 2992 
8988 15 1687 2992 2993 
8989 1688 15 2993 1687 
8990 1689 15 2994 1688 
8991 1688 2993 15 2994 
8992 15 1689 2994 1810 
8993 434 15 1810 1689 
8994 11 656 657 2627 
8995 2623 439 2627 11 
8996 2623 11 2627 656 
8997 439 2623 2627 2628 
8998 2624 440 2628 439 
8999 2624 439 2628 2623 
9000 440 2624 2628 2629 
9001 2625 441 2629 440 
9002 2625 440 2629 2624 
9003 441 2625 2629 2630 
9004 2626 442 2630 441 
9005 2626 441 2630 2625 
9006 442 2626 2630 1719 
9007 1718 23 1719 442 
9008 1718 442 1719 2626 
9009 140 139 711 2843 
9010 1366 1370 2843 140 
9011 1366 140 2843 139 
9012 1370 1366 2843 2844 
9013 1367 1371 2844 1370 
9014 1367 1370 2844 1366 
9015 1371 1367 2844 2845 
9016 1368 1372 2845 1371 
9017 1368 1371 2845 1367 
9018 1372 1368 2845 2846 
9019 1369 1373 2846 1372 
9020 1369 1372 2846 1368 
9021 1373 1369 2846 1773 
9022 354 355 1773 1373 
9023 354 1373 1773 1369 
9024 676 675 679 2715 
9025 2699 2703 2715 676 
9026 2699 676 2715 675 
9027 2703 2699 2715 2716 
9028 2700 2704 2716 2703 
9029 2700 2703 2716 2699 
9030 2704 2700 2716 2717 
9031 2701 2705 2717 2704 
9032 2701 2704 2717 2700 
9033 2705 2701 2717 2718 
9034 2702 2706 2718 2705 
9035 2702 2705 2718 2701 
9036 2706 2702 2718 1741 
9037 1737 1738 1741 2706 
9038 1737 2706 1741 2702 
9039 178 648 673 2691 
9040 2591 1522 2691 178 
9041 2591 178 2691 648 
9042 1522 2591 2691 2692 
9043 2592 1523 2692 1522 
9044 2592 1522 2692 2591 
9045 1523 2592 2692 2693 
9046 2593 1524 2693 1523 
9047 2593 1523 2693 2592 
9048 1524 2593 2693 2694 
9049 2594 1525 2694 1524 
9050 2594 1524 2694 2593 
9051 1525 2594 2694 1735 
9052 1710 393 1735 1525 
9053 1710 1525 1735 2594 
9054 180 649 677 2707 
9055 2595 1530 2707 180 
9056 2595 180 2707 649 
9057 1530 2595 2707 2708 
9058 2596 1531 2708 1530 
9059 2596 1530 2708 2595 
9060 1531 2596 2708 2709 
9061 2597 1532 2709 1531 
9062 2597 1531 2709 2596 
9063 1532 2597 2709 2710 
9064 2598 1533 2710 1532 
9065 2598 1532 2710 2597 
9066 1533 2598 2710 1739 
9067 1711 395 1739 1533 
9068 1711 1533 1739 2598 
9069 176 647 675 2699 
9070 2587 1514 2699 176 
9071 2587 176 2699 647 
9072 1514 2587 2699 2700 
9073 2588 1515 2700 1514 
9074 2588 1514 2700 2587 
9075 1515 2588 2700 2701 
9076 2589 1516 2701 1515 
9077 2589 1515 2701 2588 
9078 1516 2589 2701 2702 
9079 2590 1517 2702 1516 
9080 2590 1516 2702 2589 
9081 1517 2590 2702 1737 
9082 1709 391 1737 1517 
9083 1709 1517 1737 2590 
9084 675 647 679 2715 
9085 2587 2699 2715 647 
9086 647 675 2699 2715 
9087 2699 2587 2715 2716 
9088 2588 2700 2716 2587 
9089 2587 2699 2700 2716 
9090 2700 2588 2716 2717 
9091 2589 2701 2717 2588 
9092 2588 2700 2701 2717 
9093 2701 2589 2717 2718 
9094 2590 2702 2718 2589 
9095 2589 2701 2702 2718 
9096 2702 2590 2718 1741 
9097 1709 1737 1741 2590 
9098 2590 2702 1737 1741 
9099 673 648 704 2815 
9100 2591 2691 2815 648 
9101 648 673 2691 2815 
9102 2691 2591 2815 2816 
9103 2592 2692 2816 2591 
9104 2591 2691 2692 2816 
9105 2692 2592 2816 2817 
9106 2593 2693 2817 2592 
9107 2592 2692 2693 2817 
9108 2693 2593 2817 2818 
9109 2594 2694 2818 2593 
9110 2593 2693 2694 2818 
9111 2694 2594 2818 1766 
9112 1710 1735 1766 2594 
9113 2594 2694 1735 1766 
9114 146 145 712 2847 
9115 1390 1394 2847 146 
9116 1390 146 2847 145 
9117 1394 1390 2847 2848 
9118 1391 1395 2848 1394 
9119 1391 1394 2848 1390 
9120 1395 1391 2848 2849 
9121 1392 1396 2849 1395 
9122 1392 1395 2849 1391 
9123 1396 1392 2849 2850 
9124 1393 1397 2850 1396 
9125 1393 1396 2850 1392 
9126 1397 1393 2850 1774 
9127 360 361 1774 1397 
9128 360 1397 1774 1393 
9129 648 675 676 2699 
9130 2699 2591 2703 648 
9131 2699 648 2703 676 
9132 2591 2699 2703 2700 
9133 2700 2592 2704 2591 
9134 2700 2591 2704 2703 
9135 2592 2700 2704 2701 
9136 2701 2593 2705 2592 
9137 2701 2592 2705 2704 
9138 2593 2701 2705 2702 
9139 2702 2594 2706 2593 
9140 2702 2593 2706 2705 
9141 2594 2702 2706 1737 
9142 1737 1710 1738 2594 
9143 1737 2594 1738 2706 
9144 650 677 678 2711 
9145 2707 2599 2711 650 
9146 2707 650 2711 677 
9147 2599 2707 2711 2712 
9148 2708 2600 2712 2599 
9149 2708 2599 2712 2707 
9150 2600 2708 2712 2713 
9151 2709 2601 2713 2600 
9152 2709 2600 2713 2708 
9153 2601 2709 2713 2714 
9154 2710 2602 2714 2601 
9155 2710 2601 2714 2709 
9156 2602 2710 2714 1740 
9157 1739 1712 1740 2602 
9158 1739 2602 1740 2710 
9159 649 673 674 2691 
9160 2691 2595 2695 649 
9161 2691 649 2695 674 
9162 2595 2691 2695 2692 
9163 2692 2596 2696 2595 
9164 2692 2595 2696 2695 
9165 2596 2692 2696 2693 
9166 2693 2597 2697 2596 
9167 2693 2596 2697 2696 
9168 2597 2693 2697 2694 
9169 2694 2598 2698 2597 
9170 2694 2597 2698 2697 
9171 2598 2694 2698 1735 
9172 1735 1711 1736 2598 
9173 1735 2598 1736 2698 
9174 156 663 689 2755 
9175 2651 1434 2755 156 
9176 2651 156 2755 663 
9177 1434 2651 2755 2756 
9178 2652 1435 2756 1434 
9179 2652 1434 2756 2651 
9180 1435 2652 2756 2757 
9181 2653 1436 2757 1435 
9182 2653 1435 2757 2652 
9183 1436 2653 2757 2758 
9184 2654 1437 2758 1436 
9185 2654 1436 2758 2653 
9186 1437 2654 2758 1751 
9187 1725 371 1751 1437 
9188 1725 1437 1751 2654 
9189 659 682 683 2731 
9190 2727 2635 2731 659 
9191 2727 659 2731 682 
9192 2635 2727 2731 2732 
9193 2728 2636 2732 2635 
9194 2728 2635 2732 2727 
9195 2636 2728 2732 2733 
9196 2729 2637 2733 2636 
9197 2729 2636 2733 2728 
9198 2637 2729 2733 2734 
9199 2730 2638 2734 2637 
9200 2730 2637 2734 2729 
9201 2638 2730 2734 1745 
9202 1744 1721 1745 2638 
9203 1744 2638 1745 2730 
9204 182 650 680 2719 
9205 2599 1538 2719 182 
9206 2599 182 2719 650 
9207 1538 2599 2719 2720 
9208 2600 1539 2720 1538 
9209 2600 1538 2720 2599 
9210 1539 2600 2720 2721 
9211 2601 1540 2721 1539 
9212 2601 1539 2721 2600 
9213 1540 2601 2721 2722 
9214 2602 1541 2722 1540 
9215 2602 1540 2722 2601 
9216 1541 2602 2722 1742 
9217 1712 397 1742 1541 
9218 1712 1541 1742 2602 
9219 652 680 681 2723 
9220 2719 2607 2723 652 
9221 2719 652 2723 680 
9222 2607 2719 2723 2724 
9223 2720 2608 2724 2607 
9224 2720 2607 2724 2719 
9225 2608 2720 2724 2725 
9226 2721 2609 2725 2608 
9227 2721 2608 2725 2720 
9228 2609 2721 2725 2726 
9229 2722 2610 2726 2609 
9230 2722 2609 2726 2721 
9231 2610 2722 2726 1743 
9232 1742 1714 1743 2610 
9233 1742 2610 1743 2722 
9234 14 213 637 2547 
9235 1662 451 2547 14 
9236 1662 14 2547 213 
9237 451 1662 2547 2548 
9238 1663 452 2548 451 
9239 1663 451 2548 1662 
9240 452 1663 2548 2549 
9241 1664 453 2549 452 
9242 1664 452 2549 1663 
9243 453 1664 2549 2550 
9244 1665 454 2550 453 
9245 1665 453 2550 1664 
9246 454 1665 2550 1699 
9247 428 26 1699 454 
9248 428 454 1699 1665 
9249 11 657 658 2631 
9250 2627 439 2631 11 
9251 2627 11 2631 657 
9252 439 2627 2631 2632 
9253 2628 440 2632 439 
9254 2628 439 2632 2627 
9255 440 2628 2632 2633 
9256 2629 441 2633 440 
9257 2629 440 2633 2628 
9258 441 2629 2633 2634 
9259 2630 442 2634 441 
9260 2630 441 2634 2629 
9261 442 2630 2634 1720 
9262 1719 23 1720 442 
9263 1719 442 1720 2630 
9264 649 179 673 2691 
9265 1526 2595 2691 649 
9266 1526 649 2691 179 
9267 2595 1526 2691 2692 
9268 1527 2596 2692 2595 
9269 1527 2595 2692 1526 
9270 2596 1527 2692 2693 
9271 1528 2597 2693 2596 
9272 1528 2596 2693 1527 
9273 2597 1528 2693 2694 
9274 1529 2598 2694 2597 
9275 1529 2597 2694 1528 
9276 2598 1529 2694 1735 
9277 394 1711 1735 2598 
9278 394 2598 1735 1529 
9279 650 181 677 2707 
9280 1534 2599 2707 650 
9281 1534 650 2707 181 
9282 2599 1534 2707 2708 
9283 1535 2600 2708 2599 
9284 1535 2599 2708 1534 
9285 2600 1535 2708 2709 
9286 1536 2601 2709 2600 
9287 1536 2600 2709 1535 
9288 2601 1536 2709 2710 
9289 1537 2602 2710 2601 
9290 1537 2601 2710 1536 
9291 2602 1537 2710 1739 
9292 396 1712 1739 2602 
9293 396 2602 1739 1537 
9294 648 177 675 2699 
9295 1518 2591 2699 648 
9296 1518 648 2699 177 
9297 2591 1518 2699 2700 
9298 1519 2592 2700 2591 
9299 1519 2591 2700 1518 
9300 2592 1519 2700 2701 
9301 1520 2593 2701 2592 
9302 1520 2592 2701 1519 
9303 2593 1520 2701 2702 
9304 1521 2594 2702 2593 
9305 1521 2593 2702 1520 
9306 2594 1521 2702 1737 
9307 392 1710 1737 2594 
9308 392 2594 1737 1521 
9309 659 149 682 2727 
9310 1406 2635 2727 659 
9311 1406 659 2727 149 
9312 2635 1406 2727 2728 
9313 1407 2636 2728 2635 
9314 1407 2635 2728 1406 
9315 2636 1407 2728 2729 
9316 1408 2637 2729 2636 
9317 1408 2636 2729 1407 
9318 2637 1408 2729 2730 
9319 1409 2638 2730 2637 
9320 1409 2637 2730 1408 
9321 2638 1409 2730 1744 
9322 364 1721 1744 2638 
9323 364 2638 1744 1409 
9324 684 665 685 2739 
9325 2659 2735 2739 684 
9326 2659 684 2739 665 
9327 2735 2659 2739 2740 
9328 2660 2736 2740 2735 
9329 2660 2735 2740 2659 
9330 2736 2660 2740 2741 
9331 2661 2737 2741 2736 
9332 2661 2736 2741 2660 
9333 2737 2661 2741 2742 
9334 2662 2738 2742 2737 
9335 2662 2737 2742 2661 
9336 2738 2662 2742 1747 
9337 1727 1746 1747 2738 
9338 1727 2738 1747 2662 
9339 649 674 707 2827 
9340 2695 2595 2827 649 
9341 2695 649 2827 674 
9342 2595 2695 2827 2828 
9343 2696 2596 2828 2595 
9344 2696 2595 2828 2695 
9345 2596 2696 2828 2829 
9346 2697 2597 2829 2596 
9347 2697 2596 2829 2696 
9348 2597 2697 2829 2830 
9349 2698 2598 2830 2597 
9350 2698 2597 2830 2697 
9351 2598 2698 2830 1769 
9352 1736 1711 1769 2598 
9353 1736 2598 1769 2698 
9354 182 181 650 1534 
9355 1534 1538 2599 182 
9356 1534 182 2599 650 
9357 1538 1534 2599 1535 
9358 1535 1539 2600 1538 
9359 1535 1538 2600 2599 
9360 1539 1535 2600 1536 
9361 1536 1540 2601 1539 
9362 1536 1539 2601 2600 
9363 1540 1536 2601 1537 
9364 1537 1541 2602 1540 
9365 1537 1540 2602 2601 
9366 1541 1537 2602 396 
9367 396 397 1712 1541 
9368 396 1541 1712 2602 
9369 176 175 647 2587 
9370 1510 1514 2587 176 
9371 1510 176 2587 175 
9372 1514 1510 2587 2588 
9373 1511 1515 2588 1514 
9374 1511 1514 2588 1510 
9375 1515 1511 2588 2589 
9376 1512 1516 2589 1515 
9377 1512 1515 2589 1511 
9378 1516 1512 2589 2590 
9379 1513 1517 2590 1516 
9380 1513 1516 2590 1512 
9381 1517 1513 2590 1709 
9382 390 391 1709 1517 
9383 390 1517 1709 1513 
9384 178 177 648 1518 
9385 1518 1522 2591 178 
9386 1518 178 2591 648 
9387 1522 1518 2591 1519 
9388 1519 1523 2592 1522 
9389 1519 1522 2592 2591 
9390 1523 1519 2592 1520 
9391 1520 1524 2593 1523 
9392 1520 1523 2593 2592 
9393 1524 1520 2593 1521 
9394 1521 1525 2594 1524 
9395 1521 1524 2594 2593 
9396 1525 1521 2594 392 
9397 392 393 1710 1525 
9398 392 1525 1710 2594 
9399 180 179 649 1526 
9400 1526 1530 2595 180 
9401 1526 180 2595 649 
9402 1530 1526 2595 1527 
9403 1527 1531 2596 1530 
9404 1527 1530 2596 2595 
9405 1531 1527 2596 1528 
9406 1528 1532 2597 1531 
9407 1528 1531 2597 2596 
9408 1532 1528 2597 1529 
9409 1529 1533 2598 1532 
9410 1529 1532 2598 2597 
9411 1533 1529 2598 394 
9412 394 395 1711 1533 
9413 394 1533 1711 2598 
9414 654 698 699 2795 
9415 2791 2615 2795 654 
9416 2791 654 2795 698 
9417 2615 2791 2795 2796 
9418 2792 2616 2796 2615 
9419 2792 2615 2796 2791 
9420 2616 2792 2796 2797 
9421 2793 2617 2797 2616 
9422 2793 2616 2797 2792 
9423 2617 2793 2797 2798 
9424 2794 2618 2798 2617 
9425 2794 2617 2798 2793 
9426 2618 2794 2798 1761 
9427 1760 1716 1761 2618 
9428 1760 2618 1761 2794 
9429 157 156 689 2755 
9430 1434 1438 2755 157 
9431 1434 157 2755 156 
9432 1438 1434 2755 2756 
9433 1435 1439 2756 1438 
9434 1435 1438 2756 1434 
9435 1439 1435 2756 2757 
9436 1436 1440 2757 1439 
9437 1436 1439 2757 1435 
9438 1440 1436 2757 2758 
9439 1437 1441 2758 1440 
9440 1437 1440 2758 1436 
9441 1441 1437 2758 1751 
9442 371 372 1751 1441 
9443 371 1441 1751 1437 
9444 150 659 690 2759 
9445 2635 1410 2759 150 
9446 2635 150 2759 659 
9447 1410 2635 2759 2760 
9448 2636 1411 2760 1410 
9449 2636 1410 2760 2635 
9450 1411 2636 2760 2761 
9451 2637 1412 2761 1411 
9452 2637 1411 2761 2636 
9453 1412 2637 2761 2762 
9454 2638 1413 2762 1412 
9455 2638 1412 2762 2637 
9456 1413 2638 2762 1752 
9457 1721 365 1752 1413 
9458 1721 1413 1752 2638 
9459 160 665 684 2659 
9460 2659 1450 2735 160 
9461 2659 160 2735 684 
9462 1450 2659 2735 2660 
9463 2660 1451 2736 1450 
9464 2660 1450 2736 2735 
9465 1451 2660 2736 2661 
9466 2661 1452 2737 1451 
9467 2661 1451 2737 2736 
9468 1452 2661 2737 2662 
9469 2662 1453 2738 1452 
9470 2662 1452 2738 2737 
9471 1453 2662 2738 1727 
9472 1727 375 1746 1453 
9473 1727 1453 1746 2738 
9474 665 159 686 2743 
9475 1446 2659 2743 665 
9476 1446 665 2743 159 
9477 2659 1446 2743 2744 
9478 1447 2660 2744 2659 
9479 1447 2659 2744 1446 
9480 2660 1447 2744 2745 
9481 1448 2661 2745 2660 
9482 1448 2660 2745 1447 
9483 2661 1448 2745 2746 
9484 1449 2662 2746 2661 
9485 1449 2661 2746 1448 
9486 2662 1449 2746 1748 
9487 374 1727 1748 2662 
9488 374 2662 1748 1449 
9489 662 163 692 2767 
9490 1462 2647 2767 662 
9491 1462 662 2767 163 
9492 2647 1462 2767 2768 
9493 1463 2648 2768 2647 
9494 1463 2647 2768 1462 
9495 2648 1463 2768 2769 
9496 1464 2649 2769 2648 
9497 1464 2648 2769 1463 
9498 2649 1464 2769 2770 
9499 1465 2650 2770 2649 
9500 1465 2649 2770 1464 
9501 2650 1465 2770 1754 
9502 378 1724 1754 2650 
9503 378 2650 1754 1465 
9504 154 661 696 2783 
9505 2643 1426 2783 154 
9506 2643 154 2783 661 
9507 1426 2643 2783 2784 
9508 2644 1427 2784 1426 
9509 2644 1426 2784 2643 
9510 1427 2644 2784 2785 
9511 2645 1428 2785 1427 
9512 2645 1427 2785 2644 
9513 1428 2645 2785 2786 
9514 2646 1429 2786 1428 
9515 2646 1428 2786 2645 
9516 1429 2646 2786 1758 
9517 1723 369 1758 1429 
9518 1723 1429 1758 2646 
9519 152 660 694 2775 
9520 2639 1418 2775 152 
9521 2639 152 2775 660 
9522 1418 2639 2775 2776 
9523 2640 1419 2776 1418 
9524 2640 1418 2776 2639 
9525 1419 2640 2776 2777 
9526 2641 1420 2777 1419 
9527 2641 1419 2777 2640 
9528 1420 2641 2777 2778 
9529 2642 1421 2778 1420 
9530 2642 1420 2778 2641 
9531 1421 2642 2778 1756 
9532 1722 367 1756 1421 
9533 1722 1421 1756 2642 
9534 195 194 632 2527 
9535 1586 1590 2527 195 
9536 1586 195 2527 194 
9537 1590 1586 2527 2528 
9538 1587 1591 2528 1590 
9539 1587 1590 2528 1586 
9540 1591 1587 2528 2529 
9541 1588 1592 2529 1591 
9542 1588 1591 2529 1587 
9543 1592 1588 2529 2530 
9544 1589 1593 2530 1592 
9545 1589 1592 2530 1588 
9546 1593 1589 2530 1694 
9547 409 410 1694 1593 
9548 409 1593 1694 1589 
9549 148 655 682 2727 
9550 2619 1402 2727 148 
9551 2619 148 2727 655 
9552 1402 2619 2727 2728 
9553 2620 1403 2728 1402 
9554 2620 1402 2728 2619 
9555 1403 2620 2728 2729 
9556 2621 1404 2729 1403 
9557 2621 1403 2729 2620 
9558 1404 2621 2729 2730 
9559 2622 1405 2730 1404 
9560 2622 1404 2730 2621 
9561 1405 2622 2730 1744 
9562 1717 363 1744 1405 
9563 1717 1405 1744 2622 
9564 184 652 700 2799 
9565 2607 1546 2799 184 
9566 2607 184 2799 652 
9567 1546 2607 2799 2800 
9568 2608 1547 2800 1546 
9569 2608 1546 2800 2607 
9570 1547 2608 2800 2801 
9571 2609 1548 2801 1547 
9572 2609 1547 2801 2608 
9573 1548 2609 2801 2802 
9574 2610 1549 2802 1548 
9575 2610 1548 2802 2609 
9576 1549 2610 2802 1762 
9577 1714 399 1762 1549 
9578 1714 1549 1762 2610 
9579 654 187 698 2791 
9580 1558 2615 2791 654 
9581 1558 654 2791 187 
9582 2615 1558 2791 2792 
9583 1559 2616 2792 2615 
9584 1559 2615 2792 1558 
9585 2616 1559 2792 2793 
9586 1560 2617 2793 2616 
9587 1560 2616 2793 1559 
9588 2617 1560 2793 2794 
9589 1561 2618 2794 2617 
9590 1561 2617 2794 1560 
9591 2618 1561 2794 1760 
9592 402 1716 1760 2618 
9593 402 2618 1760 1561 
9594 148 147 655 2619 
9595 1398 1402 2619 148 
9596 1398 148 2619 147 
9597 1402 1398 2619 2620 
9598 1399 1403 2620 1402 
9599 1399 1402 2620 1398 
9600 1403 1399 2620 2621 
9601 1400 1404 2621 1403 
9602 1400 1403 2621 1399 
9603 1404 1400 2621 2622 
9604 1401 1405 2622 1404 
9605 1401 1404 2622 1400 
9606 1405 1401 2622 1717 
9607 362 363 1717 1405 
9608 362 1405 1717 1401 
9609 686 646 687 2747 
9610 2583 2743 2747 686 
9611 2583 686 2747 646 
9612 2743 2583 2747 2748 
9613 2584 2744 2748 2743 
9614 2584 2743 2748 2583 
9615 2744 2584 2748 2749 
9616 2585 2745 2749 2744 
9617 2585 2744 2749 2584 
9618 2745 2585 2749 2750 
9619 2586 2746 2750 2745 
9620 2586 2745 2750 2585 
9621 2746 2586 2750 1749 
9622 1708 1748 1749 2746 
9623 1708 2746 1749 2586 
9624 660 690 691 2763 
9625 2759 2639 2763 660 
9626 2759 660 2763 690 
9627 2639 2759 2763 2764 
9628 2760 2640 2764 2639 
9629 2760 2639 2764 2759 
9630 2640 2760 2764 2765 
9631 2761 2641 2765 2640 
9632 2761 2640 2765 2760 
9633 2641 2761 2765 2766 
9634 2762 2642 2766 2641 
9635 2762 2641 2766 2761 
9636 2642 2762 2766 1753 
9637 1752 1722 1753 2642 
9638 1752 2642 1753 2762 
9639 661 694 695 2779 
9640 2775 2643 2779 661 
9641 2775 661 2779 694 
9642 2643 2775 2779 2780 
9643 2776 2644 2780 2643 
9644 2776 2643 2780 2775 
9645 2644 2776 2780 2781 
9646 2777 2645 2781 2644 
9647 2777 2644 2781 2776 
9648 2645 2777 2781 2782 
9649 2778 2646 2782 2645 
9650 2778 2645 2782 2777 
9651 2646 2778 2782 1757 
9652 1756 1723 1757 2646 
9653 1756 2646 1757 2778 
9654 692 664 693 2771 
9655 2655 2767 2771 692 
9656 2655 692 2771 664 
9657 2767 2655 2771 2772 
9658 2656 2768 2772 2767 
9659 2656 2767 2772 2655 
9660 2768 2656 2772 2773 
9661 2657 2769 2773 2768 
9662 2657 2768 2773 2656 
9663 2769 2657 2773 2774 
9664 2658 2770 2774 2769 
9665 2658 2769 2774 2657 
9666 2770 2658 2774 1755 
9667 1726 1754 1755 2770 
9668 1726 2770 1755 2658 
9669 663 696 697 2787 
9670 2783 2651 2787 663 
9671 2783 663 2787 696 
9672 2651 2783 2787 2788 
9673 2784 2652 2788 2651 
9674 2784 2651 2788 2783 
9675 2652 2784 2788 2789 
9676 2785 2653 2789 2652 
9677 2785 2652 2789 2784 
9678 2653 2785 2789 2790 
9679 2786 2654 2790 2653 
9680 2786 2653 2790 2785 
9681 2654 2786 2790 1759 
9682 1758 1725 1759 2654 
9683 1758 2654 1759 2786 
9684 652 183 680 2719 
9685 1542 2607 2719 652 
9686 1542 652 2719 183 
9687 2607 1542 2719 2720 
9688 1543 2608 2720 2607 
9689 1543 2607 2720 1542 
9690 2608 1543 2720 2721 
9691 1544 2609 2721 2608 
9692 1544 2608 2721 1543 
9693 2609 1544 2721 2722 
9694 1545 2610 2722 2609 
9695 1545 2609 2722 1544 
9696 2610 1545 2722 1742 
9697 398 1714 1742 2610 
9698 398 2610 1742 1545 
9699 179 178 673 2691 
9700 1522 1526 2691 179 
9701 1522 179 2691 178 
9702 1526 1522 2691 2692 
9703 1523 1527 2692 1526 
9704 1523 1526 2692 1522 
9705 1527 1523 2692 2693 
9706 1524 1528 2693 1527 
9707 1524 1527 2693 1523 
9708 1528 1524 2693 2694 
9709 1525 1529 2694 1528 
9710 1525 1528 2694 1524 
9711 1529 1525 2694 1735 
9712 393 394 1735 1529 
9713 393 1529 1735 1525 
9714 181 180 677 2707 
9715 1530 1534 2707 181 
9716 1530 181 2707 180 
9717 1534 1530 2707 2708 
9718 1531 1535 2708 1534 
9719 1531 1534 2708 1530 
9720 1535 1531 2708 2709 
9721 1532 1536 2709 1535 
9722 1532 1535 2709 1531 
9723 1536 1532 2709 2710 
9724 1533 1537 2710 1536 
9725 1533 1536 2710 1532 
9726 1537 1533 2710 1739 
9727 395 396 1739 1537 
9728 395 1537 1739 1533 
9729 177 176 675 2699 
9730 1514 1518 2699 177 
9731 1514 177 2699 176 
9732 1518 1514 2699 2700 
9733 1515 1519 2700 1518 
9734 1515 1518 2700 1514 
9735 1519 1515 2700 2701 
9736 1516 1520 2701 1519 
9737 1516 1519 2701 1515 
9738 1520 1516 2701 2702 
9739 1517 1521 2702 1520 
9740 1517 1520 2702 1516 
9741 1521 1517 2702 1737 
9742 391 392 1737 1521 
9743 391 1521 1737 1517 
9744 653 700 701 2803 
9745 2799 2611 2803 653 
9746 2799 653 2803 700 
9747 2611 2799 2803 2804 
9748 2800 2612 2804 2611 
9749 2800 2611 2804 2799 
9750 2612 2800 2804 2805 
9751 2801 2613 2805 2612 
9752 2801 2612 2805 2800 
9753 2613 2801 2805 2806 
9754 2802 2614 2806 2613 
9755 2802 2613 2806 2801 
9756 2614 2802 2806 1763 
9757 1762 1715 1763 2614 
9758 1762 2614 1763 2802 
9759 687 646 688 2751 
9760 2583 2747 2751 646 
9761 646 687 2747 2751 
9762 2747 2583 2751 2752 
9763 2584 2748 2752 2583 
9764 2583 2747 2748 2752 
9765 2748 2584 2752 2753 
9766 2585 2749 2753 2584 
9767 2584 2748 2749 2753 
9768 2749 2585 2753 2754 
9769 2586 2750 2754 2585 
9770 2585 2749 2750 2754 
9771 2750 2586 2754 1750 
9772 1708 1749 1750 2586 
9773 2586 2750 1749 1750 
9774 140 711 713 2851 
9775 2843 1370 2851 140 
9776 2843 140 2851 711 
9777 1370 2843 2851 2852 
9778 2844 1371 2852 1370 
9779 2844 1370 2852 2843 
9780 1371 2844 2852 2853 
9781 2845 1372 2853 1371 
9782 2845 1371 2853 2844 
9783 1372 2845 2853 2854 
9784 2846 1373 2854 1372 
9785 2846 1372 2854 2845 
9786 1373 2846 2854 1775 
9787 1773 355 1775 1373 
9788 1773 1373 1775 2846 
9789 183 182 680 2719 
9790 1538 1542 2719 183 
9791 1538 183 2719 182 
9792 1542 1538 2719 2720 
9793 1539 1543 2720 1542 
9794 1539 1542 2720 1538 
9795 1543 1539 2720 2721 
9796 1540 1544 2721 1543 
9797 1540 1543 2721 1539 
9798 1544 1540 2721 2722 
9799 1541 1545 2722 1544 
9800 1541 1544 2722 1540 
9801 1545 1541 2722 1742 
9802 397 398 1742 1545 
9803 397 1545 1742 1541 
9804 660 151 690 2759 
9805 1414 2639 2759 660 
9806 1414 660 2759 151 
9807 2639 1414 2759 2760 
9808 1415 2640 2760 2639 
9809 1415 2639 2760 1414 
9810 2640 1415 2760 2761 
9811 1416 2641 2761 2640 
9812 1416 2640 2761 1415 
9813 2641 1416 2761 2762 
9814 1417 2642 2762 2641 
9815 1417 2641 2762 1416 
9816 2642 1417 2762 1752 
9817 366 1722 1752 2642 
9818 366 2642 1752 1417 
9819 158 646 686 2583 
9820 2583 1442 2743 158 
9821 2583 158 2743 686 
9822 1442 2583 2743 2584 
9823 2584 1443 2744 1442 
9824 2584 1442 2744 2743 
9825 1443 2584 2744 2585 
9826 2585 1444 2745 1443 
9827 2585 1443 2745 2744 
9828 1444 2585 2745 2586 
9829 2586 1445 2746 1444 
9830 2586 1444 2746 2745 
9831 1445 2586 2746 1708 
9832 1708 373 1748 1445 
9833 1708 1445 1748 2746 
9834 664 161 684 2735 
9835 1454 2655 2735 664 
9836 1454 664 2735 161 
9837 2655 1454 2735 2736 
9838 1455 2656 2736 2655 
9839 1455 2655 2736 1454 
9840 2656 1455 2736 2737 
9841 1456 2657 2737 2656 
9842 1456 2656 2737 1455 
9843 2657 1456 2737 2738 
9844 1457 2658 2738 2657 
9845 1457 2657 2738 1456 
9846 2658 1457 2738 1746 
9847 376 1726 1746 2658 
9848 376 2658 1746 1457 
9849 663 155 696 2783 
9850 1430 2651 2783 663 
9851 1430 663 2783 155 
9852 2651 1430 2783 2784 
9853 1431 2652 2784 2651 
9854 1431 2651 2784 1430 
9855 2652 1431 2784 2785 
9856 1432 2653 2785 2652 
9857 1432 2652 2785 1431 
9858 2653 1432 2785 2786 
9859 1433 2654 2786 2653 
9860 1433 2653 2786 1432 
9861 2654 1433 2786 1758 
9862 370 1725 1758 2654 
9863 370 2654 1758 1433 
9864 661 153 694 2775 
9865 1422 2643 2775 661 
9866 1422 661 2775 153 
9867 2643 1422 2775 2776 
9868 1423 2644 2776 2643 
9869 1423 2643 2776 1422 
9870 2644 1423 2776 2777 
9871 1424 2645 2777 2644 
9872 1424 2644 2777 1423 
9873 2645 1424 2777 2778 
9874 1425 2646 2778 2645 
9875 1425 2645 2778 1424 
9876 2646 1425 2778 1756 
9877 368 1723 1756 2646 
9878 368 2646 1756 1425 
9879 162 664 692 2655 
9880 2655 1458 2767 162 
9881 2655 162 2767 692 
9882 1458 2655 2767 2656 
9883 2656 1459 2768 1458 
9884 2656 1458 2768 2767 
9885 1459 2656 2768 2657 
9886 2657 1460 2769 1459 
9887 2657 1459 2769 2768 
9888 1460 2657 2769 2658 
9889 2658 1461 2770 1460 
9890 2658 1460 2770 2769 
9891 1461 2658 2770 1726 
9892 1726 377 1754 1461 
9893 1726 1461 1754 2770 
9894 186 653 698 2791 
9895 2611 1554 2791 186 
9896 2611 186 2791 653 
9897 1554 2611 2791 2792 
9898 2612 1555 2792 1554 
9899 2612 1554 2792 2611 
9900 1555 2612 2792 2793 
9901 2613 1556 2793 1555 
9902 2613 1555 2793 2612 
9903 1556 2613 2793 2794 
9904 2614 1557 2794 1556 
9905 2614 1556 2794 2613 
9906 1557 2614 2794 1760 
9907 1715 401 1760 1557 
9908 1715 1557 1760 2614 
9909 653 185 700 2799 
9910 1550 2611 2799 653 
9911 1550 653 2799 185 
9912 2611 1550 2799 2800 
9913 1551 2612 2800 2611 
9914 1551 2611 2800 1550 
9915 2612 1551 2800 2801 
9916 1552 2613 2801 2612 
9917 1552 2612 2801 1551 
9918 2613 1552 2801 2802 
9919 1553 2614 2802 2613 
9920 1553 2613 2802 1552 
9921 2614 1553 2802 1762 
9922 400 1715 1762 2614 
9923 400 2614 1762 1553 
9924 160 159 665 1446 
9925 1446 1450 2659 160 
9926 1446 160 2659 665 
9927 1450 1446 2659 1447 
9928 1447 1451 2660 1450 
9929 1447 1450 2660 2659 
9930 1451 1447 2660 1448 
9931 1448 1452 2661 1451 
9932 1448 1451 2661 2660 
9933 1452 1448 2661 1449 
9934 1449 1453 2662 1452 
9935 1449 1452 2662 2661 
9936 1453 1449 2662 374 
9937 374 375 1727 1453 
9938 374 1453 1727 2662 
9939 150 149 659 1406 
9940 1406 1410 2635 150 
9941 1406 150 2635 659 
9942 1410 1406 2635 1407 
9943 1407 1411 2636 1410 
9944 1407 1410 2636 2635 
9945 1411 1407 2636 1408 
9946 1408 1412 2637 1411 
9947 1408 1411 2637 2636 
9948 1412 1408 2637 1409 
9949 1409 1413 2638 1412 
9950 1409 1412 2638 2637 
9951 1413 1409 2638 364 
9952 364 365 1721 1413 
9953 364 1413 1721 2638 
9954 158 157 646 2583 
9955 1438 1442 2583 158 
9956 1438 158 2583 157 
9957 1442 1438 2583 2584 
9958 1439 1443 2584 1442 
9959 1439 1442 2584 1438 
9960 1443 1439 2584 2585 
9961 1440 1444 2585 1443 
9962 1440 1443 2585 1439 
9963 1444 1440 2585 2586 
9964 1441 1445 2586 1444 
9965 1441 1444 2586 1440 
9966 1445 1441 2586 1708 
9967 372 373 1708 1445 
9968 372 1445 1708 1441 
9969 164 163 662 1462 
9970 1462 1466 2647 164 
9971 1462 164 2647 662 
9972 1466 1462 2647 1463 
9973 1463 1467 2648 1466 
9974 1463 1466 2648 2647 
9975 1467 1463 2648 1464 
9976 1464 1468 2649 1467 
9977 1464 1467 2649 2648 
9978 1468 1464 2649 1465 
9979 1465 1469 2650 1468 
9980 1465 1468 2650 2649 
9981 1469 1465 2650 378 
9982 378 379 1724 1469 
9983 378 1469 1724 2650 
9984 162 161 664 1454 
9985 1454 1458 2655 162 
9986 1454 162 2655 664 
9987 1458 1454 2655 1455 
9988 1455 1459 2656 1458 
9989 1455 1458 2656 2655 
9990 1459 1455 2656 1456 
9991 1456 1460 2657 1459 
9992 1456 1459 2657 2656 
9993 1460 1456 2657 1457 
9994 1457 1461 2658 1460 
9995 1457 1460 2658 2657 
9996 1461 1457 2658 376 
9997 376 377 1726 1461 
9998 376 1461 1726 2658 
9999 152 151 660 1414 
10000 1414 1418 2639 152 
10001 1414 152 2639 660 
10002 1418 1414 2639 1415 
10003 1415 1419 2640 1418 
10004 1415 1418 2640 2639 
10005 1419 1415 2640 1416 
10006 1416 1420 2641 1419 
10007 1416 1419 2641 2640 
10008 1420 1416 2641 1417 
10009 1417 1421 2642 1420 
10010 1417 1420 2642 2641 
10011 1421 1417 2642 366 
10012 366 367 1722 1421 
10013 366 1421 1722 2642 
10014 156 155 663 1430 
10015 1430 1434 2651 156 
10016 1430 156 2651 663 
10017 1434 1430 2651 1431 
10018 1431 1435 2652 1434 
10019 1431 1434 2652 2651 
10020 1435 1431 2652 1432 
10021 1432 1436 2653 1435 
10022 1432 1435 2653 2652 
10023 1436 1432 2653 1433 
10024 1433 1437 2654 1436 
10025 1433 1436 2654 2653 
10026 1437 1433 2654 370 
10027 370 371 1725 1437 
10028 370 1437 1725 2654 
10029 154 153 661 1422 
10030 1422 1426 2643 154 
10031 1422 154 2643 661 
10032 1426 1422 2643 1423 
10033 1423 1427 2644 1426 
10034 1423 1426 2644 2643 
10035 1427 1423 2644 1424 
10036 1424 1428 2645 1427 
10037 1424 1427 2645 2644 
10038 1428 1424 2645 1425 
10039 1425 1429 2646 1428 
10040 1425 1428 2646 2645 
10041 1429 1425 2646 368 
10042 368 369 1723 1429 
10043 368 1429 1723 2646 
10044 188 654 702 2807 
10045 2615 1562 2807 188 
10046 2615 188 2807 654 
10047 1562 2615 2807 2808 
10048 2616 1563 2808 1562 
10049 2616 1562 2808 2615 
10050 1563 2616 2808 2809 
10051 2617 1564 2809 1563 
10052 2617 1563 2809 2616 
10053 1564 2617 2809 2810 
10054 2618 1565 2810 1564 
10055 2618 1564 2810 2617 
10056 1565 2618 2810 1764 
10057 1716 403 1764 1565 
10058 1716 1565 1764 2618 
10059 678 677 707 2827 
10060 2707 2711 2827 677 
10061 677 678 2711 2827 
10062 2711 2707 2827 2828 
10063 2708 2712 2828 2707 
10064 2707 2711 2712 2828 
10065 2712 2708 2828 2829 
10066 2709 2713 2829 2708 
10067 2708 2712 2713 2829 
10068 2713 2709 2829 2830 
10069 2710 2714 2830 2709 
10070 2709 2713 2714 2830 
10071 2714 2710 2830 1769 
10072 1739 1740 1769 2710 
10073 2710 2714 1740 1769 
10074 186 185 653 1550 
10075 1550 1554 2611 186 
10076 1550 186 2611 653 
10077 1554 1550 2611 1551 
10078 1551 1555 2612 1554 
10079 1551 1554 2612 2611 
10080 1555 1551 2612 1552 
10081 1552 1556 2613 1555 
10082 1552 1555 2613 2612 
10083 1556 1552 2613 1553 
10084 1553 1557 2614 1556 
10085 1553 1556 2614 2613 
10086 1557 1553 2614 400 
10087 400 401 1715 1557 
10088 400 1557 1715 2614 
10089 191 190 628 2511 
10090 1570 1574 2511 191 
10091 1570 191 2511 190 
10092 1574 1570 2511 2512 
10093 1571 1575 2512 1574 
10094 1571 1574 2512 1570 
10095 1575 1571 2512 2513 
10096 1572 1576 2513 1575 
10097 1572 1575 2513 1571 
10098 1576 1572 2513 2514 
10099 1573 1577 2514 1576 
10100 1573 1576 2514 1572 
10101 1577 1573 2514 1690 
10102 405 406 1690 1577 
10103 405 1577 1690 1573 
10104 188 187 654 1558 
10105 1558 1562 2615 188 
10106 1558 188 2615 654 
10107 1562 1558 2615 1559 
10108 1559 1563 2616 1562 
10109 1559 1562 2616 2615 
10110 1563 1559 2616 1560 
10111 1560 1564 2617 1563 
10112 1560 1563 2617 2616 
10113 1564 1560 2617 1561 
10114 1561 1565 2618 1564 
10115 1561 1564 2618 2617 
10116 1565 1561 2618 402 
10117 402 403 1716 1565 
10118 402 1565 1716 2618 
10119 184 183 652 1542 
10120 1542 1546 2607 184 
10121 1542 184 2607 652 
10122 1546 1542 2607 1543 
10123 1543 1547 2608 1546 
10124 1543 1546 2608 2607 
10125 1547 1543 2608 1544 
10126 1544 1548 2609 1547 
10127 1544 1547 2609 2608 
10128 1548 1544 2609 1545 
10129 1545 1549 2610 1548 
10130 1545 1548 2610 2609 
10131 1549 1545 2610 398 
10132 398 399 1714 1549 
10133 398 1549 1714 2610 
10134 149 148 682 2727 
10135 1402 1406 2727 149 
10136 1402 149 2727 148 
10137 1406 1402 2727 2728 
10138 1403 1407 2728 1406 
10139 1403 1406 2728 1402 
10140 1407 1403 2728 2729 
10141 1404 1408 2729 1407 
10142 1404 1407 2729 1403 
10143 1408 1404 2729 2730 
10144 1405 1409 2730 1408 
10145 1405 1408 2730 1404 
10146 1409 1405 2730 1744 
10147 363 364 1744 1409 
10148 363 1409 1744 1405 
10149 151 150 690 2759 
10150 1410 1414 2759 151 
10151 1410 151 2759 150 
10152 1414 1410 2759 2760 
10153 1411 1415 2760 1414 
10154 1411 1414 2760 1410 
10155 1415 1411 2760 2761 
10156 1412 1416 2761 1415 
10157 1412 1415 2761 1411 
10158 1416 1412 2761 2762 
10159 1413 1417 2762 1416 
10160 1413 1416 2762 1412 
10161 1417 1413 2762 1752 
10162 365 366 1752 1417 
10163 365 1417 1752 1413 
10164 161 160 684 2735 
10165 1450 1454 2735 161 
10166 1450 161 2735 160 
10167 1454 1450 2735 2736 
10168 1451 1455 2736 1454 
10169 1451 1454 2736 1450 
10170 1455 1451 2736 2737 
10171 1452 1456 2737 1455 
10172 1452 1455 2737 1451 
10173 1456 1452 2737 2738 
10174 1453 1457 2738 1456 
10175 1453 1456 2738 1452 
10176 1457 1453 2738 1746 
10177 375 376 1746 1457 
10178 375 1457 1746 1453 
10179 159 158 686 2743 
10180 1442 1446 2743 159 
10181 1442 159 2743 158 
10182 1446 1442 2743 2744 
10183 1443 1447 2744 1446 
10184 1443 1446 2744 1442 
10185 1447 1443 2744 2745 
10186 1444 1448 2745 1447 
10187 1444 1447 2745 1443 
10188 1448 1444 2745 2746 
10189 1445 1449 2746 1448 
10190 1445 1448 2746 1444 
10191 1449 1445 2746 1748 
10192 373 374 1748 1449 
10193 373 1449 1748 1445 
10194 163 162 692 2767 
10195 1458 1462 2767 163 
10196 1458 163 2767 162 
10197 1462 1458 2767 2768 
10198 1459 1463 2768 1462 
10199 1459 1462 2768 1458 
10200 1463 1459 2768 2769 
10201 1460 1464 2769 1463 
10202 1460 1463 2769 1459 
10203 1464 1460 2769 2770 
10204 1461 1465 2770 1464 
10205 1461 1464 2770 1460 
10206 1465 1461 2770 1754 
10207 377 378 1754 1465 
10208 377 1465 1754 1461 
10209 155 154 696 2783 
10210 1426 1430 2783 155 
10211 1426 155 2783 154 
10212 1430 1426 2783 2784 
10213 1427 1431 2784 1430 
10214 1427 1430 2784 1426 
10215 1431 1427 2784 2785 
10216 1428 1432 2785 1431 
10217 1428 1431 2785 1427 
10218 1432 1428 2785 2786 
10219 1429 1433 2786 1432 
10220 1429 1432 2786 1428 
10221 1433 1429 2786 1758 
10222 369 370 1758 1433 
10223 369 1433 1758 1429 
10224 153 152 694 2775 
10225 1418 1422 2775 153 
10226 1418 153 2775 152 
10227 1422 1418 2775 2776 
10228 1419 1423 2776 1422 
10229 1419 1422 2776 1418 
10230 1423 1419 2776 2777 
10231 1420 1424 2777 1423 
10232 1420 1423 2777 1419 
10233 1424 1420 2777 2778 
10234 1421 1425 2778 1424 
10235 1421 1424 2778 1420 
10236 1425 1421 2778 1756 
10237 367 368 1756 1425 
10238 367 1425 1756 1421 
10239 646 157 689 2755 
10240 1438 2583 2755 157 
10241 157 646 2583 2755 
10242 2583 1438 2755 2756 
10243 1439 2584 2756 1438 
10244 1438 2583 2584 2756 
10245 2584 1439 2756 2757 
10246 1440 2585 2757 1439 
10247 1439 2584 2585 2757 
10248 2585 1440 2757 2758 
10249 1441 2586 2758 1440 
10250 1440 2585 2586 2758 
10251 2586 1441 2758 1751 
10252 372 1708 1751 1441 
10253 1441 2586 1708 1751 
10254 187 186 698 2791 
10255 1554 1558 2791 187 
10256 1554 187 2791 186 
10257 1558 1554 2791 2792 
10258 1555 1559 2792 1558 
10259 1555 1558 2792 1554 
10260 1559 1555 2792 2793 
10261 1556 1560 2793 1559 
10262 1556 1559 2793 1555 
10263 1560 1556 2793 2794 
10264 1557 1561 2794 1560 
10265 1557 1560 2794 1556 
10266 1561 1557 2794 1760 
10267 401 402 1760 1561 
10268 401 1561 1760 1557 
10269 185 184 700 2799 
10270 1546 1550 2799 185 
10271 1546 185 2799 184 
10272 1550 1546 2799 2800 
10273 1547 1551 2800 1550 
10274 1547 1550 2800 1546 
10275 1551 1547 2800 2801 
10276 1548 1552 2801 1551 
10277 1548 1551 2801 1547 
10278 1552 1548 2801 2802 
10279 1549 1553 2802 1552 
10280 1549 1552 2802 1548 
10281 1553 1549 2802 1762 
10282 399 400 1762 1553 
10283 399 1553 1762 1549 
10284 165 164 671 2683 
10285 1466 1470 2683 165 
10286 1466 165 2683 164 
10287 1470 1466 2683 2684 
10288 1467 1471 2684 1470 
10289 1467 1470 2684 1466 
10290 1471 1467 2684 2685 
10291 1468 1472 2685 1471 
10292 1468 1471 2685 1467 
10293 1472 1468 2685 2686 
10294 1469 1473 2686 1472 
10295 1469 1472 2686 1468 
10296 1473 1469 2686 1733 
10297 379 380 1733 1473 
10298 379 1473 1733 1469 
10299 189 188 702 2807 
10300 1562 1566 2807 189 
10301 1562 189 2807 188 
10302 1566 1562 2807 2808 
10303 1563 1567 2808 1566 
10304 1563 1566 2808 1562 
10305 1567 1563 2808 2809 
10306 1564 1568 2809 1567 
10307 1564 1567 2809 1563 
10308 1568 1564 2809 2810 
10309 1565 1569 2810 1568 
10310 1565 1568 2810 1564 
10311 1569 1565 2810 1764 
10312 403 404 1764 1569 
10313 403 1569 1764 1565 
10314 669 628 747 2987 
10315 2511 2675 2987 628 
10316 628 669 2675 2987 
10317 2675 2511 2987 2988 
10318 2512 2676 2988 2511 
10319 2511 2675 2676 2988 
10320 2676 2512 2988 2989 
10321 2513 2677 2989 2512 
10322 2512 2676 2677 2989 
10323 2677 2513 2989 2990 
10324 2514 2678 2990 2513 
10325 2513 2677 2678 2990 
10326 2678 2514 2990 1809 
10327 1690 1731 1809 2514 
10328 2514 2678 1731 1809 
10329 650 678 710 2839 
10330 2711 2599 2839 650 
10331 2711 650 2839 678 
10332 2599 2711 2839 2840 
10333 2712 2600 2840 2599 
10334 2712 2599 2840 2711 
10335 2600 2712 2840 2841 
10336 2713 2601 2841 2600 
10337 2713 2600 2841 2712 
10338 2601 2713 2841 2842 
10339 2714 2602 2842 2601 
10340 2714 2601 2842 2713 
10341 2602 2714 2842 1772 
10342 1740 1712 1772 2602 
10343 1740 2602 1772 2714 
10344 688 646 689 2755 
10345 2583 2751 2755 646 
10346 646 688 2751 2755 
10347 2751 2583 2755 2756 
10348 2584 2752 2756 2583 
10349 2583 2751 2752 2756 
10350 2752 2584 2756 2757 
10351 2585 2753 2757 2584 
10352 2584 2752 2753 2757 
10353 2753 2585 2757 2758 
10354 2586 2754 2758 2585 
10355 2585 2753 2754 2758 
10356 2754 2586 2758 1751 
10357 1708 1750 1751 2586 
10358 2586 2754 1750 1751 
10359 658 668 669 2675 
10360 2671 2631 2675 658 
10361 2671 658 2675 668 
10362 2631 2671 2675 2676 
10363 2672 2632 2676 2631 
10364 2672 2631 2676 2671 
10365 2632 2672 2676 2677 
10366 2673 2633 2677 2632 
10367 2673 2632 2677 2672 
10368 2633 2673 2677 2678 
10369 2674 2634 2678 2633 
10370 2674 2633 2678 2673 
10371 2634 2674 2678 1731 
10372 1730 1720 1731 2634 
10373 1730 2634 1731 2674 
10374 139 138 708 1362 
10375 1362 1366 2831 139 
10376 1362 139 2831 708 
10377 1366 1362 2831 1363 
10378 1363 1367 2832 1366 
10379 1363 1366 2832 2831 
10380 1367 1363 2832 1364 
10381 1364 1368 2833 1367 
10382 1364 1367 2833 2832 
10383 1368 1364 2833 1365 
10384 1365 1369 2834 1368 
10385 1365 1368 2834 2833 
10386 1369 1365 2834 353 
10387 353 354 1770 1369 
10388 353 1369 1770 2834 
10389 658 657 668 2671 
10390 2627 2631 2671 657 
10391 657 658 2631 2671 
10392 2631 2627 2671 2672 
10393 2628 2632 2672 2627 
10394 2627 2631 2632 2672 
10395 2632 2628 2672 2673 
10396 2629 2633 2673 2628 
10397 2628 2632 2633 2673 
10398 2633 2629 2673 2674 
10399 2630 2634 2674 2629 
10400 2629 2633 2634 2674 
10401 2634 2630 2674 1730 
10402 1719 1720 1730 2630 
10403 2630 2634 1720 1730 
10404 656 165 671 2683 
10405 1470 2623 2683 165 
10406 165 656 2623 2683 
10407 2623 1470 2683 2684 
10408 1471 2624 2684 1470 
10409 1470 2623 2624 2684 
10410 2624 1471 2684 2685 
10411 1472 2625 2685 1471 
10412 1471 2624 2625 2685 
10413 2625 1472 2685 2686 
10414 1473 2626 2686 1472 
10415 1472 2625 2626 2686 
10416 2626 1473 2686 1733 
10417 380 1718 1733 1473 
10418 1473 2626 1718 1733 
10419 169 168 635 2539 
10420 1482 1486 2539 169 
10421 1482 169 2539 168 
10422 1486 1482 2539 2540 
10423 1483 1487 2540 1486 
10424 1483 1486 2540 1482 
10425 1487 1483 2540 2541 
10426 1484 1488 2541 1487 
10427 1484 1487 2541 1483 
10428 1488 1484 2541 2542 
10429 1485 1489 2542 1488 
10430 1485 1488 2542 1484 
10431 1489 1485 2542 1697 
10432 383 384 1697 1489 
10433 383 1489 1697 1485 
10434 167 166 636 2543 
10435 1474 1478 2543 167 
10436 1474 167 2543 166 
10437 1478 1474 2543 2544 
10438 1475 1479 2544 1478 
10439 1475 1478 2544 1474 
10440 1479 1475 2544 2545 
10441 1476 1480 2545 1479 
10442 1476 1479 2545 1475 
10443 1480 1476 2545 2546 
10444 1477 1481 2546 1480 
10445 1477 1480 2546 1476 
10446 1481 1477 2546 1698 
10447 381 382 1698 1481 
10448 381 1481 1698 1477 
10449 171 170 634 2535 
10450 1490 1494 2535 171 
10451 1490 171 2535 170 
10452 1494 1490 2535 2536 
10453 1491 1495 2536 1494 
10454 1491 1494 2536 1490 
10455 1495 1491 2536 2537 
10456 1492 1496 2537 1495 
10457 1492 1495 2537 1491 
10458 1496 1492 2537 2538 
10459 1493 1497 2538 1496 
10460 1493 1496 2538 1492 
10461 1497 1493 2538 1696 
10462 385 386 1696 1497 
10463 385 1497 1696 1493 
10464 212 211 638 2551 
10465 1654 1658 2551 212 
10466 1654 212 2551 211 
10467 1658 1654 2551 2552 
10468 1655 1659 2552 1658 
10469 1655 1658 2552 1654 
10470 1659 1655 2552 2553 
10471 1656 1660 2553 1659 
10472 1656 1659 2553 1655 
10473 1660 1656 2553 2554 
10474 1657 1661 2554 1660 
10475 1657 1660 2554 1656 
10476 1661 1657 2554 1700 
10477 426 427 1700 1661 
10478 426 1661 1700 1657 
10479 201 200 644 2575 
10480 1610 1614 2575 201 
10481 1610 201 2575 200 
10482 1614 1610 2575 2576 
10483 1611 1615 2576 1614 
10484 1611 1614 2576 1610 
10485 1615 1611 2576 2577 
10486 1612 1616 2577 1615 
10487 1612 1615 2577 1611 
10488 1616 1612 2577 2578 
10489 1613 1617 2578 1616 
10490 1613 1616 2578 1612 
10491 1617 1613 2578 1706 
10492 415 416 1706 1617 
10493 415 1617 1706 1613 
10494 208 207 641 2563 
10495 1638 1642 2563 208 
10496 1638 208 2563 207 
10497 1642 1638 2563 2564 
10498 1639 1643 2564 1642 
10499 1639 1642 2564 1638 
10500 1643 1639 2564 2565 
10501 1640 1644 2565 1643 
10502 1640 1643 2565 1639 
10503 1644 1640 2565 2566 
10504 1641 1645 2566 1644 
10505 1641 1644 2566 1640 
10506 1645 1641 2566 1703 
10507 422 423 1703 1645 
10508 422 1645 1703 1641 
10509 197 196 640 2559 
10510 1594 1598 2559 197 
10511 1594 197 2559 196 
10512 1598 1594 2559 2560 
10513 1595 1599 2560 1598 
10514 1595 1598 2560 1594 
10515 1599 1595 2560 2561 
10516 1596 1600 2561 1599 
10517 1596 1599 2561 1595 
10518 1600 1596 2561 2562 
10519 1597 1601 2562 1600 
10520 1597 1600 2562 1596 
10521 1601 1597 2562 1702 
10522 411 412 1702 1601 
10523 411 1601 1702 1597 
10524 206 205 643 2571 
10525 1630 1634 2571 206 
10526 1630 206 2571 205 
10527 1634 1630 2571 2572 
10528 1631 1635 2572 1634 
10529 1631 1634 2572 1630 
10530 1635 1631 2572 2573 
10531 1632 1636 2573 1635 
10532 1632 1635 2573 1631 
10533 1636 1632 2573 2574 
10534 1633 1637 2574 1636 
10535 1633 1636 2574 1632 
10536 1637 1633 2574 1705 
10537 420 421 1705 1637 
10538 420 1637 1705 1633 
10539 210 209 639 2555 
10540 1646 1650 2555 210 
10541 1646 210 2555 209 
10542 1650 1646 2555 2556 
10543 1647 1651 2556 1650 
10544 1647 1650 2556 1646 
10545 1651 1647 2556 2557 
10546 1648 1652 2557 1651 
10547 1648 1651 2557 1647 
10548 1652 1648 2557 2558 
10549 1649 1653 2558 1652 
10550 1649 1652 2558 1648 
10551 1653 1649 2558 1701 
10552 424 425 1701 1653 
10553 424 1653 1701 1649 
10554 199 198 642 2567 
10555 1602 1606 2567 199 
10556 1602 199 2567 198 
10557 1606 1602 2567 2568 
10558 1603 1607 2568 1606 
10559 1603 1606 2568 1602 
10560 1607 1603 2568 2569 
10561 1604 1608 2569 1607 
10562 1604 1607 2569 1603 
10563 1608 1604 2569 2570 
10564 1605 1609 2570 1608 
10565 1605 1608 2570 1604 
10566 1609 1605 2570 1704 
10567 413 414 1704 1609 
10568 413 1609 1704 1605 
10569 203 202 645 2579 
10570 1618 1622 2579 203 
10571 1618 203 2579 202 
10572 1622 1618 2579 2580 
10573 1619 1623 2580 1622 
10574 1619 1622 2580 1618 
10575 1623 1619 2580 2581 
10576 1620 1624 2581 1623 
10577 1620 1623 2581 1619 
10578 1624 1620 2581 2582 
10579 1621 1625 2582 1624 
10580 1621 1624 2582 1620 
10581 1625 1621 2582 1707 
10582 417 418 1707 1625 
10583 417 1625 1707 1621 
10584 14 637 666 2547 
10585 2547 451 2663 14 
10586 2547 14 2663 666 
10587 451 2547 2663 2548 
10588 2548 452 2664 451 
10589 2548 451 2664 2663 
10590 452 2548 2664 2549 
10591 2549 453 2665 452 
10592 2549 452 2665 2664 
10593 453 2549 2665 2550 
10594 2550 454 2666 453 
10595 2550 453 2666 2665 
10596 454 2550 2666 1699 
10597 1699 26 1728 454 
10598 1699 454 1728 2666 
10599 681 680 710 2839 
10600 2719 2723 2839 680 
10601 680 681 2723 2839 
10602 2723 2719 2839 2840 
10603 2720 2724 2840 2719 
10604 2719 2723 2724 2840 
10605 2724 2720 2840 2841 
10606 2721 2725 2841 2720 
10607 2720 2724 2725 2841 
10608 2725 2721 2841 2842 
10609 2722 2726 2842 2721 
10610 2721 2725 2726 2842 
10611 2726 2722 2842 1772 
10612 1742 1743 1772 2722 
10613 2722 2726 1743 1772 
10614 657 656 667 2667 
10615 2623 2627 2667 656 
10616 656 657 2627 2667 
10617 2627 2623 2667 2668 
10618 2624 2628 2668 2623 
10619 2623 2627 2628 2668 
10620 2628 2624 2668 2669 
10621 2625 2629 2669 2624 
10622 2624 2628 2629 2669 
10623 2629 2625 2669 2670 
10624 2626 2630 2670 2625 
10625 2625 2629 2630 2670 
10626 2630 2626 2670 1729 
10627 1718 1719 1729 2626 
10628 2626 2630 1719 1729 
10629 89 6 633 2531 
10630 345 1005 2531 6 
10631 6 89 1005 2531 
10632 1005 345 2531 2532 
10633 346 1006 2532 345 
10634 345 1005 1006 2532 
10635 1006 346 2532 2533 
10636 347 1007 2533 346 
10637 346 1006 1007 2533 
10638 1007 347 2533 2534 
10639 348 1008 2534 347 
10640 347 1007 1008 2534 
10641 1008 348 2534 1695 
10642 20 283 1695 348 
10643 348 1008 283 1695 
10644 83 84 629 2515 
10645 985 981 2515 84 
10646 84 83 981 2515 
10647 981 985 2515 2516 
10648 986 982 2516 985 
10649 985 981 982 2516 
10650 982 986 2516 2517 
10651 987 983 2517 986 
10652 986 982 983 2517 
10653 983 987 2517 2518 
10654 988 984 2518 987 
10655 987 983 984 2518 
10656 984 988 2518 1691 
10657 278 277 1691 988 
10658 988 984 277 1691 
10659 85 86 630 2519 
10660 993 989 2519 86 
10661 86 85 989 2519 
10662 989 993 2519 2520 
10663 994 990 2520 993 
10664 993 989 990 2520 
10665 990 994 2520 2521 
10666 995 991 2521 994 
10667 994 990 991 2521 
10668 991 995 2521 2522 
10669 996 992 2522 995 
10670 995 991 992 2522 
10671 992 996 2522 1692 
10672 280 279 1692 996 
10673 996 992 279 1692 
10674 87 88 631 2523 
10675 1001 997 2523 88 
10676 88 87 997 2523 
10677 997 1001 2523 2524 
10678 1002 998 2524 1001 
10679 1001 997 998 2524 
10680 998 1002 2524 2525 
10681 1003 999 2525 1002 
10682 1002 998 999 2525 
10683 999 1003 2525 2526 
10684 1004 1000 2526 1003 
10685 1003 999 1000 2526 
10686 1000 1004 2526 1693 
10687 282 281 1693 1004 
10688 1004 1000 281 1693 
10689 84 85 703 2811 
10690 989 985 2811 85 
10691 85 84 985 2811 
10692 985 989 2811 2812 
10693 990 986 2812 989 
10694 989 985 986 2812 
10695 986 990 2812 2813 
10696 991 987 2813 990 
10697 990 986 987 2813 
10698 987 991 2813 2814 
10699 992 988 2814 991 
10700 991 987 988 2814 
10701 988 992 2814 1765 
10702 279 278 1765 992 
10703 992 988 278 1765 
10704 648 676 704 2815 
10705 2703 2591 2815 648 
10706 2703 648 2815 676 
10707 2591 2703 2815 2816 
10708 2704 2592 2816 2591 
10709 2704 2591 2816 2703 
10710 2592 2704 2816 2817 
10711 2705 2593 2817 2592 
10712 2705 2592 2817 2704 
10713 2593 2705 2817 2818 
10714 2706 2594 2818 2593 
10715 2706 2593 2818 2705 
10716 2594 2706 2818 1766 
10717 1738 1710 1766 2594 
10718 1738 2594 1766 2706 
10719 670 729 746 2983 
10720 2915 2679 2983 670 
10721 2915 670 2983 729 
10722 2679 2915 2983 2984 
10723 2916 2680 2984 2679 
10724 2916 2679 2984 2915 
10725 2680 2916 2984 2985 
10726 2917 2681 2985 2680 
10727 2917 2680 2985 2916 
10728 2681 2917 2985 2986 
10729 2918 2682 2986 2681 
10730 2918 2681 2986 2917 
10731 2682 2918 2986 1808 
10732 1791 1732 1808 2682 
10733 1791 2682 1808 2918 
10734 629 84 703 2811 
10735 985 2515 2811 84 
10736 84 629 2515 2811 
10737 2515 985 2811 2812 
10738 986 2516 2812 985 
10739 985 2515 2516 2812 
10740 2516 986 2812 2813 
10741 987 2517 2813 986 
10742 986 2516 2517 2813 
10743 2517 987 2813 2814 
10744 988 2518 2814 987 
10745 987 2517 2518 2814 
10746 2518 988 2814 1765 
10747 278 1691 1765 988 
10748 988 2518 1691 1765 
10749 85 630 703 2519 
10750 2519 989 2811 85 
10751 2519 85 2811 703 
10752 989 2519 2811 2520 
10753 2520 990 2812 989 
10754 2520 989 2812 2811 
10755 990 2520 2812 2521 
10756 2521 991 2813 990 
10757 2521 990 2813 2812 
10758 991 2521 2813 2522 
10759 2522 992 2814 991 
10760 2522 991 2814 2813 
10761 992 2522 2814 1692 
10762 1692 279 1765 992 
10763 1692 992 1765 2814 
10764 670 668 725 2899 
10765 2671 2679 2899 668 
10766 668 670 2679 2899 
10767 2679 2671 2899 2900 
10768 2672 2680 2900 2671 
10769 2671 2679 2680 2900 
10770 2680 2672 2900 2901 
10771 2673 2681 2901 2672 
10772 2672 2680 2681 2901 
10773 2681 2673 2901 2902 
10774 2674 2682 2902 2673 
10775 2673 2681 2682 2902 
10776 2682 2674 2902 1787 
10777 1730 1732 1787 2674 
10778 2674 2682 1732 1787 
10779 716 679 754 3015 
10780 2715 2863 3015 679 
10781 679 716 2863 3015 
10782 2863 2715 3015 3016 
10783 2716 2864 3016 2715 
10784 2715 2863 2864 3016 
10785 2864 2716 3016 3017 
10786 2717 2865 3017 2716 
10787 2716 2864 2865 3017 
10788 2865 2717 3017 3018 
10789 2718 2866 3018 2717 
10790 2717 2865 2866 3018 
10791 2866 2718 3018 1816 
10792 1741 1778 1816 2718 
10793 2718 2866 1778 1816 
10794 86 87 706 2823 
10795 997 993 2823 87 
10796 87 86 993 2823 
10797 993 997 2823 2824 
10798 998 994 2824 997 
10799 997 993 994 2824 
10800 994 998 2824 2825 
10801 999 995 2825 998 
10802 998 994 995 2825 
10803 995 999 2825 2826 
10804 1000 996 2826 999 
10805 999 995 996 2826 
10806 996 1000 2826 1768 
10807 281 280 1768 1000 
10808 1000 996 280 1768 
10809 677 649 707 2827 
10810 2595 2707 2827 649 
10811 649 677 2707 2827 
10812 2707 2595 2827 2828 
10813 2596 2708 2828 2595 
10814 2595 2707 2708 2828 
10815 2708 2596 2828 2829 
10816 2597 2709 2829 2596 
10817 2596 2708 2709 2829 
10818 2709 2597 2829 2830 
10819 2598 2710 2830 2597 
10820 2597 2709 2710 2830 
10821 2710 2598 2830 1769 
10822 1711 1739 1769 2598 
10823 2598 2710 1739 1769 
10824 82 83 716 2863 
10825 981 977 2863 83 
10826 83 82 977 2863 
10827 977 981 2863 2864 
10828 982 978 2864 981 
10829 981 977 978 2864 
10830 978 982 2864 2865 
10831 983 979 2865 982 
10832 982 978 979 2865 
10833 979 983 2865 2866 
10834 984 980 2866 983 
10835 983 979 980 2866 
10836 980 984 2866 1778 
10837 277 276 1778 984 
10838 984 980 276 1778 
10839 87 631 706 2523 
10840 2523 997 2823 87 
10841 2523 87 2823 706 
10842 997 2523 2823 2524 
10843 2524 998 2824 997 
10844 2524 997 2824 2823 
10845 998 2524 2824 2525 
10846 2525 999 2825 998 
10847 2525 998 2825 2824 
10848 999 2525 2825 2526 
10849 2526 1000 2826 999 
10850 2526 999 2826 2825 
10851 1000 2526 2826 1693 
10852 1693 281 1768 1000 
10853 1693 1000 1768 2826 
10854 630 86 706 2823 
10855 993 2519 2823 86 
10856 86 630 2519 2823 
10857 2519 993 2823 2824 
10858 994 2520 2824 993 
10859 993 2519 2520 2824 
10860 2520 994 2824 2825 
10861 995 2521 2825 994 
10862 994 2520 2521 2825 
10863 2521 995 2825 2826 
10864 996 2522 2826 995 
10865 995 2521 2522 2826 
10866 2522 996 2826 1768 
10867 280 1692 1768 996 
10868 996 2522 1692 1768 
10869 652 681 718 2871 
10870 2723 2607 2871 652 
10871 2723 652 2871 681 
10872 2607 2723 2871 2872 
10873 2724 2608 2872 2607 
10874 2724 2607 2872 2723 
10875 2608 2724 2872 2873 
10876 2725 2609 2873 2608 
10877 2725 2608 2873 2724 
10878 2609 2725 2873 2874 
10879 2726 2610 2874 2609 
10880 2726 2609 2874 2725 
10881 2610 2726 2874 1780 
10882 1743 1714 1780 2610 
10883 1743 2610 1780 2726 
10884 219 218 708 2831 
10885 1682 1686 2831 219 
10886 1682 219 2831 218 
10887 1686 1682 2831 2832 
10888 1683 1687 2832 1686 
10889 1683 1686 2832 1682 
10890 1687 1683 2832 2833 
10891 1684 1688 2833 1687 
10892 1684 1687 2833 1683 
10893 1688 1684 2833 2834 
10894 1685 1689 2834 1688 
10895 1685 1688 2834 1684 
10896 1689 1685 2834 1770 
10897 433 434 1770 1689 
10898 433 1689 1770 1685 
10899 139 708 711 2843 
10900 2831 1366 2843 139 
10901 2831 139 2843 708 
10902 1366 2831 2843 2844 
10903 2832 1367 2844 1366 
10904 2832 1366 2844 2831 
10905 1367 2832 2844 2845 
10906 2833 1368 2845 1367 
10907 2833 1367 2845 2832 
10908 1368 2833 2845 2846 
10909 2834 1369 2846 1368 
10910 2834 1368 2846 2833 
10911 1369 2834 2846 1773 
10912 1770 354 1773 1369 
10913 1770 1369 1773 2834 
10914 631 88 709 2835 
10915 1001 2523 2835 88 
10916 88 631 2523 2835 
10917 2523 1001 2835 2836 
10918 1002 2524 2836 1001 
10919 1001 2523 2524 2836 
10920 2524 1002 2836 2837 
10921 1003 2525 2837 1002 
10922 1002 2524 2525 2837 
10923 2525 1003 2837 2838 
10924 1004 2526 2838 1003 
10925 1003 2525 2526 2838 
10926 2526 1004 2838 1771 
10927 282 1693 1771 1004 
10928 1004 2526 1693 1771 
10929 89 633 709 2531 
10930 2531 1005 2835 89 
10931 2531 89 2835 709 
10932 1005 2531 2835 2532 
10933 2532 1006 2836 1005 
10934 2532 1005 2836 2835 
10935 1006 2532 2836 2533 
10936 2533 1007 2837 1006 
10937 2533 1006 2837 2836 
10938 1007 2533 2837 2534 
10939 2534 1008 2838 1007 
10940 2534 1007 2838 2837 
10941 1008 2534 2838 1695 
10942 1695 283 1771 1008 
10943 1695 1008 1771 2838 
10944 173 172 651 2603 
10945 1498 1502 2603 173 
10946 1498 173 2603 172 
10947 1502 1498 2603 2604 
10948 1499 1503 2604 1502 
10949 1499 1502 2604 1498 
10950 1503 1499 2604 2605 
10951 1500 1504 2605 1503 
10952 1500 1503 2605 1499 
10953 1504 1500 2605 2606 
10954 1501 1505 2606 1504 
10955 1501 1504 2606 1500 
10956 1505 1501 2606 1713 
10957 387 388 1713 1505 
10958 387 1505 1713 1501 
10959 633 6 714 2855 
10960 345 2531 2855 6 
10961 6 633 2531 2855 
10962 2531 345 2855 2856 
10963 346 2532 2856 345 
10964 345 2531 2532 2856 
10965 2532 346 2856 2857 
10966 347 2533 2857 346 
10967 346 2532 2533 2857 
10968 2533 347 2857 2858 
10969 348 2534 2858 347 
10970 347 2533 2534 2858 
10971 2534 348 2858 1776 
10972 20 1695 1776 348 
10973 348 2534 1695 1776 
10974 701 700 718 2871 
10975 2799 2803 2871 700 
10976 700 701 2803 2871 
10977 2803 2799 2871 2872 
10978 2800 2804 2872 2799 
10979 2799 2803 2804 2872 
10980 2804 2800 2872 2873 
10981 2801 2805 2873 2800 
10982 2800 2804 2805 2873 
10983 2805 2801 2873 2874 
10984 2802 2806 2874 2801 
10985 2801 2805 2806 2874 
10986 2806 2802 2874 1780 
10987 1762 1763 1780 2802 
10988 2802 2806 1763 1780 
10989 653 701 720 2879 
10990 2803 2611 2879 653 
10991 2803 653 2879 701 
10992 2611 2803 2879 2880 
10993 2804 2612 2880 2611 
10994 2804 2611 2880 2803 
10995 2612 2804 2880 2881 
10996 2805 2613 2881 2612 
10997 2805 2612 2881 2804 
10998 2613 2805 2881 2882 
10999 2806 2614 2882 2613 
11000 2806 2613 2882 2805 
11001 2614 2806 2882 1782 
11002 1763 1715 1782 2614 
11003 1763 2614 1782 2806 
11004 699 698 720 2879 
11005 2791 2795 2879 698 
11006 698 699 2795 2879 
11007 2795 2791 2879 2880 
11008 2792 2796 2880 2791 
11009 2791 2795 2796 2880 
11010 2796 2792 2880 2881 
11011 2793 2797 2881 2792 
11012 2792 2796 2797 2881 
11013 2797 2793 2881 2882 
11014 2794 2798 2882 2793 
11015 2793 2797 2798 2882 
11016 2798 2794 2882 1782 
11017 1760 1761 1782 2794 
11018 2794 2798 1761 1782 
11019 171 634 714 2535 
11020 2535 1494 2855 171 
11021 2535 171 2855 714 
11022 1494 2535 2855 2536 
11023 2536 1495 2856 1494 
11024 2536 1494 2856 2855 
11025 1495 2536 2856 2537 
11026 2537 1496 2857 1495 
11027 2537 1495 2857 2856 
11028 1496 2537 2857 2538 
11029 2538 1497 2858 1496 
11030 2538 1496 2858 2857 
11031 1497 2538 2858 1696 
11032 1696 386 1776 1497 
11033 1696 1497 1776 2858 
11034 88 89 709 2835 
11035 1005 1001 2835 89 
11036 89 88 1001 2835 
11037 1001 1005 2835 2836 
11038 1006 1002 2836 1005 
11039 1005 1001 1002 2836 
11040 1002 1006 2836 2837 
11041 1007 1003 2837 1006 
11042 1006 1002 1003 2837 
11043 1003 1007 2837 2838 
11044 1008 1004 2838 1007 
11045 1007 1003 1004 2838 
11046 1004 1008 2838 1771 
11047 283 282 1771 1008 
11048 1008 1004 282 1771 
11049 746 729 751 3003 
11050 2915 2983 3003 729 
11051 729 746 2983 3003 
11052 2983 2915 3003 3004 
11053 2916 2984 3004 2915 
11054 2915 2983 2984 3004 
11055 2984 2916 3004 3005 
11056 2917 2985 3005 2916 
11057 2916 2984 2985 3005 
11058 2985 2917 3005 3006 
11059 2918 2986 3006 2917 
11060 2917 2985 2986 3006 
11061 2986 2918 3006 1813 
11062 1791 1808 1813 2918 
11063 2918 2986 1808 1813 
11064 671 672 726 2903 
11065 2687 2683 2903 671 
11066 2687 671 2903 672 
11067 2683 2687 2903 2904 
11068 2688 2684 2904 2683 
11069 2688 2683 2904 2687 
11070 2684 2688 2904 2905 
11071 2689 2685 2905 2684 
11072 2689 2684 2905 2688 
11073 2685 2689 2905 2906 
11074 2690 2686 2906 2685 
11075 2690 2685 2906 2689 
11076 2686 2690 2906 1788 
11077 1734 1733 1788 2686 
11078 1734 2686 1788 2690 
11079 680 650 710 2839 
11080 2599 2719 2839 650 
11081 650 680 2719 2839 
11082 2719 2599 2839 2840 
11083 2600 2720 2840 2599 
11084 2599 2719 2720 2840 
11085 2720 2600 2840 2841 
11086 2601 2721 2841 2600 
11087 2600 2720 2721 2841 
11088 2721 2601 2841 2842 
11089 2602 2722 2842 2601 
11090 2601 2721 2722 2842 
11091 2722 2602 2842 1772 
11092 1712 1742 1772 2602 
11093 2602 2722 1742 1772 
11094 218 217 711 2843 
11095 1678 1682 2843 218 
11096 1678 218 2843 217 
11097 1682 1678 2843 2844 
11098 1679 1683 2844 1682 
11099 1679 1682 2844 1678 
11100 1683 1679 2844 2845 
11101 1680 1684 2845 1683 
11102 1680 1683 2845 1679 
11103 1684 1680 2845 2846 
11104 1681 1685 2846 1684 
11105 1681 1684 2846 1680 
11106 1685 1681 2846 1773 
11107 432 433 1773 1685 
11108 432 1685 1773 1681 
11109 634 170 719 2875 
11110 1490 2535 2875 170 
11111 170 634 2535 2875 
11112 2535 1490 2875 2876 
11113 1491 2536 2876 1490 
11114 1490 2535 2536 2876 
11115 2536 1491 2876 2877 
11116 1492 2537 2877 1491 
11117 1491 2536 2537 2877 
11118 2537 1492 2877 2878 
11119 1493 2538 2878 1492 
11120 1492 2537 2538 2878 
11121 2538 1493 2878 1781 
11122 385 1696 1781 1493 
11123 1493 2538 1696 1781 
11124 169 635 719 2539 
11125 2539 1486 2875 169 
11126 2539 169 2875 719 
11127 1486 2539 2875 2540 
11128 2540 1487 2876 1486 
11129 2540 1486 2876 2875 
11130 1487 2540 2876 2541 
11131 2541 1488 2877 1487 
11132 2541 1487 2877 2876 
11133 1488 2541 2877 2542 
11134 2542 1489 2878 1488 
11135 2542 1488 2878 2877 
11136 1489 2542 2878 1697 
11137 1697 384 1781 1489 
11138 1697 1489 1781 2878 
11139 635 168 722 2887 
11140 1482 2539 2887 168 
11141 168 635 2539 2887 
11142 2539 1482 2887 2888 
11143 1483 2540 2888 1482 
11144 1482 2539 2540 2888 
11145 2540 1483 2888 2889 
11146 1484 2541 2889 1483 
11147 1483 2540 2541 2889 
11148 2541 1484 2889 2890 
11149 1485 2542 2890 1484 
11150 1484 2541 2542 2890 
11151 2542 1485 2890 1784 
11152 383 1697 1784 1485 
11153 1485 2542 1697 1784 
11154 167 636 722 2543 
11155 2543 1478 2887 167 
11156 2543 167 2887 722 
11157 1478 2543 2887 2544 
11158 2544 1479 2888 1478 
11159 2544 1478 2888 2887 
11160 1479 2544 2888 2545 
11161 2545 1480 2889 1479 
11162 2545 1479 2889 2888 
11163 1480 2545 2889 2546 
11164 2546 1481 2890 1480 
11165 2546 1480 2890 2889 
11166 1481 2546 2890 1698 
11167 1698 382 1784 1481 
11168 1698 1481 1784 2890 
11169 683 682 728 2911 
11170 2727 2731 2911 682 
11171 682 683 2731 2911 
11172 2731 2727 2911 2912 
11173 2728 2732 2912 2727 
11174 2727 2731 2732 2912 
11175 2732 2728 2912 2913 
11176 2729 2733 2913 2728 
11177 2728 2732 2733 2913 
11178 2733 2729 2913 2914 
11179 2730 2734 2914 2729 
11180 2729 2733 2734 2914 
11181 2734 2730 2914 1790 
11182 1744 1745 1790 2730 
11183 2730 2734 1745 1790 
11184 174 173 705 2819 
11185 1502 1506 2819 174 
11186 1502 174 2819 173 
11187 1506 1502 2819 2820 
11188 1503 1507 2820 1506 
11189 1503 1506 2820 1502 
11190 1507 1503 2820 2821 
11191 1504 1508 2821 1507 
11192 1504 1507 2821 1503 
11193 1508 1504 2821 2822 
11194 1505 1509 2822 1508 
11195 1505 1508 2822 1504 
11196 1509 1505 2822 1767 
11197 388 389 1767 1509 
11198 388 1509 1767 1505 
11199 195 632 724 2895 
11200 2527 1590 2895 195 
11201 2527 195 2895 632 
11202 1590 2527 2895 2896 
11203 2528 1591 2896 1590 
11204 2528 1590 2896 2527 
11205 1591 2528 2896 2897 
11206 2529 1592 2897 1591 
11207 2529 1591 2897 2528 
11208 1592 2529 2897 2898 
11209 2530 1593 2898 1592 
11210 2530 1592 2898 2529 
11211 1593 2530 2898 1786 
11212 1694 410 1786 1593 
11213 1694 1593 1786 2530 
11214 672 662 736 2943 
11215 2647 2687 2943 662 
11216 662 672 2687 2943 
11217 2687 2647 2943 2944 
11218 2648 2688 2944 2647 
11219 2647 2687 2688 2944 
11220 2688 2648 2944 2945 
11221 2649 2689 2945 2648 
11222 2648 2688 2689 2945 
11223 2689 2649 2945 2946 
11224 2650 2690 2946 2649 
11225 2649 2689 2690 2946 
11226 2690 2650 2946 1798 
11227 1724 1734 1798 2650 
11228 2650 2690 1734 1798 
11229 6 171 714 2855 
11230 1494 345 2855 6 
11231 1494 6 2855 171 
11232 345 1494 2855 2856 
11233 1495 346 2856 345 
11234 1495 345 2856 1494 
11235 346 1495 2856 2857 
11236 1496 347 2857 346 
11237 1496 346 2857 1495 
11238 347 1496 2857 2858 
11239 1497 348 2858 347 
11240 1497 347 2858 1496 
11241 348 1497 2858 1776 
11242 386 20 1776 348 
11243 386 348 1776 1497 
11244 659 683 732 2927 
11245 2731 2635 2927 659 
11246 2731 659 2927 683 
11247 2635 2731 2927 2928 
11248 2732 2636 2928 2635 
11249 2732 2635 2928 2731 
11250 2636 2732 2928 2929 
11251 2733 2637 2929 2636 
11252 2733 2636 2929 2732 
11253 2637 2733 2929 2930 
11254 2734 2638 2930 2637 
11255 2734 2637 2930 2733 
11256 2638 2734 2930 1794 
11257 1745 1721 1794 2638 
11258 1745 2638 1794 2734 
11259 708 218 711 2843 
11260 1682 2831 2843 218 
11261 218 708 2831 2843 
11262 2831 1682 2843 2844 
11263 1683 2832 2844 1682 
11264 1682 2831 2832 2844 
11265 2832 1683 2844 2845 
11266 1684 2833 2845 1683 
11267 1683 2832 2833 2845 
11268 2833 1684 2845 2846 
11269 1685 2834 2846 1684 
11270 1684 2833 2834 2846 
11271 2834 1685 2846 1773 
11272 433 1770 1773 1685 
11273 1685 2834 1770 1773 
11274 702 654 727 2907 
11275 2615 2807 2907 654 
11276 654 702 2807 2907 
11277 2807 2615 2907 2908 
11278 2616 2808 2908 2615 
11279 2615 2807 2808 2908 
11280 2808 2616 2908 2909 
11281 2617 2809 2909 2616 
11282 2616 2808 2809 2909 
11283 2809 2617 2909 2910 
11284 2618 2810 2910 2617 
11285 2617 2809 2810 2910 
11286 2810 2618 2910 1789 
11287 1716 1764 1789 2618 
11288 2618 2810 1764 1789 
11289 217 216 713 2851 
11290 1674 1678 2851 217 
11291 1674 217 2851 216 
11292 1678 1674 2851 2852 
11293 1675 1679 2852 1678 
11294 1675 1678 2852 1674 
11295 1679 1675 2852 2853 
11296 1676 1680 2853 1679 
11297 1676 1679 2853 1675 
11298 1680 1676 2853 2854 
11299 1677 1681 2854 1680 
11300 1677 1680 2854 1676 
11301 1681 1677 2854 1775 
11302 431 432 1775 1681 
11303 431 1681 1775 1677 
11304 632 194 729 2915 
11305 1586 2527 2915 194 
11306 194 632 2527 2915 
11307 2527 1586 2915 2916 
11308 1587 2528 2916 1586 
11309 1586 2527 2528 2916 
11310 2528 1587 2916 2917 
11311 1588 2529 2917 1587 
11312 1587 2528 2529 2917 
11313 2529 1588 2917 2918 
11314 1589 2530 2918 1588 
11315 1588 2529 2530 2918 
11316 2530 1589 2918 1791 
11317 409 1694 1791 1589 
11318 1589 2530 1694 1791 
11319 640 196 724 2895 
11320 1594 2559 2895 196 
11321 196 640 2559 2895 
11322 2559 1594 2895 2896 
11323 1595 2560 2896 1594 
11324 1594 2559 2560 2896 
11325 2560 1595 2896 2897 
11326 1596 2561 2897 1595 
11327 1595 2560 2561 2897 
11328 2561 1596 2897 2898 
11329 1597 2562 2898 1596 
11330 1596 2561 2562 2898 
11331 2562 1597 2898 1786 
11332 411 1702 1786 1597 
11333 1597 2562 1702 1786 
11334 685 665 739 2955 
11335 2659 2739 2955 665 
11336 665 685 2739 2955 
11337 2739 2659 2955 2956 
11338 2660 2740 2956 2659 
11339 2659 2739 2740 2956 
11340 2740 2660 2956 2957 
11341 2661 2741 2957 2660 
11342 2660 2740 2741 2957 
11343 2741 2661 2957 2958 
11344 2662 2742 2958 2661 
11345 2661 2741 2742 2958 
11346 2742 2662 2958 1801 
11347 1727 1747 1801 2662 
11348 2662 2742 1747 1801 
11349 660 691 733 2931 
11350 2763 2639 2931 660 
11351 2763 660 2931 691 
11352 2639 2763 2931 2932 
11353 2764 2640 2932 2639 
11354 2764 2639 2932 2763 
11355 2640 2764 2932 2933 
11356 2765 2641 2933 2640 
11357 2765 2640 2933 2764 
11358 2641 2765 2933 2934 
11359 2766 2642 2934 2641 
11360 2766 2641 2934 2765 
11361 2642 2766 2934 1795 
11362 1753 1722 1795 2642 
11363 1753 2642 1795 2766 
11364 688 689 738 2951 
11365 2755 2751 2951 688 
11366 2755 688 2951 689 
11367 2751 2755 2951 2952 
11368 2756 2752 2952 2751 
11369 2756 2751 2952 2755 
11370 2752 2756 2952 2953 
11371 2757 2753 2953 2752 
11372 2757 2752 2953 2756 
11373 2753 2757 2953 2954 
11374 2758 2754 2954 2753 
11375 2758 2753 2954 2757 
11376 2754 2758 2954 1800 
11377 1751 1750 1800 2754 
11378 1751 2754 1800 2758 
11379 661 695 735 2939 
11380 2779 2643 2939 661 
11381 2779 661 2939 695 
11382 2643 2779 2939 2940 
11383 2780 2644 2940 2643 
11384 2780 2643 2940 2779 
11385 2644 2780 2940 2941 
11386 2781 2645 2941 2644 
11387 2781 2644 2941 2780 
11388 2645 2781 2941 2942 
11389 2782 2646 2942 2645 
11390 2782 2645 2942 2781 
11391 2646 2782 2942 1797 
11392 1757 1723 1797 2646 
11393 1757 2646 1797 2782 
11394 691 690 732 2927 
11395 2759 2763 2927 690 
11396 690 691 2763 2927 
11397 2763 2759 2927 2928 
11398 2760 2764 2928 2759 
11399 2759 2763 2764 2928 
11400 2764 2760 2928 2929 
11401 2761 2765 2929 2760 
11402 2760 2764 2765 2929 
11403 2765 2761 2929 2930 
11404 2762 2766 2930 2761 
11405 2761 2765 2766 2930 
11406 2766 2762 2930 1794 
11407 1752 1753 1794 2762 
11408 2762 2766 1753 1794 
11409 663 697 738 2951 
11410 2787 2651 2951 663 
11411 2787 663 2951 697 
11412 2651 2787 2951 2952 
11413 2788 2652 2952 2651 
11414 2788 2651 2952 2787 
11415 2652 2788 2952 2953 
11416 2789 2653 2953 2652 
11417 2789 2652 2953 2788 
11418 2653 2789 2953 2954 
11419 2790 2654 2954 2653 
11420 2790 2653 2954 2789 
11421 2654 2790 2954 1800 
11422 1759 1725 1800 2654 
11423 1759 2654 1800 2790 
11424 695 694 733 2931 
11425 2775 2779 2931 694 
11426 694 695 2779 2931 
11427 2779 2775 2931 2932 
11428 2776 2780 2932 2775 
11429 2775 2779 2780 2932 
11430 2780 2776 2932 2933 
11431 2777 2781 2933 2776 
11432 2776 2780 2781 2933 
11433 2781 2777 2933 2934 
11434 2778 2782 2934 2777 
11435 2777 2781 2782 2934 
11436 2782 2778 2934 1795 
11437 1756 1757 1795 2778 
11438 2778 2782 1757 1795 
11439 693 664 740 2959 
11440 2655 2771 2959 664 
11441 664 693 2771 2959 
11442 2771 2655 2959 2960 
11443 2656 2772 2960 2655 
11444 2655 2771 2772 2960 
11445 2772 2656 2960 2961 
11446 2657 2773 2961 2656 
11447 2656 2772 2773 2961 
11448 2773 2657 2961 2962 
11449 2658 2774 2962 2657 
11450 2657 2773 2774 2962 
11451 2774 2658 2962 1802 
11452 1726 1755 1802 2658 
11453 2658 2774 1755 1802 
11454 697 696 735 2939 
11455 2783 2787 2939 696 
11456 696 697 2787 2939 
11457 2787 2783 2939 2940 
11458 2784 2788 2940 2783 
11459 2783 2787 2788 2940 
11460 2788 2784 2940 2941 
11461 2785 2789 2941 2784 
11462 2784 2788 2789 2941 
11463 2789 2785 2941 2942 
11464 2786 2790 2942 2785 
11465 2785 2789 2790 2942 
11466 2790 2786 2942 1797 
11467 1758 1759 1797 2786 
11468 2786 2790 1759 1797 
11469 692 693 736 2943 
11470 2771 2767 2943 692 
11471 2771 692 2943 693 
11472 2767 2771 2943 2944 
11473 2772 2768 2944 2767 
11474 2772 2767 2944 2771 
11475 2768 2772 2944 2945 
11476 2773 2769 2945 2768 
11477 2773 2768 2945 2772 
11478 2769 2773 2945 2946 
11479 2774 2770 2946 2769 
11480 2774 2769 2946 2773 
11481 2770 2774 2946 1798 
11482 1755 1754 1798 2770 
11483 1755 2770 1798 2774 
11484 684 685 740 2959 
11485 2739 2735 2959 684 
11486 2739 684 2959 685 
11487 2735 2739 2959 2960 
11488 2740 2736 2960 2735 
11489 2740 2735 2960 2739 
11490 2736 2740 2960 2961 
11491 2741 2737 2961 2736 
11492 2741 2736 2961 2740 
11493 2737 2741 2961 2962 
11494 2742 2738 2962 2737 
11495 2742 2737 2962 2741 
11496 2738 2742 2962 1802 
11497 1747 1746 1802 2738 
11498 1747 2738 1802 2742 
11499 686 687 739 2955 
11500 2747 2743 2955 686 
11501 2747 686 2955 687 
11502 2743 2747 2955 2956 
11503 2748 2744 2956 2743 
11504 2748 2743 2956 2747 
11505 2744 2748 2956 2957 
11506 2749 2745 2957 2744 
11507 2749 2744 2957 2748 
11508 2745 2749 2957 2958 
11509 2750 2746 2958 2745 
11510 2750 2745 2958 2749 
11511 2746 2750 2958 1801 
11512 1749 1748 1801 2746 
11513 1749 2746 1801 2750 
11514 658 669 715 2859 
11515 2675 2631 2859 658 
11516 2675 658 2859 669 
11517 2631 2675 2859 2860 
11518 2676 2632 2860 2631 
11519 2676 2631 2860 2675 
11520 2632 2676 2860 2861 
11521 2677 2633 2861 2632 
11522 2677 2632 2861 2676 
11523 2633 2677 2861 2862 
11524 2678 2634 2862 2633 
11525 2678 2633 2862 2677 
11526 2634 2678 2862 1777 
11527 1731 1720 1777 2634 
11528 1731 2634 1777 2678 
11529 748 138 756 3023 
11530 1362 2991 3023 748 
11531 1362 748 3023 138 
11532 2991 1362 3023 3024 
11533 1363 2992 3024 2991 
11534 1363 2991 3024 1362 
11535 2992 1363 3024 3025 
11536 1364 2993 3025 2992 
11537 1364 2992 3025 1363 
11538 2993 1364 3025 3026 
11539 1365 2994 3026 2993 
11540 1365 2993 3026 1364 
11541 2994 1365 3026 1818 
11542 353 1810 1818 2994 
11543 353 2994 1818 1365 
11544 711 217 713 2851 
11545 1678 2843 2851 217 
11546 217 711 2843 2851 
11547 2843 1678 2851 2852 
11548 1679 2844 2852 1678 
11549 1678 2843 2844 2852 
11550 2844 1679 2852 2853 
11551 1680 2845 2853 1679 
11552 1679 2844 2845 2853 
11553 2845 1680 2853 2854 
11554 1681 2846 2854 1680 
11555 1680 2845 2846 2854 
11556 2846 1681 2854 1775 
11557 432 1773 1775 1681 
11558 1681 2846 1773 1775 
11559 216 215 717 2867 
11560 1670 1674 2867 216 
11561 1670 216 2867 215 
11562 1674 1670 2867 2868 
11563 1671 1675 2868 1674 
11564 1671 1674 2868 1670 
11565 1675 1671 2868 2869 
11566 1672 1676 2869 1675 
11567 1672 1675 2869 1671 
11568 1676 1672 2869 2870 
11569 1673 1677 2870 1676 
11570 1673 1676 2870 1672 
11571 1677 1673 2870 1779 
11572 430 431 1779 1677 
11573 430 1677 1779 1673 
11574 212 638 730 2551 
11575 2551 1658 2919 212 
11576 2551 212 2919 730 
11577 1658 2551 2919 2552 
11578 2552 1659 2920 1658 
11579 2552 1658 2920 2919 
11580 1659 2552 2920 2553 
11581 2553 1660 2921 1659 
11582 2553 1659 2921 2920 
11583 1660 2553 2921 2554 
11584 2554 1661 2922 1660 
11585 2554 1660 2922 2921 
11586 1661 2554 2922 1700 
11587 1700 427 1792 1661 
11588 1700 1661 1792 2922 
11589 642 198 731 2923 
11590 1602 2567 2923 198 
11591 198 642 2567 2923 
11592 2567 1602 2923 2924 
11593 1603 2568 2924 1602 
11594 1602 2567 2568 2924 
11595 2568 1603 2924 2925 
11596 1604 2569 2925 1603 
11597 1603 2568 2569 2925 
11598 2569 1604 2925 2926 
11599 1605 2570 2926 1604 
11600 1604 2569 2570 2926 
11601 2570 1605 2926 1793 
11602 413 1704 1793 1605 
11603 1605 2570 1704 1793 
11604 197 640 731 2923 
11605 2559 1598 2923 197 
11606 2559 197 2923 640 
11607 1598 2559 2923 2924 
11608 2560 1599 2924 1598 
11609 2560 1598 2924 2559 
11610 1599 2560 2924 2925 
11611 2561 1600 2925 1599 
11612 2561 1599 2925 2560 
11613 1600 2561 2925 2926 
11614 2562 1601 2926 1600 
11615 2562 1600 2926 2561 
11616 1601 2562 2926 1793 
11617 1702 412 1793 1601 
11618 1702 1601 1793 2562 
11619 638 211 734 2935 
11620 1654 2551 2935 211 
11621 211 638 2551 2935 
11622 2551 1654 2935 2936 
11623 1655 2552 2936 1654 
11624 1654 2551 2552 2936 
11625 2552 1655 2936 2937 
11626 1656 2553 2937 1655 
11627 1655 2552 2553 2937 
11628 2553 1656 2937 2938 
11629 1657 2554 2938 1656 
11630 1656 2553 2554 2938 
11631 2554 1657 2938 1796 
11632 426 1700 1796 1657 
11633 1657 2554 1700 1796 
11634 210 639 734 2935 
11635 2555 1650 2935 210 
11636 2555 210 2935 639 
11637 1650 2555 2935 2936 
11638 2556 1651 2936 1650 
11639 2556 1650 2936 2555 
11640 1651 2556 2936 2937 
11641 2557 1652 2937 1651 
11642 2557 1651 2937 2556 
11643 1652 2557 2937 2938 
11644 2558 1653 2938 1652 
11645 2558 1652 2938 2557 
11646 1653 2558 2938 1796 
11647 1701 425 1796 1653 
11648 1701 1653 1796 2558 
11649 138 9 756 3023 
11650 9 1362 3023 138 
11651 9 1363 3024 1362 
11652 9 1362 3024 3023 
11653 1363 9 3024 3025 
11654 9 1363 1364 3025 
11655 9 1365 3026 1364 
11656 9 1364 3026 3025 
11657 657 667 725 2899 
11658 2667 2627 2899 657 
11659 2667 657 2899 667 
11660 2627 2667 2899 2900 
11661 2668 2628 2900 2627 
11662 2668 2627 2900 2667 
11663 2628 2668 2900 2901 
11664 2669 2629 2901 2628 
11665 2669 2628 2901 2668 
11666 2629 2669 2901 2902 
11667 2670 2630 2902 2629 
11668 2670 2629 2902 2669 
11669 2630 2670 2902 1787 
11670 1729 1719 1787 2630 
11671 1729 2630 1787 2670 
11672 637 213 730 2919 
11673 1662 2547 2919 213 
11674 213 637 2547 2919 
11675 2547 1662 2919 2920 
11676 1663 2548 2920 1662 
11677 1662 2547 2548 2920 
11678 2548 1663 2920 2921 
11679 1664 2549 2921 1663 
11680 1663 2548 2549 2921 
11681 2549 1664 2921 2922 
11682 1665 2550 2922 1664 
11683 1664 2549 2550 2922 
11684 2550 1665 2922 1792 
11685 428 1699 1792 1665 
11686 1665 2550 1699 1792 
11687 208 641 737 2947 
11688 2563 1642 2947 208 
11689 2563 208 2947 641 
11690 1642 2563 2947 2948 
11691 2564 1643 2948 1642 
11692 2564 1642 2948 2563 
11693 1643 2564 2948 2949 
11694 2565 1644 2949 1643 
11695 2565 1643 2949 2564 
11696 1644 2565 2949 2950 
11697 2566 1645 2950 1644 
11698 2566 1644 2950 2565 
11699 1645 2566 2950 1799 
11700 1703 423 1799 1645 
11701 1703 1645 1799 2566 
11702 639 209 737 2947 
11703 1646 2555 2947 209 
11704 209 639 2555 2947 
11705 2555 1646 2947 2948 
11706 1647 2556 2948 1646 
11707 1646 2555 2556 2948 
11708 2556 1647 2948 2949 
11709 1648 2557 2949 1647 
11710 1647 2556 2557 2949 
11711 2557 1648 2949 2950 
11712 1649 2558 2950 1648 
11713 1648 2557 2558 2950 
11714 2558 1649 2950 1799 
11715 424 1701 1799 1649 
11716 1649 2558 1701 1799 
11717 206 643 741 2963 
11718 2571 1634 2963 206 
11719 2571 206 2963 643 
11720 1634 2571 2963 2964 
11721 2572 1635 2964 1634 
11722 2572 1634 2964 2571 
11723 1635 2572 2964 2965 
11724 2573 1636 2965 1635 
11725 2573 1635 2965 2572 
11726 1636 2573 2965 2966 
11727 2574 1637 2966 1636 
11728 2574 1636 2966 2573 
11729 1637 2574 2966 1803 
11730 1705 421 1803 1637 
11731 1705 1637 1803 2574 
11732 641 207 741 2963 
11733 1638 2563 2963 207 
11734 207 641 2563 2963 
11735 2563 1638 2963 2964 
11736 1639 2564 2964 1638 
11737 1638 2563 2564 2964 
11738 2564 1639 2964 2965 
11739 1640 2565 2965 1639 
11740 1639 2564 2565 2965 
11741 2565 1640 2965 2966 
11742 1641 2566 2966 1640 
11743 1640 2565 2566 2966 
11744 2566 1641 2966 1803 
11745 422 1703 1803 1641 
11746 1641 2566 1703 1803 
11747 199 642 742 2967 
11748 2567 1606 2967 199 
11749 2567 199 2967 642 
11750 1606 2567 2967 2968 
11751 2568 1607 2968 1606 
11752 2568 1606 2968 2567 
11753 1607 2568 2968 2969 
11754 2569 1608 2969 1607 
11755 2569 1607 2969 2568 
11756 1608 2569 2969 2970 
11757 2570 1609 2970 1608 
11758 2570 1608 2970 2569 
11759 1609 2570 2970 1804 
11760 1704 414 1804 1609 
11761 1704 1609 1804 2570 
11762 644 200 742 2967 
11763 1610 2575 2967 200 
11764 200 644 2575 2967 
11765 2575 1610 2967 2968 
11766 1611 2576 2968 1610 
11767 1610 2575 2576 2968 
11768 2576 1611 2968 2969 
11769 1612 2577 2969 1611 
11770 1611 2576 2577 2969 
11771 2577 1612 2969 2970 
11772 1613 2578 2970 1612 
11773 1612 2577 2578 2970 
11774 2578 1613 2970 1804 
11775 415 1706 1804 1613 
11776 1613 2578 1706 1804 
11777 628 670 746 2983 
11778 2679 2511 2983 628 
11779 2679 628 2983 670 
11780 2511 2679 2983 2984 
11781 2680 2512 2984 2511 
11782 2680 2511 2984 2679 
11783 2512 2680 2984 2985 
11784 2681 2513 2985 2512 
11785 2681 2512 2985 2680 
11786 2513 2681 2985 2986 
11787 2682 2514 2986 2513 
11788 2682 2513 2986 2681 
11789 2514 2682 2986 1808 
11790 1732 1690 1808 2514 
11791 1732 2514 1808 2682 
11792 201 644 743 2971 
11793 2575 1614 2971 201 
11794 2575 201 2971 644 
11795 1614 2575 2971 2972 
11796 2576 1615 2972 1614 
11797 2576 1614 2972 2575 
11798 1615 2576 2972 2973 
11799 2577 1616 2973 1615 
11800 2577 1615 2973 2576 
11801 1616 2577 2973 2974 
11802 2578 1617 2974 1616 
11803 2578 1616 2974 2577 
11804 1617 2578 2974 1805 
11805 1706 416 1805 1617 
11806 1706 1617 1805 2578 
11807 645 202 743 2971 
11808 1618 2579 2971 202 
11809 202 645 2579 2971 
11810 2579 1618 2971 2972 
11811 1619 2580 2972 1618 
11812 1618 2579 2580 2972 
11813 2580 1619 2972 2973 
11814 1620 2581 2973 1619 
11815 1619 2580 2581 2973 
11816 2581 1620 2973 2974 
11817 1621 2582 2974 1620 
11818 1620 2581 2582 2974 
11819 2582 1621 2974 1805 
11820 417 1707 1805 1621 
11821 1621 2582 1707 1805 
11822 203 645 744 2975 
11823 2579 1622 2975 203 
11824 2579 203 2975 645 
11825 1622 2579 2975 2976 
11826 2580 1623 2976 1622 
11827 2580 1622 2976 2579 
11828 1623 2580 2976 2977 
11829 2581 1624 2977 1623 
11830 2581 1623 2977 2580 
11831 1624 2581 2977 2978 
11832 2582 1625 2978 1624 
11833 2582 1624 2978 2581 
11834 1625 2582 2978 1806 
11835 1707 418 1806 1625 
11836 1707 1625 1806 2582 
11837 643 205 745 2979 
11838 1630 2571 2979 205 
11839 205 643 2571 2979 
11840 2571 1630 2979 2980 
11841 1631 2572 2980 1630 
11842 1630 2571 2572 2980 
11843 2572 1631 2980 2981 
11844 1632 2573 2981 1631 
11845 1631 2572 2573 2981 
11846 2573 1632 2981 2982 
11847 1633 2574 2982 1632 
11848 1632 2573 2574 2982 
11849 2574 1633 2982 1807 
11850 420 1705 1807 1633 
11851 1633 2574 1705 1807 
11852 667 656 726 2903 
11853 2623 2667 2903 656 
11854 656 667 2667 2903 
11855 2667 2623 2903 2904 
11856 2624 2668 2904 2623 
11857 2623 2667 2668 2904 
11858 2668 2624 2904 2905 
11859 2625 2669 2905 2624 
11860 2624 2668 2669 2905 
11861 2669 2625 2905 2906 
11862 2626 2670 2906 2625 
11863 2625 2669 2670 2906 
11864 2670 2626 2906 1788 
11865 1718 1729 1788 2626 
11866 2626 2670 1729 1788 
11867 173 651 705 2819 
11868 2603 1502 2819 173 
11869 2603 173 2819 651 
11870 1502 2603 2819 2820 
11871 2604 1503 2820 1502 
11872 2604 1502 2820 2603 
11873 1503 2604 2820 2821 
11874 2605 1504 2821 1503 
11875 2605 1503 2821 2604 
11876 1504 2605 2821 2822 
11877 2606 1505 2822 1504 
11878 2606 1504 2822 2605 
11879 1505 2606 2822 1767 
11880 1713 388 1767 1505 
11881 1713 1505 1767 2606 
11882 700 652 718 2871 
11883 2607 2799 2871 652 
11884 652 700 2799 2871 
11885 2799 2607 2871 2872 
11886 2608 2800 2872 2607 
11887 2607 2799 2800 2872 
11888 2800 2608 2872 2873 
11889 2609 2801 2873 2608 
11890 2608 2800 2801 2873 
11891 2801 2609 2873 2874 
11892 2610 2802 2874 2609 
11893 2609 2801 2802 2874 
11894 2802 2610 2874 1780 
11895 1714 1762 1780 2610 
11896 2610 2802 1762 1780 
11897 215 214 721 2883 
11898 1666 1670 2883 215 
11899 1666 215 2883 214 
11900 1670 1666 2883 2884 
11901 1667 1671 2884 1670 
11902 1667 1670 2884 1666 
11903 1671 1667 2884 2885 
11904 1668 1672 2885 1671 
11905 1668 1671 2885 1667 
11906 1672 1668 2885 2886 
11907 1669 1673 2886 1672 
11908 1669 1672 2886 1668 
11909 1673 1669 2886 1783 
11910 429 430 1783 1673 
11911 429 1673 1783 1669 
11912 713 216 717 2867 
11913 1674 2851 2867 216 
11914 216 713 2851 2867 
11915 2851 1674 2867 2868 
11916 1675 2852 2868 1674 
11917 1674 2851 2852 2868 
11918 2852 1675 2868 2869 
11919 1676 2853 2869 1675 
11920 1675 2852 2853 2869 
11921 2853 1676 2869 2870 
11922 1677 2854 2870 1676 
11923 1676 2853 2854 2870 
11924 2854 1677 2870 1779 
11925 431 1775 1779 1677 
11926 1677 2854 1775 1779 
11927 83 629 716 2863 
11928 2515 981 2863 83 
11929 2515 83 2863 629 
11930 981 2515 2863 2864 
11931 2516 982 2864 981 
11932 2516 981 2864 2515 
11933 982 2516 2864 2865 
11934 2517 983 2865 982 
11935 2517 982 2865 2516 
11936 983 2517 2865 2866 
11937 2518 984 2866 983 
11938 2518 983 2866 2517 
11939 984 2518 2866 1778 
11940 1691 277 1778 984 
11941 1691 984 1778 2518 
11942 698 653 720 2879 
11943 2611 2791 2879 653 
11944 653 698 2791 2879 
11945 2791 2611 2879 2880 
11946 2612 2792 2880 2611 
11947 2611 2791 2792 2880 
11948 2792 2612 2880 2881 
11949 2613 2793 2881 2612 
11950 2612 2792 2793 2881 
11951 2793 2613 2881 2882 
11952 2614 2794 2882 2613 
11953 2613 2793 2794 2882 
11954 2794 2614 2882 1782 
11955 1715 1760 1782 2614 
11956 2614 2794 1760 1782 
11957 170 169 719 2875 
11958 1486 1490 2875 170 
11959 1486 170 2875 169 
11960 1490 1486 2875 2876 
11961 1487 1491 2876 1490 
11962 1487 1490 2876 1486 
11963 1491 1487 2876 2877 
11964 1488 1492 2877 1491 
11965 1488 1491 2877 1487 
11966 1492 1488 2877 2878 
11967 1489 1493 2878 1492 
11968 1489 1492 2878 1488 
11969 1493 1489 2878 1781 
11970 384 385 1781 1493 
11971 384 1493 1781 1489 
11972 168 167 722 2887 
11973 1478 1482 2887 168 
11974 1478 168 2887 167 
11975 1482 1478 2887 2888 
11976 1479 1483 2888 1482 
11977 1479 1482 2888 1478 
11978 1483 1479 2888 2889 
11979 1480 1484 2889 1483 
11980 1480 1483 2889 1479 
11981 1484 1480 2889 2890 
11982 1481 1485 2890 1484 
11983 1481 1484 2890 1480 
11984 1485 1481 2890 1784 
11985 382 383 1784 1485 
11986 382 1485 1784 1481 
11987 214 14 723 2891 
11988 451 1666 2891 214 
11989 451 214 2891 14 
11990 1666 451 2891 2892 
11991 452 1667 2892 1666 
11992 452 1666 2892 451 
11993 1667 452 2892 2893 
11994 453 1668 2893 1667 
11995 453 1667 2893 452 
11996 1668 453 2893 2894 
11997 454 1669 2894 1668 
11998 454 1668 2894 453 
11999 1669 454 2894 1785 
12000 26 429 1785 1669 
12001 26 1669 1785 454 
12002 717 215 721 2883 
12003 1670 2867 2883 215 
12004 215 717 2867 2883 
12005 2867 1670 2883 2884 
12006 1671 2868 2884 1670 
12007 1670 2867 2868 2884 
12008 2868 1671 2884 2885 
12009 1672 2869 2885 1671 
12010 1671 2868 2869 2885 
12011 2869 1672 2885 2886 
12012 1673 2870 2886 1672 
12013 1672 2869 2870 2886 
12014 2870 1673 2886 1783 
12015 430 1779 1783 1673 
12016 1673 2870 1779 1783 
12017 189 702 747 2987 
12018 2807 1566 2987 189 
12019 2807 189 2987 702 
12020 1566 2807 2987 2988 
12021 2808 1567 2988 1566 
12022 2808 1566 2988 2807 
12023 1567 2808 2988 2989 
12024 2809 1568 2989 1567 
12025 2809 1567 2989 2808 
12026 1568 2809 2989 2990 
12027 2810 1569 2990 1568 
12028 2810 1568 2990 2809 
12029 1569 2810 2990 1809 
12030 1764 404 1809 1569 
12031 1764 1569 1809 2810 
12032 628 190 747 2987 
12033 1570 2511 2987 190 
12034 190 628 2511 2987 
12035 2511 1570 2987 2988 
12036 1571 2512 2988 1570 
12037 1570 2511 2512 2988 
12038 2512 1571 2988 2989 
12039 1572 2513 2989 1571 
12040 1571 2512 2513 2989 
12041 2513 1572 2989 2990 
12042 1573 2514 2990 1572 
12043 1572 2513 2514 2990 
12044 2514 1573 2990 1809 
12045 405 1690 1809 1573 
12046 1573 2514 1690 1809 
12047 191 628 746 2983 
12048 2511 1574 2983 191 
12049 2511 191 2983 628 
12050 1574 2511 2983 2984 
12051 2512 1575 2984 1574 
12052 2512 1574 2984 2511 
12053 1575 2512 2984 2985 
12054 2513 1576 2985 1575 
12055 2513 1575 2985 2512 
12056 1576 2513 2985 2986 
12057 2514 1577 2986 1576 
12058 2514 1576 2986 2513 
12059 1577 2514 2986 1808 
12060 1690 406 1808 1577 
12061 1690 1577 1808 2514 
12062 721 214 723 2891 
12063 1666 2883 2891 214 
12064 214 721 2883 2891 
12065 2883 1666 2891 2892 
12066 1667 2884 2892 1666 
12067 1666 2883 2884 2892 
12068 2884 1667 2892 2893 
12069 1668 2885 2893 1667 
12070 1667 2884 2885 2893 
12071 2885 1668 2893 2894 
12072 1669 2886 2894 1668 
12073 1668 2885 2886 2894 
12074 2886 1669 2894 1785 
12075 429 1783 1785 1669 
12076 1669 2886 1783 1785 
12077 708 138 748 1362 
12078 1362 2831 2991 708 
12079 1362 708 2991 748 
12080 2831 1362 2991 1363 
12081 1363 2832 2992 2831 
12082 1363 2831 2992 2991 
12083 2832 1363 2992 1364 
12084 1364 2833 2993 2832 
12085 1364 2832 2993 2992 
12086 2833 1364 2993 1365 
12087 1365 2834 2994 2833 
12088 1365 2833 2994 2993 
12089 2834 1365 2994 353 
12090 353 1770 1810 2834 
12091 353 2834 1810 2994 
12092 10 146 750 2999 
12093 1394 435 2999 10 
12094 1394 10 2999 146 
12095 435 1394 2999 3000 
12096 1395 436 3000 435 
12097 1395 435 3000 1394 
12098 436 1395 3000 3001 
12099 1396 437 3001 436 
12100 1396 436 3001 1395 
12101 437 1396 3001 3002 
12102 1397 438 3002 437 
12103 1397 437 3002 1396 
12104 438 1397 3002 1812 
12105 361 22 1812 438 
12106 361 438 1812 1397 
12107 147 10 750 2999 
12108 435 1398 2999 147 
12109 435 147 2999 10 
12110 1398 435 2999 3000 
12111 436 1399 3000 1398 
12112 436 1398 3000 435 
12113 1399 436 3000 3001 
12114 437 1400 3001 1399 
12115 437 1399 3001 436 
12116 1400 437 3001 3002 
12117 438 1401 3002 1400 
12118 438 1400 3002 437 
12119 1401 438 3002 1812 
12120 22 362 1812 1401 
12121 22 1401 1812 438 
12122 11 658 749 2995 
12123 2631 439 2995 11 
12124 2631 11 2995 658 
12125 439 2631 2995 2996 
12126 2632 440 2996 439 
12127 2632 439 2996 2631 
12128 440 2632 2996 2997 
12129 2633 441 2997 440 
12130 2633 440 2997 2632 
12131 441 2633 2997 2998 
12132 2634 442 2998 441 
12133 2634 441 2998 2633 
12134 442 2634 2998 1811 
12135 1720 23 1811 442 
12136 1720 442 1811 2634 
12137 166 11 749 2995 
12138 439 1474 2995 166 
12139 439 166 2995 11 
12140 1474 439 2995 2996 
12141 440 1475 2996 1474 
12142 440 1474 2996 439 
12143 1475 440 2996 2997 
12144 441 1476 2997 1475 
12145 441 1475 2997 440 
12146 1476 441 2997 2998 
12147 442 1477 2998 1476 
12148 442 1476 2998 441 
12149 1477 442 2998 1811 
12150 23 381 1811 1477 
12151 23 1477 1811 442 
12152 175 12 755 3019 
12153 443 1510 3019 175 
12154 443 175 3019 12 
12155 1510 443 3019 3020 
12156 444 1511 3020 1510 
12157 444 1510 3020 443 
12158 1511 444 3020 3021 
12159 445 1512 3021 1511 
12160 445 1511 3021 444 
12161 1512 445 3021 3022 
12162 446 1513 3022 1512 
12163 446 1512 3022 445 
12164 1513 446 3022 1817 
12165 24 390 1817 1513 
12166 24 1513 1817 446 
12167 193 13 751 3003 
12168 447 1582 3003 193 
12169 447 193 3003 13 
12170 1582 447 3003 3004 
12171 448 1583 3004 1582 
12172 448 1582 3004 447 
12173 1583 448 3004 3005 
12174 449 1584 3005 1583 
12175 449 1583 3005 448 
12176 1584 449 3005 3006 
12177 450 1585 3006 1584 
12178 450 1584 3006 449 
12179 1585 450 3006 1813 
12180 25 408 1813 1585 
12181 25 1585 1813 450 
12182 5 82 752 3007 
12183 977 341 3007 82 
12184 82 5 341 3007 
12185 341 977 3007 3008 
12186 978 342 3008 977 
12187 977 341 342 3008 
12188 342 978 3008 3009 
12189 979 343 3009 978 
12190 978 342 343 3009 
12191 343 979 3009 3010 
12192 980 344 3010 979 
12193 979 343 344 3010 
12194 344 980 3010 1814 
12195 276 19 1814 980 
12196 980 344 19 1814 
12197 13 192 751 3003 
12198 1578 447 3003 13 
12199 1578 13 3003 192 
12200 447 1578 3003 3004 
12201 1579 448 3004 447 
12202 1579 447 3004 1578 
12203 448 1579 3004 3005 
12204 1580 449 3005 448 
12205 1580 448 3005 1579 
12206 449 1580 3005 3006 
12207 1581 450 3006 449 
12208 1581 449 3006 1580 
12209 450 1581 3006 1813 
12210 407 25 1813 450 
12211 407 450 1813 1581 
12212 196 195 724 2895 
12213 1590 1594 2895 196 
12214 1590 196 2895 195 
12215 1594 1590 2895 2896 
12216 1591 1595 2896 1594 
12217 1591 1594 2896 1590 
12218 1595 1591 2896 2897 
12219 1592 1596 2897 1595 
12220 1592 1595 2897 1591 
12221 1596 1592 2897 2898 
12222 1593 1597 2898 1596 
12223 1593 1596 2898 1592 
12224 1597 1593 2898 1786 
12225 410 411 1786 1597 
12226 410 1597 1786 1593 
12227 668 657 725 2899 
12228 2627 2671 2899 657 
12229 657 668 2671 2899 
12230 2671 2627 2899 2900 
12231 2628 2672 2900 2627 
12232 2627 2671 2672 2900 
12233 2672 2628 2900 2901 
12234 2629 2673 2901 2628 
12235 2628 2672 2673 2901 
12236 2673 2629 2901 2902 
12237 2630 2674 2902 2629 
12238 2629 2673 2674 2902 
12239 2674 2630 2902 1787 
12240 1719 1730 1787 2630 
12241 2630 2674 1730 1787 
12242 656 671 726 2903 
12243 2683 2623 2903 656 
12244 2683 656 2903 671 
12245 2623 2683 2903 2904 
12246 2684 2624 2904 2623 
12247 2684 2623 2904 2683 
12248 2624 2684 2904 2905 
12249 2685 2625 2905 2624 
12250 2685 2624 2905 2684 
12251 2625 2685 2905 2906 
12252 2686 2626 2906 2625 
12253 2686 2625 2906 2685 
12254 2626 2686 2906 1788 
12255 1733 1718 1788 2626 
12256 1733 2626 1788 2686 
12257 654 699 727 2907 
12258 2795 2615 2907 654 
12259 2795 654 2907 699 
12260 2615 2795 2907 2908 
12261 2796 2616 2908 2615 
12262 2796 2615 2908 2795 
12263 2616 2796 2908 2909 
12264 2797 2617 2909 2616 
12265 2797 2616 2909 2796 
12266 2617 2797 2909 2910 
12267 2798 2618 2910 2617 
12268 2798 2617 2910 2797 
12269 2618 2798 2910 1789 
12270 1761 1716 1789 2618 
12271 1761 2618 1789 2798 
12272 682 655 728 2911 
12273 2619 2727 2911 655 
12274 655 682 2727 2911 
12275 2727 2619 2911 2912 
12276 2620 2728 2912 2619 
12277 2619 2727 2728 2912 
12278 2728 2620 2912 2913 
12279 2621 2729 2913 2620 
12280 2620 2728 2729 2913 
12281 2729 2621 2913 2914 
12282 2622 2730 2914 2621 
12283 2621 2729 2730 2914 
12284 2730 2622 2914 1790 
12285 1717 1744 1790 2622 
12286 2622 2730 1744 1790 
12287 651 716 754 3015 
12288 2863 2603 3015 651 
12289 2863 651 3015 716 
12290 2603 2863 3015 3016 
12291 2864 2604 3016 2603 
12292 2864 2603 3016 2863 
12293 2604 2864 3016 3017 
12294 2865 2605 3017 2604 
12295 2865 2604 3017 2864 
12296 2605 2865 3017 3018 
12297 2866 2606 3018 2605 
12298 2866 2605 3018 2865 
12299 2606 2866 3018 1816 
12300 1778 1713 1816 2606 
12301 1778 2606 1816 2866 
12302 636 715 727 2907 
12303 2859 2543 2907 636 
12304 2859 636 2907 715 
12305 2543 2859 2907 2908 
12306 2860 2544 2908 2543 
12307 2860 2543 2908 2859 
12308 2544 2860 2908 2909 
12309 2861 2545 2909 2544 
12310 2861 2544 2909 2860 
12311 2545 2861 2909 2910 
12312 2862 2546 2910 2545 
12313 2862 2545 2910 2861 
12314 2546 2862 2910 1789 
12315 1777 1698 1789 2546 
12316 1777 2546 1789 2862 
12317 172 5 752 3007 
12318 341 1498 3007 172 
12319 341 172 3007 5 
12320 1498 341 3007 3008 
12321 342 1499 3008 1498 
12322 342 1498 3008 341 
12323 1499 342 3008 3009 
12324 343 1500 3009 1499 
12325 343 1499 3009 342 
12326 1500 343 3009 3010 
12327 344 1501 3010 1500 
12328 344 1500 3010 343 
12329 1501 344 3010 1814 
12330 19 387 1814 1501 
12331 19 1501 1814 344 
12332 194 193 729 2915 
12333 1582 1586 2915 194 
12334 1582 194 2915 193 
12335 1586 1582 2915 2916 
12336 1583 1587 2916 1586 
12337 1583 1586 2916 1582 
12338 1587 1583 2916 2917 
12339 1584 1588 2917 1587 
12340 1584 1587 2917 1583 
12341 1588 1584 2917 2918 
12342 1585 1589 2918 1588 
12343 1585 1588 2918 1584 
12344 1589 1585 2918 1791 
12345 408 409 1791 1589 
12346 408 1589 1791 1585 
12347 690 659 732 2927 
12348 2635 2759 2927 659 
12349 659 690 2759 2927 
12350 2759 2635 2927 2928 
12351 2636 2760 2928 2635 
12352 2635 2759 2760 2928 
12353 2760 2636 2928 2929 
12354 2637 2761 2929 2636 
12355 2636 2760 2761 2929 
12356 2761 2637 2929 2930 
12357 2638 2762 2930 2637 
12358 2637 2761 2762 2930 
12359 2762 2638 2930 1794 
12360 1721 1752 1794 2638 
12361 2638 2762 1752 1794 
12362 689 663 738 2951 
12363 2651 2755 2951 663 
12364 663 689 2755 2951 
12365 2755 2651 2951 2952 
12366 2652 2756 2952 2651 
12367 2651 2755 2756 2952 
12368 2756 2652 2952 2953 
12369 2653 2757 2953 2652 
12370 2652 2756 2757 2953 
12371 2757 2653 2953 2954 
12372 2654 2758 2954 2653 
12373 2653 2757 2758 2954 
12374 2758 2654 2954 1800 
12375 1725 1751 1800 2654 
12376 2654 2758 1751 1800 
12377 213 212 730 2919 
12378 1658 1662 2919 213 
12379 1658 213 2919 212 
12380 1662 1658 2919 2920 
12381 1659 1663 2920 1662 
12382 1659 1662 2920 1658 
12383 1663 1659 2920 2921 
12384 1660 1664 2921 1663 
12385 1660 1663 2921 1659 
12386 1664 1660 2921 2922 
12387 1661 1665 2922 1664 
12388 1661 1664 2922 1660 
12389 1665 1661 2922 1792 
12390 427 428 1792 1665 
12391 427 1665 1792 1661 
12392 694 660 733 2931 
12393 2639 2775 2931 660 
12394 660 694 2775 2931 
12395 2775 2639 2931 2932 
12396 2640 2776 2932 2639 
12397 2639 2775 2776 2932 
12398 2776 2640 2932 2933 
12399 2641 2777 2933 2640 
12400 2640 2776 2777 2933 
12401 2777 2641 2933 2934 
12402 2642 2778 2934 2641 
12403 2641 2777 2778 2934 
12404 2778 2642 2934 1795 
12405 1722 1756 1795 2642 
12406 2642 2778 1756 1795 
12407 198 197 731 2923 
12408 1598 1602 2923 198 
12409 1598 198 2923 197 
12410 1602 1598 2923 2924 
12411 1599 1603 2924 1602 
12412 1599 1602 2924 1598 
12413 1603 1599 2924 2925 
12414 1600 1604 2925 1603 
12415 1600 1603 2925 1599 
12416 1604 1600 2925 2926 
12417 1601 1605 2926 1604 
12418 1601 1604 2926 1600 
12419 1605 1601 2926 1793 
12420 412 413 1793 1605 
12421 412 1605 1793 1601 
12422 696 661 735 2939 
12423 2643 2783 2939 661 
12424 661 696 2783 2939 
12425 2783 2643 2939 2940 
12426 2644 2784 2940 2643 
12427 2643 2783 2784 2940 
12428 2784 2644 2940 2941 
12429 2645 2785 2941 2644 
12430 2644 2784 2785 2941 
12431 2785 2645 2941 2942 
12432 2646 2786 2942 2645 
12433 2645 2785 2786 2942 
12434 2786 2646 2942 1797 
12435 1723 1758 1797 2646 
12436 2646 2786 1758 1797 
12437 662 692 736 2943 
12438 2767 2647 2943 662 
12439 2767 662 2943 692 
12440 2647 2767 2943 2944 
12441 2768 2648 2944 2647 
12442 2768 2647 2944 2767 
12443 2648 2768 2944 2945 
12444 2769 2649 2945 2648 
12445 2769 2648 2945 2768 
12446 2649 2769 2945 2946 
12447 2770 2650 2946 2649 
12448 2770 2649 2946 2769 
12449 2650 2770 2946 1798 
12450 1754 1724 1798 2650 
12451 1754 2650 1798 2770 
12452 665 686 739 2955 
12453 2743 2659 2955 665 
12454 2743 665 2955 686 
12455 2659 2743 2955 2956 
12456 2744 2660 2956 2659 
12457 2744 2659 2956 2743 
12458 2660 2744 2956 2957 
12459 2745 2661 2957 2660 
12460 2745 2660 2957 2744 
12461 2661 2745 2957 2958 
12462 2746 2662 2958 2661 
12463 2746 2661 2958 2745 
12464 2662 2746 2958 1801 
12465 1748 1727 1801 2662 
12466 1748 2662 1801 2746 
12467 211 210 734 2935 
12468 1650 1654 2935 211 
12469 1650 211 2935 210 
12470 1654 1650 2935 2936 
12471 1651 1655 2936 1654 
12472 1651 1654 2936 1650 
12473 1655 1651 2936 2937 
12474 1652 1656 2937 1655 
12475 1652 1655 2937 1651 
12476 1656 1652 2937 2938 
12477 1653 1657 2938 1656 
12478 1653 1656 2938 1652 
12479 1657 1653 2938 1796 
12480 425 426 1796 1657 
12481 425 1657 1796 1653 
12482 664 684 740 2959 
12483 2735 2655 2959 664 
12484 2735 664 2959 684 
12485 2655 2735 2959 2960 
12486 2736 2656 2960 2655 
12487 2736 2655 2960 2735 
12488 2656 2736 2960 2961 
12489 2737 2657 2961 2656 
12490 2737 2656 2961 2736 
12491 2657 2737 2961 2962 
12492 2738 2658 2962 2657 
12493 2738 2657 2962 2737 
12494 2658 2738 2962 1802 
12495 1746 1726 1802 2658 
12496 1746 2658 1802 2738 
12497 209 208 737 2947 
12498 1642 1646 2947 209 
12499 1642 209 2947 208 
12500 1646 1642 2947 2948 
12501 1643 1647 2948 1646 
12502 1643 1646 2948 1642 
12503 1647 1643 2948 2949 
12504 1644 1648 2949 1647 
12505 1644 1647 2949 1643 
12506 1648 1644 2949 2950 
12507 1645 1649 2950 1648 
12508 1645 1648 2950 1644 
12509 1649 1645 2950 1799 
12510 423 424 1799 1649 
12511 423 1649 1799 1645 
12512 207 206 741 2963 
12513 1634 1638 2963 207 
12514 1634 207 2963 206 
12515 1638 1634 2963 2964 
12516 1635 1639 2964 1638 
12517 1635 1638 2964 1634 
12518 1639 1635 2964 2965 
12519 1636 1640 2965 1639 
12520 1636 1639 2965 1635 
12521 1640 1636 2965 2966 
12522 1637 1641 2966 1640 
12523 1637 1640 2966 1636 
12524 1641 1637 2966 1803 
12525 421 422 1803 1641 
12526 421 1641 1803 1637 
12527 200 199 742 2967 
12528 1606 1610 2967 200 
12529 1606 200 2967 199 
12530 1610 1606 2967 2968 
12531 1607 1611 2968 1610 
12532 1607 1610 2968 1606 
12533 1611 1607 2968 2969 
12534 1608 1612 2969 1611 
12535 1608 1611 2969 1607 
12536 1612 1608 2969 2970 
12537 1609 1613 2970 1612 
12538 1609 1612 2970 1608 
12539 1613 1609 2970 1804 
12540 414 415 1804 1613 
12541 414 1613 1804 1609 
12542 202 201 743 2971 
12543 1614 1618 2971 202 
12544 1614 202 2971 201 
12545 1618 1614 2971 2972 
12546 1615 1619 2972 1618 
12547 1615 1618 2972 1614 
12548 1619 1615 2972 2973 
12549 1616 1620 2973 1619 
12550 1616 1619 2973 1615 
12551 1620 1616 2973 2974 
12552 1617 1621 2974 1620 
12553 1617 1620 2974 1616 
12554 1621 1617 2974 1805 
12555 416 417 1805 1621 
12556 416 1621 1805 1617 
12557 204 203 744 2975 
12558 1622 1626 2975 204 
12559 1622 204 2975 203 
12560 1626 1622 2975 2976 
12561 1623 1627 2976 1626 
12562 1623 1626 2976 1622 
12563 1627 1623 2976 2977 
12564 1624 1628 2977 1627 
12565 1624 1627 2977 1623 
12566 1628 1624 2977 2978 
12567 1625 1629 2978 1628 
12568 1625 1628 2978 1624 
12569 1629 1625 2978 1806 
12570 418 419 1806 1629 
12571 418 1629 1806 1625 
12572 205 204 745 2979 
12573 1626 1630 2979 205 
12574 1626 205 2979 204 
12575 1630 1626 2979 2980 
12576 1627 1631 2980 1630 
12577 1627 1630 2980 1626 
12578 1631 1627 2980 2981 
12579 1628 1632 2981 1631 
12580 1628 1631 2981 1627 
12581 1632 1628 2981 2982 
12582 1629 1633 2982 1632 
12583 1629 1632 2982 1628 
12584 1633 1629 2982 1807 
12585 419 420 1807 1633 
12586 419 1633 1807 1629 
12587 14 666 753 3011 
12588 2663 451 3011 14 
12589 2663 14 3011 666 
12590 451 2663 3011 3012 
12591 2664 452 3012 451 
12592 2664 451 3012 2663 
12593 452 2664 3012 3013 
12594 2665 453 3013 452 
12595 2665 452 3013 2664 
12596 453 2665 3013 3014 
12597 2666 454 3014 453 
12598 2666 453 3014 2665 
12599 454 2666 3014 1815 
12600 1728 26 1815 454 
12601 1728 454 1815 2666 
12602 204 744 745 2979 
12603 2975 1626 2979 204 
12604 2975 204 2979 744 
12605 1626 2975 2979 2980 
12606 2976 1627 2980 1626 
12607 2976 1626 2980 2975 
12608 1627 2976 2980 2981 
12609 2977 1628 2981 1627 
12610 2977 1627 2981 2976 
12611 1628 2977 2981 2982 
12612 2978 1629 2982 1628 
12613 2978 1628 2982 2977 
12614 1629 2978 2982 1807 
12615 1806 419 1807 1629 
12616 1806 1629 1807 2978 
12617 12 174 755 3019 
12618 1506 443 3019 12 
12619 1506 12 3019 174 
12620 443 1506 3019 3020 
12621 1507 444 3020 443 
12622 1507 443 3020 1506 
12623 444 1507 3020 3021 
12624 1508 445 3021 444 
12625 1508 444 3021 1507 
12626 445 1508 3021 3022 
12627 1509 446 3022 445 
12628 1509 445 3022 1508 
12629 446 1509 3022 1817 
12630 389 24 1817 446 
12631 389 446 1817 1509 
12632 146 712 750 2999 
12633 2847 1394 2999 146 
12634 2847 146 2999 712 
12635 1394 2847 2999 3000 
12636 2848 1395 3000 1394 
12637 2848 1394 3000 2847 
12638 1395 2848 3000 3001 
12639 2849 1396 3001 1395 
12640 2849 1395 3001 2848 
12641 1396 2849 3001 3002 
12642 2850 1397 3002 1396 
12643 2850 1396 3002 2849 
12644 1397 2850 3002 1812 
12645 1774 361 1812 1397 
12646 1774 1397 1812 2850 
12647 82 716 752 3007 
12648 2863 977 3007 82 
12649 2863 82 3007 716 
12650 977 2863 3007 3008 
12651 2864 978 3008 977 
12652 2864 977 3008 2863 
12653 978 2864 3008 3009 
12654 2865 979 3009 978 
12655 2865 978 3009 2864 
12656 979 2865 3009 3010 
12657 2866 980 3010 979 
12658 2866 979 3010 2865 
12659 980 2866 3010 1814 
12660 1778 276 1814 980 
12661 1778 980 1814 2866 
12662 716 651 752 3007 
12663 2603 2863 3007 651 
12664 651 716 2863 3007 
12665 2863 2603 3007 3008 
12666 2604 2864 3008 2603 
12667 2603 2863 2864 3008 
12668 2864 2604 3008 3009 
12669 2605 2865 3009 2604 
12670 2604 2864 2865 3009 
12671 2865 2605 3009 3010 
12672 2606 2866 3010 2605 
12673 2605 2865 2866 3010 
12674 2866 2606 3010 1814 
12675 1713 1778 1814 2606 
12676 2606 2866 1778 1814 
12677 723 14 753 3011 
12678 451 2891 3011 14 
12679 14 723 2891 3011 
12680 2891 451 3011 3012 
12681 452 2892 3012 451 
12682 451 2891 2892 3012 
12683 2892 452 3012 3013 
12684 453 2893 3013 452 
12685 452 2892 2893 3013 
12686 2893 453 3013 3014 
12687 454 2894 3014 453 
12688 453 2893 2894 3014 
12689 2894 454 3014 1815 
12690 26 1785 1815 454 
12691 454 2894 1785 1815 
12692 647 175 755 3019 
12693 1510 2587 3019 175 
12694 175 647 2587 3019 
12695 2587 1510 3019 3020 
12696 1511 2588 3020 1510 
12697 1510 2587 2588 3020 
12698 2588 1511 3020 3021 
12699 1512 2589 3021 1511 
12700 1511 2588 2589 3021 
12701 2589 1512 3021 3022 
12702 1513 2590 3022 1512 
12703 1512 2589 2590 3022 
12704 2590 1513 3022 1817 
12705 390 1709 1817 1513 
12706 1513 2590 1709 1817 
12707 679 647 754 3015 
12708 2587 2715 3015 647 
12709 647 679 2715 3015 
12710 2715 2587 3015 3016 
12711 2588 2716 3016 2587 
12712 2587 2715 2716 3016 
12713 2716 2588 3016 3017 
12714 2589 2717 3017 2588 
12715 2588 2716 2717 3017 
12716 2717 2589 3017 3018 
12717 2590 2718 3018 2589 
12718 2589 2717 2718 3018 
12719 2718 2590 3018 1816 
12720 1709 1741 1816 2590 
12721 2590 2718 1741 1816 
12722 192 191 746 2983 
12723 1574 1578 2983 192 
12724 1574 192 2983 191 
12725 1578 1574 2983 2984 
12726 1575 1579 2984 1578 
12727 1575 1578 2984 1574 
12728 1579 1575 2984 2985 
12729 1576 1580 2985 1579 
12730 1576 1579 2985 1575 
12731 1580 1576 2985 2986 
12732 1577 1581 2986 1580 
12733 1577 1580 2986 1576 
12734 1581 1577 2986 1808 
12735 406 407 1808 1581 
12736 406 1581 1808 1577 
12737 190 189 747 2987 
12738 1566 1570 2987 190 
12739 1566 190 2987 189 
12740 1570 1566 2987 2988 
12741 1567 1571 2988 1570 
12742 1567 1570 2988 1566 
12743 1571 1567 2988 2989 
12744 1568 1572 2989 1571 
12745 1568 1571 2989 1567 
12746 1572 1568 2989 2990 
12747 1569 1573 2990 1572 
12748 1569 1572 2990 1568 
12749 1573 1569 2990 1809 
12750 404 405 1809 1573 
12751 404 1573 1809 1569 
12752 712 655 750 2999 
12753 2619 2847 2999 655 
12754 655 712 2847 2999 
12755 2847 2619 2999 3000 
12756 2620 2848 3000 2619 
12757 2619 2847 2848 3000 
12758 2848 2620 3000 3001 
12759 2621 2849 3001 2620 
12760 2620 2848 2849 3001 
12761 2849 2621 3001 3002 
12762 2622 2850 3002 2621 
12763 2621 2849 2850 3002 
12764 2850 2622 3002 1812 
12765 1717 1774 1812 2622 
12766 2622 2850 1774 1812 
12767 655 147 750 2999 
12768 1398 2619 2999 147 
12769 147 655 2619 2999 
12770 2619 1398 2999 3000 
12771 1399 2620 3000 1398 
12772 1398 2619 2620 3000 
12773 2620 1399 3000 3001 
12774 1400 2621 3001 1399 
12775 1399 2620 2621 3001 
12776 2621 1400 3001 3002 
12777 1401 2622 3002 1400 
12778 1400 2621 2622 3002 
12779 2622 1401 3002 1812 
12780 362 1717 1812 1401 
12781 1401 2622 1717 1812 
12782 636 166 749 2995 
12783 1474 2543 2995 166 
12784 166 636 2543 2995 
12785 2543 1474 2995 2996 
12786 1475 2544 2996 1474 
12787 1474 2543 2544 2996 
12788 2544 1475 2996 2997 
12789 1476 2545 2997 1475 
12790 1475 2544 2545 2997 
12791 2545 1476 2997 2998 
12792 1477 2546 2998 1476 
12793 1476 2545 2546 2998 
12794 2546 1477 2998 1811 
12795 381 1698 1811 1477 
12796 1477 2546 1698 1811 
12797 219 708 748 2991 
12798 2831 1686 2991 219 
12799 2831 219 2991 708 
12800 1686 2831 2991 2992 
12801 2832 1687 2992 1686 
12802 2832 1686 2992 2831 
12803 1687 2832 2992 2993 
12804 2833 1688 2993 1687 
12805 2833 1687 2993 2832 
12806 1688 2833 2993 2994 
12807 2834 1689 2994 1688 
12808 2834 1688 2994 2833 
12809 1689 2834 2994 1810 
12810 1770 434 1810 1689 
12811 1770 1689 1810 2834 
12812 705 647 755 3019 
12813 2587 2819 3019 705 
12814 2587 705 3019 647 
12815 2819 2587 3019 3020 
12816 2588 2820 3020 2819 
12817 2588 2819 3020 2587 
12818 2820 2588 3020 3021 
12819 2589 2821 3021 2820 
12820 2589 2820 3021 2588 
12821 2821 2589 3021 3022 
12822 2590 2822 3022 2821 
12823 2590 2821 3022 2589 
12824 2822 2590 3022 1817 
12825 1709 1767 1817 2822 
12826 1709 2822 1817 2590 
12827 647 705 754 3015 
12828 2819 2587 3015 705 
12829 705 647 2587 3015 
12830 2587 2819 3015 3016 
12831 2820 2588 3016 2819 
12832 2819 2587 2588 3016 
12833 2588 2820 3016 3017 
12834 2821 2589 3017 2820 
12835 2820 2588 2589 3017 
12836 2589 2821 3017 3018 
12837 2822 2590 3018 2821 
12838 2821 2589 2590 3018 
12839 2590 2822 3018 1816 
12840 1767 1709 1816 2822 
12841 2822 2590 1709 1816 
12842 715 636 749 2995 
12843 2543 2859 2995 636 
12844 636 715 2859 2995 
12845 2859 2543 2995 2996 
12846 2544 2860 2996 2543 
12847 2543 2859 2860 2996 
12848 2860 2544 2996 2997 
12849 2545 2861 2997 2544 
12850 2544 2860 2861 2997 
12851 2861 2545 2997 2998 
12852 2546 2862 2998 2545 
12853 2545 2861 2862 2998 
12854 2862 2546 2998 1811 
12855 1698 1777 1811 2546 
12856 2546 2862 1777 1811 
12857 658 715 749 2995 
12858 2859 2631 2995 658 
12859 2859 658 2995 715 
12860 2631 2859 2995 2996 
12861 2860 2632 2996 2631 
12862 2860 2631 2996 2859 
12863 2632 2860 2996 2997 
12864 2861 2633 2997 2632 
12865 2861 2632 2997 2860 
12866 2633 2861 2997 2998 
12867 2862 2634 2998 2633 
12868 2862 2633 2998 2861 
12869 2634 2862 2998 1811 
12870 1777 1720 1811 2634 
12871 1777 2634 1811 2862 
12872 651 172 752 3007 
12873 1498 2603 3007 172 
12874 172 651 2603 3007 
12875 2603 1498 3007 3008 
12876 1499 2604 3008 1498 
12877 1498 2603 2604 3008 
12878 2604 1499 3008 3009 
12879 1500 2605 3009 1499 
12880 1499 2604 2605 3009 
12881 2605 1500 3009 3010 
12882 1501 2606 3010 1500 
12883 1500 2605 2606 3010 
12884 2606 1501 3010 1814 
12885 387 1713 1814 1501 
12886 1501 2606 1713 1814 
12887 9 220 756 3023 
12888 220 9 3024 3023 
12889 9 220 3024 3025 
12890 220 9 3026 3025 
12891 9 220 3026 1818 
12892 174 705 755 3019 
12893 2819 1506 3019 174 
12894 2819 174 3019 705 
12895 1506 2819 3019 3020 
12896 2820 1507 3020 1506 
12897 2820 1506 3020 2819 
12898 1507 2820 3020 3021 
12899 2821 1508 3021 1507 
12900 2821 1507 3021 2820 
12901 1508 2821 3021 3022 
12902 2822 1509 3022 1508 
12903 2822 1508 3022 2821 
12904 1509 2822 3022 1817 
12905 1767 389 1817 1509 
12906 1767 1509 1817 2822 
12907 705 651 754 3015 
12908 2603 2819 3015 651 
12909 651 705 2819 3015 
12910 2819 2603 3015 3016 
12911 2604 2820 3016 2603 
12912 2603 2819 2820 3016 
12913 2820 2604 3016 3017 
12914 2605 2821 3017 2604 
12915 2604 2820 2821 3017 
12916 2821 2605 3017 3018 
12917 2606 2822 3018 2605 
12918 2605 2821 2822 3018 
12919 2822 2606 3018 1816 
12920 1713 1767 1816 2606 
12921 2606 2822 1767 1816 
12922 729 193 751 3003 
12923 1582 2915 3003 193 
12924 193 729 2915 3003 
12925 2915 1582 3003 3004 
12926 1583 2916 3004 1582 
12927 1582 2915 2916 3004 
12928 2916 1583 3004 3005 
12929 1584 2917 3005 1583 
12930 1583 2916 2917 3005 
12931 2917 1584 3005 3006 
12932 1585 2918 3006 1584 
12933 1584 2917 2918 3006 
12934 2918 1585 3006 1813 
12935 408 1791 1813 1585 
12936 1585 2918 1791 1813 
12937 192 746 751 3003 
12938 2983 1578 3003 192 
12939 2983 192 3003 746 
12940 1578 2983 3003 3004 
12941 2984 1579 3004 1578 
12942 2984 1578 3004 2983 
12943 1579 2984 3004 3005 
12944 2985 1580 3005 1579 
12945 2985 1579 3005 2984 
12946 1580 2985 3005 3006 
12947 2986 1581 3006 1580 
12948 2986 1580 3006 2985 
12949 1581 2986 3006 1813 
12950 1808 407 1813 1581 
12951 1808 1581 1813 2986 
12952 220 748 756 3023 
12953 2991 220 3023 748 
12954 2992 220 3024 2991 
12955 2991 3023 220 3024 
12956 220 2992 3024 3025 
12957 2993 220 3025 2992 
12958 2994 220 3026 2993 
12959 2993 3025 220 3026 
12960 220 2994 3026 1818 
12961 1810 220 1818 2994 
$EndElements
